y_true,y_pred
3.0,4.4265
7.0,6.3094573
6.0,5.487207
9.0,5.7304688
3.2,8.499283
4.2,2.0304394
12.5,16.401844
8.0,4.6147776
4.0,3.5569584
3.0,3.2808685
2.0,2.6296532
5.0,2.805975
12.5,12.859463
12.0,9.361893
3.0,2.9836001
3.5,2.7077734
7.0,6.228738
7.0,4.3992205
1.2,0.814362
18.0,9.965867
0.02,2.549097
3.2,1.999453
3.5,3.426748
18.0,15.950466
7.0,4.8286443
12.5,12.788679
2.0,1.7555802
2.0,1.7350256
12.5,13.284025
12.5,10.415658
7.2,8.117208
12.5,5.3473988
12.0,8.308206
12.0,9.516116
5.2,5.9190903
1.2,3.680979
12.5,13.498005
12.0,4.362696
9.5,6.6818647
4.0,2.3215353
12.0,5.2231073
2.5,6.284916
12.5,9.088781
18.0,10.638196
3.0,0.1649138
3.0,1.9517335
15.0,12.108436
15.5,14.448891
8.5,13.686393
5.2,6.8770113
3.0,3.509799
3.0,3.1317568
3.0,2.6204946
12.5,8.543754
12.5,4.146771
12.0,7.312467
1.2,1.9282525
12.0,5.3004704
6.0,4.6920724
8.5,15.055309
15.0,6.536676
6.0,7.9337726
12.5,7.3732176
3.5,6.991204
3.5,6.466244
4.0,5.2433925
6.5,5.3697004
1.0,2.1519284
12.5,11.006167
2.5,3.7996793
3.0,4.007242
7.0,5.1058083
1.5,0.8886563
5.0,2.8719294
5.0,5.9869456
6.0,3.2467213
12.0,8.569803
2.5,3.7872183
12.5,6.938927
12.5,13.457731
15.0,9.784642
2.0,1.2783862
12.5,6.9819546
7.0,5.895456
3.2,4.687594
12.3,11.56144
15.2,7.0686584
4.5,5.0818563
3.0,2.7607589
12.5,11.489993
15.2,16.026432
7.0,5.4108214
15.0,7.165003
12.0,10.680666
12.0,6.8060846
5.0,3.3340082
3.0,2.2657251
8.5,13.277981
3.0,2.1909635
12.5,12.38319
5.0,7.8988585
2.5,1.381605
4.0,5.205589
1.2,1.5634902
0.0,-0.018047873
3.0,3.8854785
0.0,0.10073287
12.0,9.229989
12.0,7.716177
7.0,2.3433366
12.0,6.139989
3.0,2.4074836
12.0,8.6704445
4.5,5.068351
8.0,10.518397
15.2,9.567401
4.5,2.825524
5.0,3.249724
5.0,3.895256
8.5,8.398506
4.7,8.998306
4.5,4.8231916
12.5,8.467738
15.2,11.900899
6.0,4.9047565
8.0,5.225754
1.2,1.5230567
4.2,5.2375197
15.0,13.022373
2.0,4.3146014
12.0,6.2201796
12.0,8.602237
1.2,4.107033
1.5,1.2231897
4.5,4.2823315
5.0,2.62549
1.2,1.3682331
12.3,14.34008
2.0,0.37051415
4.0,4.6374745
15.2,17.82698
1.5,2.0523198
1.0,3.7934601
2.5,2.35732
6.0,2.2201982
12.0,14.197509
15.2,6.685226
2.5,1.3045882
4.0,2.2245574
12.5,4.8208337
7.5,4.4411416
5.0,4.22583
7.0,3.8213305
12.5,9.565118
7.0,4.0380588
4.0,0.9406271
12.0,6.791462
7.2,6.628847
6.0,5.964453
12.5,8.757715
7.5,5.0071845
5.0,4.1636677
10.5,11.066263
3.0,2.153569
15.2,10.498606
6.0,7.478118
18.5,12.228777
12.0,10.722556
12.0,6.918399
7.0,5.424341
3.0,5.341802
4.0,4.6363645
14.2,13.581331
3.5,3.1315343
18.5,14.214487
6.0,4.2426558
15.2,16.861624
0.05,3.992252
4.0,5.443015
12.0,8.370625
12.0,11.96661
3.0,5.3653407
8.0,10.635399
12.0,9.192309
7.2,14.43904
1.2,2.533926
4.5,7.0598955
3.0,2.852054
12.0,5.5333
3.0,2.0398903
12.0,8.876166
1.5,2.3289604
6.0,3.5180802
6.0,5.2334294
3.0,2.0674534
0.03,0.5401284
2.0,1.7006558
18.5,14.5694685
12.0,3.80703
5.0,4.373046
3.0,5.0865583
3.0,4.781325
8.5,9.372057
12.0,11.606758
15.2,9.7871065
4.0,2.314678
12.5,7.1402225
3.0,2.0440216
15.2,12.701064
12.5,12.913112
3.0,3.0957308
3.5,2.6797001
12.5,10.515385
15.0,5.7244787
2.0,0.25274852
12.0,6.237378
3.0,5.4517074
12.5,9.814557
3.0,2.1477005
3.5,4.700047
12.5,11.138481
6.0,4.054701
2.5,3.0925076
12.5,13.056452
0.05,0.104761675
7.0,4.5938563
4.5,4.560891
12.5,10.624283
1.5,0.9951428
2.0,1.420719
2.5,4.5689864
0.0,-0.03526837
12.0,5.500903
1.2,2.0521314
15.2,9.66569
6.0,5.7693133
12.5,10.797165
7.0,8.04423
7.0,3.7184618
5.0,5.065189
2.0,0.8949124
4.0,2.8515592
12.7,10.799318
2.0,1.7346743
3.0,3.0860808
12.5,11.618008
2.5,3.3632183
12.5,10.325135
7.0,6.561943
6.0,5.214445
5.0,3.8847513
2.0,3.3297591
12.0,5.5627847
12.5,8.903893
8.5,13.028462
12.5,3.718373
15.2,7.7151628
2.5,0.4430213
7.0,4.3760805
12.5,7.8699517
4.5,4.261023
6.2,9.098687
3.0,4.9038153
12.5,6.327857
3.0,4.0338936
25.0,12.455093
3.0,3.662833
8.2,7.5572143
4.5,5.194273
15.0,6.3709702
2.0,2.2465937
6.5,6.1895595
3.0,3.7113388
12.0,8.633215
4.0,3.0840356
15.2,13.267634
7.0,6.1352763
6.0,5.3791046
2.0,2.1428137
3.5,0.85255694
4.0,7.09552
12.0,6.3652754
4.2,2.409071
12.0,6.6423445
12.5,13.891147
3.0,3.5116844
2.5,3.6031702
18.0,15.372042
12.0,5.2261567
12.5,4.9823494
3.5,3.6399472
6.5,7.3314867
7.0,4.7260513
5.0,4.4046435
5.0,2.781358
3.0,1.1145077
12.0,7.2255044
12.0,5.983358
2.5,1.6432242
6.0,2.9315236
5.0,2.8709002
12.5,10.51114
12.0,7.0305448
12.5,4.833763
12.5,9.506919
12.3,10.730993
4.5,6.056396
3.0,3.4582407
1.5,3.2084956
4.0,5.3571115
6.0,4.0646014
2.5,3.5366955
3.0,3.4084127
12.5,8.727255
7.2,8.290534
5.0,3.9099169
2.0,1.5814862
1.5,1.0575979
12.0,5.1481276
7.8,12.1691065
4.0,2.2050707
5.0,3.4069157
3.0,3.2957509
12.5,7.733672
2.0,4.5279255
2.0,0.4230916
12.5,6.6849446
12.5,12.624301
12.5,10.421575
3.0,2.1828802
4.8,6.7298145
12.5,6.377016
3.2,10.519868
1.2,1.8974177
12.0,6.0183916
6.0,5.4878664
7.5,11.382784
4.0,4.8457537
3.0,5.5553355
15.2,8.144365
7.8,8.649965
15.2,10.855207
3.2,5.5305047
23.5,11.131643
6.5,7.9917045
3.2,5.2194123
7.5,12.125418
5.0,4.111875
12.5,9.236105
4.0,4.620054
12.5,7.622038
12.5,12.691273
12.0,11.1144495
5.0,5.007054
5.0,1.9924079
12.5,14.024469
3.2,1.8128611
7.2,10.5992565
2.0,2.6021757
15.2,13.111145
12.5,5.674667
1.2,1.1654912
12.5,12.786427
7.2,5.41725
4.5,10.025996
7.0,3.2713907
4.5,3.0143685
4.5,9.024761
14.8,23.467796
8.0,8.016868
12.0,9.477153
7.0,4.844514
5.2,5.897975
1.5,0.77231777
12.5,8.960436
12.5,7.383602
12.5,8.800437
12.5,5.8729796
8.0,9.16427
7.0,1.3142726
2.0,2.6634715
12.5,8.335106
3.5,1.9928409
7.0,2.2045302
4.0,5.205079
0.0,0.0038900636
7.0,3.459879
3.0,2.268904
12.5,6.3464456
3.0,0.71063775
2.0,1.1114196
7.0,4.1496134
4.0,3.1550117
12.0,12.417911
4.2,3.3069255
15.2,14.582133
5.0,2.5356574
4.0,4.0945816
3.0,3.2657266
3.5,3.3969247
5.0,6.327183
12.0,8.999269
7.0,6.5308156
5.0,3.6110072
4.5,3.9038057
3.5,3.2556016
7.0,5.9650254
18.5,14.978609
5.2,5.7962337
12.0,10.341405
7.0,9.951034
7.0,7.072211
4.5,7.012106
12.0,11.037218
5.0,1.1520326
1.2,0.8579822
12.0,5.6327944
5.2,8.203586
3.0,3.731418
2.0,1.5808606
1.2,5.325235
6.0,4.184984
12.5,13.674
7.5,8.293357
12.5,13.518894
12.5,10.653894
0.01,0.43860966
3.0,2.8921812
12.0,13.016695
7.0,7.1746335
12.5,11.723124
12.5,9.108112
12.5,14.065296
7.2,3.7663217
2.0,1.2249204
8.0,4.8394256
12.0,5.383348
4.5,3.5070636
7.0,7.1932163
12.0,5.1567245
3.0,1.1797557
12.5,8.987573
2.5,3.729009
2.0,3.7177079
2.0,0.4952246
3.5,4.969267
12.0,2.5671132
12.0,5.079592
12.0,8.956994
3.0,4.141327
12.5,10.913251
3.5,4.9317117
7.5,3.9578457
8.5,5.414394
12.0,6.1398454
12.5,4.4203224
25.3,18.317608
4.0,3.0949383
7.0,4.245574
18.5,13.79958
4.0,5.2309933
12.0,10.753475
12.5,11.766471
5.0,3.8192716
14.5,12.44068
3.0,1.9056491
15.2,10.476731
12.5,3.8764155
5.2,6.152051
5.2,8.285845
2.0,1.7893717
7.2,12.241389
18.5,16.121538
7.2,7.794406
15.0,11.544033
15.2,11.622095
12.0,10.70381
3.0,1.287667
12.5,7.875059
12.5,8.498181
14.0,5.433218
4.0,5.3985896
0.0,1.158673
5.0,3.524647
6.0,8.358715
7.0,7.245119
15.0,9.662991
12.0,8.269599
12.5,7.5524106
8.0,4.1240983
12.5,6.8330646
4.5,5.7639346
3.0,2.418491
3.0,1.2472329
3.2,2.869586
4.5,4.739905
12.5,6.240094
2.5,2.6886554
2.0,2.030271
5.2,6.956832
0.0,0.72569907
1.2,2.5963202
12.5,7.619722
15.2,8.3201475
5.0,5.1221914
5.2,4.717339
1.5,0.7094678
3.0,2.2439039
2.0,1.4552714
12.0,4.9995155
18.5,14.797623
12.5,8.065516
8.5,6.770076
3.0,2.328516
8.5,11.849603
1.0,0.50180703
4.0,9.218186
2.5,2.8516858
2.0,0.51422274
1.2,1.0951519
1.8,3.0386071
2.5,1.7278483
12.0,8.009034
14.0,6.345082
5.0,6.5052156
12.5,11.318909
7.2,7.5700064
1.5,2.5926147
12.0,12.023018
12.5,11.434367
3.5,3.2553089
3.5,2.541161
7.0,5.5080914
12.0,9.502461
18.5,20.298887
2.5,2.6336534
6.0,1.8154291
3.2,4.1994596
3.0,5.686129
18.5,19.15881
12.0,7.9058056
3.5,3.8312745
3.0,2.584151
4.2,5.876686
4.5,6.5955687
1.2,0.29162884
12.5,11.565382
12.0,7.891253
10.0,3.9906166
2.3,6.534823
4.0,4.876406
1.2,2.3016355
2.0,2.8869514
3.5,4.3455305
7.0,4.1854067
12.0,7.940536
15.2,12.795155
15.2,18.269142
12.5,7.9634833
1.5,0.2649442
2.5,2.8254607
12.5,4.0067234
12.0,8.522983
0.03,0.75529397
3.0,1.4711227
12.0,4.0297
2.0,2.0082424
7.2,9.25837
4.0,3.6752524
3.2,7.156701
3.5,5.0270386
12.5,10.902119
4.5,2.9266527
2.5,1.1643612
8.0,6.2183304
9.0,9.709531
3.0,2.970649
7.0,1.8539114
12.5,15.882642
14.5,11.508828
12.5,8.104309
3.0,2.7449286
12.0,5.958236
12.5,7.858113
1.2,2.55795
6.5,6.1309886
18.0,13.008836
4.0,4.0178223
3.0,4.2928886
18.0,9.706726
2.0,0.15858634
12.0,5.235948
3.0,1.7600601
6.0,3.4420059
1.2,2.2324772
1.5,2.0826197
2.5,0.7910417
4.0,1.2366986
12.0,7.704432
12.5,6.9708195
6.0,3.3291385
5.2,7.690821
3.5,4.3080726
15.2,15.29544
12.5,7.086987
3.0,1.5511165
3.0,2.6847641
18.0,13.384036
7.0,5.191932
2.0,2.1085026
1.0,0.20273761
2.0,2.2967737
1.5,3.0408618
6.0,3.3375251
15.0,5.74312
3.0,3.5263157
12.0,9.058391
3.5,3.295988
4.5,1.9232066
7.0,5.076218
5.0,4.745606
12.0,9.321041
0.0,1.130009
3.0,2.1258318
15.2,9.747145
4.5,8.828817
4.5,5.134088
4.5,6.3597307
3.0,3.6177206
7.5,7.2062297
12.0,7.069555
7.8,5.6835203
12.5,3.6260777
12.0,6.8929152
1.5,1.8702047
6.5,7.760202
15.2,14.930054
12.5,6.930614
2.5,2.0862164
12.5,8.840165
3.5,7.60846
7.0,6.165751
5.2,6.7284155
3.2,3.4860764
6.5,6.7392254
3.0,3.0633092
12.5,10.780849
7.0,3.4698527
12.5,11.257839
15.0,9.813793
6.5,4.205674
12.5,5.9123597
4.0,4.7574954
4.8,6.8571043
12.5,10.672466
3.0,1.9734339
15.2,14.307769
3.0,2.4792776
1.2,2.7664325
7.0,4.34347
6.5,4.4474244
5.0,7.313624
12.5,7.5295634
14.5,18.248268
18.5,13.721235
0.0,1.4999505
4.0,2.250074
4.5,7.8010387
3.0,1.3294905
12.0,7.7550254
1.2,1.4716692
3.0,3.5696807
6.0,4.7659473
2.0,2.3389568
12.5,13.062462
6.0,6.4604573
1.5,3.7569265
12.0,11.366705
12.0,4.6393743
6.5,5.788015
12.5,8.200633
7.5,11.498282
15.2,4.186376
10.0,6.4559016
3.0,3.1487617
9.0,7.199025
18.5,11.88648
4.5,6.5376835
3.0,0.488154
12.0,3.093773
12.0,4.709804
6.2,8.711271
2.5,2.3476117
12.0,9.7488365
15.0,11.115748
8.0,4.320688
8.0,8.99907
4.2,4.232155
4.8,8.710754
4.2,5.1164026
3.0,3.6561508
3.5,3.6023843
15.2,13.900873
6.0,3.9885988
5.0,2.4362106
3.0,4.1461163
12.5,10.887907
3.0,1.9013511
3.0,3.064277
4.5,5.42859
7.2,6.6066885
5.2,5.611333
11.0,10.572659
6.0,8.417841
6.5,5.399236
12.5,9.010132
15.2,18.955814
0.0,0.48086303
3.0,2.0352178
4.2,7.181193
4.5,5.4625287
3.0,4.631938
3.0,5.128285
5.8,6.4118543
4.7,5.568955
3.0,1.7474704
12.5,7.8880258
12.0,4.4669824
3.0,1.9264967
2.0,0.9739177
12.0,11.080737
15.0,8.060911
3.5,2.2858841
11.5,13.474314
0.15,2.9680727
12.0,5.7279553
3.0,1.4801658
5.0,7.6095524
3.0,3.4789033
6.0,3.1572132
3.0,3.6721625
6.5,5.429183
5.0,3.3519258
6.0,3.1807847
3.0,4.4744797
4.5,5.006465
12.0,4.9060793
7.0,5.0175776
5.0,1.7556664
4.2,7.4712806
8.5,5.358237
5.0,6.7112474
3.5,5.366237
3.5,2.5103183
0.0,0.41634846
12.0,9.458258
15.2,4.8460255
8.5,9.797622
12.5,10.272977
12.5,9.298186
12.5,8.181069
12.5,10.073941
4.2,7.970314
5.7,6.7966666
5.0,2.7263868
12.5,6.0327115
3.5,5.990565
4.0,4.4672284
7.0,2.8207285
4.0,3.497964
7.2,4.3190937
3.0,3.8678474
12.5,9.360488
12.5,8.911616
10.5,15.023519
5.0,2.6861408
12.0,8.483002
3.5,3.7183325
4.0,5.084067
8.0,5.6148086
18.5,11.86878
28.5,12.017117
5.0,3.6743765
3.5,1.8869635
8.0,7.0449266
1.0,1.2882866
12.5,12.892253
12.0,3.2470767
12.5,15.900886
7.0,4.6324124
1.2,2.4871898
6.0,5.754185
3.0,2.6144052
5.2,7.3632436
7.5,7.51564
6.0,4.5979877
5.2,5.058553
6.5,3.4097893
7.0,4.2665954
8.5,8.224136
1.2,3.2202313
15.2,11.376211
4.5,5.8629446
7.2,10.141214
1.5,0.07467778
12.0,10.820879
3.5,6.8473163
3.2,1.260525
5.2,7.004133
12.0,8.362526
12.5,7.231403
5.0,2.8138988
18.0,9.282566
8.5,10.734449
7.0,4.278552
12.0,5.586062
18.5,8.220449
4.7,4.0802836
0.05,3.2634332
0.0,-0.01530337
12.5,11.800429
3.0,4.504136
12.5,12.500494
3.2,3.6723976
4.5,5.117428
12.5,13.474433
12.0,5.900152
2.0,0.22072388
4.2,2.8609233
3.2,2.8664105
0.85,4.5025225
0.0,0.5807787
5.2,4.296986
2.0,1.8359312
3.0,5.5495687
2.0,3.2843013
7.2,9.872064
12.0,7.672381
12.5,10.2176075
7.0,3.0459697
12.5,6.9164586
18.0,6.0314364
12.5,11.480528
4.0,1.9834203
5.0,3.380998
0.0,-0.061379485
12.5,10.636958
12.0,5.234262
4.5,4.2184916
12.0,7.5406723
12.5,7.645404
12.5,7.227367
3.2,5.0565114
4.0,2.007679
3.0,0.6096986
2.0,1.5628002
4.5,3.861203
4.5,3.1220436
6.0,3.3011067
4.0,4.094389
7.2,8.219377
2.0,1.9551885
3.0,4.4697742
3.0,3.047301
4.2,2.730041
2.0,2.8387425
2.0,1.3667086
3.0,2.0158546
15.0,4.570235
4.5,4.178707
4.5,4.47092
2.5,5.1253314
5.0,2.703923
5.0,4.2209496
0.02,0.31062162
4.0,3.0447233
5.0,3.0725248
4.5,4.6497374
18.0,13.70168
4.5,4.728388
11.5,13.291371
18.5,15.19017
4.0,2.7940443
12.0,8.207931
12.0,4.599982
12.5,14.05269
4.7,1.7244527
4.0,3.533853
12.0,6.0508704
5.0,2.7286663
6.5,8.689073
15.0,8.466641
2.5,1.6663835
1.5,0.7927387
12.0,1.9251575
1.5,2.9650295
4.5,8.195632
2.0,1.658445
7.0,6.389484
12.5,8.36266
12.5,12.511006
5.0,6.585233
7.0,7.985097
15.0,8.816416
3.8,18.70058
5.2,4.2196164
8.0,5.87342
2.0,0.94420433
7.2,11.68924
8.5,9.169665
12.0,4.8573666
5.0,5.112705
8.5,12.318155
12.0,3.5490134
12.5,13.421362
7.0,5.0525813
12.5,11.277908
4.0,5.5742183
17.5,14.875794
2.5,4.2560735
8.0,2.8647742
8.5,10.616418
12.5,12.200198
15.2,12.22645
7.0,12.915465
4.0,3.4285138
18.2,13.259218
2.0,1.8507566
4.0,2.9280725
15.0,6.832932
3.5,4.4420786
12.5,11.077918
0.01,0.12256002
15.2,9.078953
7.2,10.619586
10.0,6.259434
12.0,7.090215
4.0,2.7277877
12.0,13.263813
4.0,5.617624
5.0,3.3746877
4.5,4.214099
4.0,6.5948534
4.0,6.588893
15.2,17.412071
18.5,12.997639
2.5,5.362437
15.2,12.715879
6.0,4.015236
12.0,4.5384016
15.2,4.6702743
7.0,8.866739
1.5,2.9104583
4.5,2.9187906
1.5,3.2796793
12.0,6.396677
5.0,3.3310242
12.5,9.363618
12.0,6.7525573
7.0,6.215404
6.5,8.170643
1.2,3.5563662
6.0,4.915031
7.5,9.276697
12.5,8.880686
3.5,2.895728
2.0,1.5617086
12.0,4.2676992
12.0,8.280627
15.0,6.297359
12.0,5.838393
6.5,8.709127
5.2,3.4322734
3.0,3.1291137
3.5,6.1894007
3.5,2.6688693
12.5,6.7988253
12.5,12.559455
12.0,4.962768
0.02,0.5798466
1.2,4.103636
14.5,5.3373346
5.0,2.257718
3.0,5.0177693
5.2,0.13448308
5.0,6.8299084
3.0,4.2319393
4.0,3.6842902
10.0,6.5647407
1.5,2.9967132
15.2,15.548017
6.0,3.8122609
15.2,10.725721
12.5,14.896945
12.0,6.0853863
3.5,3.0624182
5.0,7.262463
35.0,13.413302
4.5,5.679298
4.2,6.356388
12.0,5.6984878
7.0,6.2385874
12.5,7.313407
7.8,7.6239285
0.0,0.19125105
12.5,11.251004
3.0,1.3430077
3.0,2.7328475
28.0,17.113913
12.5,10.751628
4.0,4.2587333
5.0,3.2909079
3.0,4.0190654
14.0,10.477236
0.01,0.008910895
5.0,8.447903
5.2,9.062374
12.0,6.324488
12.5,4.8809857
1.0,0.90598947
5.0,4.1842875
12.0,3.6633766
4.5,7.449211
3.0,3.0663915
2.3,0.86971265
12.5,14.282449
12.0,9.456229
5.0,3.479947
12.0,11.314115
15.0,2.1378229
3.0,4.1834855
5.2,7.9275084
1.2,0.95257115
7.0,7.2483544
18.5,14.9067
3.2,2.0189373
0.05,1.5894448
12.5,12.128556
3.0,4.3161845
3.0,2.7425802
6.5,7.9366612
2.5,2.0854526
5.0,2.712135
3.0,3.0662656
1.2,1.516437
12.5,12.76115
15.2,10.111964
5.2,8.469602
5.2,6.6534753
2.5,0.00079681166
6.5,4.4122868
15.2,10.445668
4.0,2.8608847
8.5,5.76991
4.0,3.067495
3.2,2.092493
7.0,5.693657
12.0,5.3062534
7.2,8.412038
7.0,4.4812922
12.5,5.7750516
7.2,12.502655
12.5,9.513316
1.2,5.976815
8.0,3.6797483
12.5,7.086055
7.2,7.549109
1.5,2.7521317
12.0,7.6217628
15.0,7.724366
12.0,6.82381
4.5,3.4014354
12.0,2.4301472
12.0,6.8559213
7.2,6.75334
2.0,1.0809585
3.0,2.3284848
7.0,4.6328163
12.5,6.0381646
2.0,1.1521693
6.0,3.4344573
2.5,2.0079277
12.5,12.482304
7.0,5.278631
12.5,7.4137206
3.0,3.3768957
12.0,6.6705112
4.0,3.684049
3.5,5.817046
5.0,1.4256347
5.0,2.311673
1.0,1.8319613
8.0,7.637526
3.0,2.1088874
12.0,4.871533
12.5,12.430954
12.0,5.2327676
12.0,8.313787
5.2,6.3326955
3.0,2.5929322
12.0,8.803001
10.5,6.421163
45.7,20.068335
1.2,3.5661862
3.2,6.4942703
12.5,10.649643
5.0,3.3086634
7.0,5.1612296
12.0,9.370886
12.0,2.4380708
5.0,4.8979616
7.0,4.3962054
7.2,16.054098
3.0,2.0505824
1.8,2.9021947
2.0,1.377018
12.5,11.962101
2.5,1.5126119
0.03,2.420415
12.0,11.542269
18.7,16.021221
8.0,3.737177
7.2,10.090521
7.5,4.9457397
12.5,7.5542006
0.05,0.8777444
12.5,4.863052
5.0,2.8452404
8.2,7.976467
0.08,1.6205487
14.5,11.626126
5.2,6.6694846
3.5,4.0784354
15.2,16.822748
12.5,9.321663
16.5,12.739204
2.5,2.4758902
3.0,3.7297795
12.5,7.382266
2.0,3.463531
12.5,14.70596
4.0,3.2078264
12.5,7.588934
15.2,9.410057
7.0,6.6015553
4.5,4.358704
12.0,10.998653
7.0,5.9902196
4.2,9.030547
4.0,5.391779
14.5,8.874308
7.5,9.922293
1.5,3.7612076
3.0,3.1946206
5.0,3.3606644
5.0,4.0272427
12.5,8.936313
12.0,4.1705084
8.2,7.371259
2.0,0.16614173
15.3,8.586615
12.0,10.185014
4.0,4.8401194
4.5,6.169009
12.0,8.100155
3.0,4.4512105
12.5,12.068408
15.2,11.087072
3.2,2.8894136
1.0,1.1453207
12.5,10.648845
1.5,0.1356718
1.5,2.118582
15.0,10.587877
12.0,7.945709
1.5,0.5678123
3.0,3.7916415
12.0,4.0501165
12.0,11.565358
12.0,10.196809
12.0,13.520037
3.0,0.8930131
5.0,5.1478896
7.0,5.484229
3.0,3.4996362
12.0,7.3054557
12.5,12.849538
7.0,5.1175737
12.0,2.8788455
6.8,10.754838
25.0,12.94787
12.5,6.8403544
12.5,12.527655
4.0,0.7359684
2.0,2.198175
7.5,4.134672
3.2,3.8648965
12.0,6.2978473
2.0,3.116526
3.5,4.603713
7.0,5.120272
7.0,5.429647
3.2,2.7575684
12.5,9.163759
4.5,4.751352
1.2,2.808949
12.0,5.286717
8.0,8.177973
14.5,10.765462
12.5,12.094741
7.0,4.7331285
3.5,5.293673
5.0,3.3438647
15.0,7.186026
12.0,5.140795
12.3,10.117096
15.2,8.220267
12.0,7.312963
12.0,5.446294
1.2,2.0980022
5.0,3.1324375
8.5,8.707833
12.0,3.7132154
5.0,3.6196072
5.0,3.4306118
1.5,0.5760645
7.0,3.6587327
4.5,7.8619075
5.2,9.425685
7.0,5.757416
8.2,10.747906
5.0,6.9676013
5.0,5.226082
5.8,8.895061
4.0,8.072463
4.0,2.8499966
8.0,1.937775
0.03,4.8732204
2.5,0.48071712
12.0,11.936197
12.0,4.6048193
2.0,0.7215838
12.5,10.157646
12.0,4.329042
15.0,8.30354
12.5,5.6728735
5.2,7.7795935
4.5,5.498027
12.0,6.6401896
1.2,2.144281
2.0,3.34762
7.5,6.7052445
3.0,2.3533309
15.2,10.430124
12.5,10.462844
1.2,6.206431
15.2,13.177347
4.0,3.3961148
12.0,7.998284
7.2,10.18306
1.5,2.9668026
8.0,9.916401
6.0,6.561019
3.0,4.1468716
15.2,4.113342
7.5,6.223377
3.0,2.6895754
0.0,-0.03325511
2.0,7.1836715
18.5,12.558497
12.0,5.1981325
4.2,8.056837
12.0,6.478592
5.0,2.65667
7.5,7.307928
1.2,0.9348736
7.2,8.291381
3.5,2.763523
7.5,6.1553364
10.0,12.653298
3.2,3.7091744
12.0,3.554407
3.5,2.8082597
10.5,7.1112003
8.2,10.799284
8.5,6.80557
8.5,10.810622
15.2,12.737709
2.0,2.034989
7.5,11.621836
12.0,6.700999
5.0,3.0041797
7.0,6.957445
2.0,1.6822854
12.0,10.213241
5.0,2.2866583
15.2,12.947663
12.5,8.111513
12.0,9.911944
12.0,6.27695
4.2,6.059034
5.0,1.6607951
12.0,10.183237
3.0,0.924827
4.2,3.6981425
3.0,4.6614184
3.0,3.5632706
0.0,0.07532805
12.0,10.283084
12.0,5.643114
4.5,1.9533459
12.5,10.951288
12.0,10.432181
5.0,2.3931708
12.7,8.37138
0.0,1.1463134
12.5,7.2929
4.0,3.903101
12.0,6.6524787
7.2,8.692624
3.2,6.9935346
3.0,4.2451425
7.0,6.857961
12.5,10.947231
12.5,17.502346
3.0,1.9502262
4.5,7.4418178
5.0,7.811383
15.2,11.569396
7.0,5.2342644
7.0,4.9110003
4.0,2.0302336
2.0,3.383155
7.0,4.918757
15.2,9.596547
12.5,13.421498
1.2,2.4849913
12.5,10.442097
12.5,13.1865635
8.0,4.141263
12.5,7.7353187
7.2,10.408245
12.0,6.8235073
12.5,15.422292
7.0,7.8147182
8.5,5.8066564
12.5,14.970866
5.0,4.9315786
8.5,9.982071
8.0,7.2538633
2.1,3.730062
3.0,3.3840792
12.0,6.9788146
7.8,16.768913
7.5,6.509124
4.5,3.4657152
12.0,4.843611
1.7,2.9667203
0.0,0.79888713
5.2,5.585401
2.0,0.27699268
5.0,3.3207293
7.0,5.2339425
2.5,2.5427868
7.0,6.7632804
3.2,4.3098702
6.0,3.8546107
7.2,8.247176
12.5,4.9369907
6.7,5.2463384
8.0,7.540271
8.5,11.178384
12.5,6.413486
1.2,1.3790184
2.0,1.71609
1.5,0.9961998
12.5,12.538254
18.5,13.793176
3.0,3.2140698
15.2,5.3174396
3.5,4.1878505
5.2,6.475815
3.0,1.9123956
15.2,10.050005
12.0,6.8256536
7.2,3.1442409
4.5,3.3805025
15.2,16.14764
2.5,5.197063
8.0,6.874792
3.5,4.9571857
15.0,6.7866316
2.5,1.6092502
15.0,5.545305
6.0,4.2355127
7.0,8.571227
12.0,3.5152268
1.5,3.3843203
12.8,5.5536532
3.0,2.2049105
8.5,6.638429
18.0,17.225117
12.0,5.4061127
12.0,5.367396
3.0,3.7371297
4.0,3.147057
4.7,10.798101
3.0,2.5401711
6.0,3.9937787
4.5,4.7849855
15.2,11.730014
7.0,2.1165285
8.0,4.93708
12.0,5.010631
6.0,9.999731
3.0,3.7844136
4.0,5.9231143
12.0,3.145643
12.0,6.7353897
12.0,8.734708
1.2,3.1593134
12.5,5.932338
3.0,3.267847
7.2,6.7550025
0.87,16.056198
6.0,5.671186
1.5,4.9789257
12.0,4.8122034
15.2,8.427331
15.0,8.633869
6.0,4.7621517
2.5,1.1714872
12.5,8.674685
7.8,13.454059
12.0,9.925474
4.0,4.067514
7.0,4.229695
7.2,6.7946343
12.5,4.226194
1.0,-0.04795885
12.0,5.633864
5.0,2.3020263
12.0,5.736997
12.5,4.955814
4.0,4.4675975
7.0,5.244356
8.0,5.3438663
12.0,10.274742
15.2,7.388813
1.3,8.611949
12.0,8.780325
6.0,2.7696767
3.0,2.9629133
4.0,2.34045
0.0,1.791965
4.0,4.962058
15.0,9.0298815
12.0,5.5353966
4.5,6.136289
7.0,5.576913
7.2,9.256248
12.5,13.005217
5.0,3.34208
3.0,2.0333378
4.0,3.6581738
12.0,10.839058
8.0,4.2282143
2.0,5.8709097
12.0,2.4800644
7.0,5.919154
12.0,7.3461127
5.0,6.1931033
4.0,2.7124434
2.0,3.1437626
3.5,3.3184352
12.5,11.236723
0.0,0.8100128
3.5,4.2627516
18.5,8.55202
3.5,6.6526074
5.0,3.0815532
5.2,6.0250964
14.0,9.917195
4.0,3.3441136
12.5,8.472807
7.5,6.995855
0.02,6.8835855
18.5,15.373873
1.2,2.169586
4.0,3.496028
5.0,5.2080445
6.0,6.0879235
6.5,7.9312725
5.0,2.9159882
6.0,2.934998
1.5,1.4413255
18.5,16.786922
12.0,4.3657236
7.0,5.448473
7.5,6.618133
12.5,12.281619
3.5,2.1617284
6.0,2.2817717
28.0,15.591704
4.0,3.695303
6.5,3.4434412
4.0,3.1509407
1.5,0.268403
12.0,5.145597
12.5,7.0898128
3.0,3.7543592
5.2,5.1720796
2.0,0.23563041
15.0,9.387465
5.0,1.4902067
4.0,3.840844
18.5,13.394907
4.2,7.4433575
15.2,10.531637
15.8,8.400572
15.0,11.013785
12.0,5.731158
3.0,3.9150128
3.0,1.9341645
12.0,7.3470488
7.0,4.152809
15.2,17.18295
12.0,7.429411
3.0,1.7027975
0.15,0.2905345
12.0,9.956054
4.0,0.8506833
12.5,6.4661703
3.5,4.5359545
4.5,4.4777055
5.0,2.1793773
7.0,2.5291758
5.0,5.7991867
2.0,2.6495242
7.5,6.2529597
12.5,7.5409665
6.5,7.93021
12.0,6.0027337
14.0,5.8995075
4.0,2.1663728
3.0,0.35878062
15.2,11.413889
5.0,5.600056
3.0,2.401942
6.0,7.2253146
0.0,0.44680595
12.5,9.226607
5.0,4.404947
3.0,1.1811175
12.5,9.574625
8.0,8.158636
12.5,7.0408087
6.2,3.1184993
12.5,10.412526
4.0,2.4656851
0.0,0.18266478
12.0,8.380334
0.0,0.011606722
12.5,7.7307897
3.5,7.192883
6.0,4.9898276
2.5,6.3915334
12.5,7.0169945
5.0,5.9244356
12.0,9.076703
12.5,8.025996
7.5,4.735266
15.2,12.5229
6.0,5.087177
5.0,4.5735493
3.0,2.2814665
18.0,7.3340335
12.0,5.739574
2.5,2.480756
2.0,2.5127416
7.0,7.5562663
6.2,7.989477
5.0,0.91049093
12.0,6.806013
5.0,5.0662556
12.0,9.979207
15.7,15.6825485
12.5,13.656248
3.0,1.5538827
1.2,1.0908184
3.1,5.7191334
3.0,3.1893394
5.2,7.1502814
12.5,9.999702
7.5,5.221309
3.0,2.8490276
18.5,17.195898
12.5,12.400877
4.0,4.8347816
12.0,7.730253
3.5,1.8788975
15.0,10.037411
12.5,10.441584
3.0,2.5979698
12.5,6.0709214
12.0,8.460823
7.2,5.507526
1.8,2.565358
12.5,13.021137
7.0,4.871191
7.5,6.521994
7.5,6.2404904
12.0,6.424123
6.2,11.579672
12.0,9.316679
15.2,7.7794266
12.5,10.035414
1.2,1.8954661
6.0,5.821264
4.0,4.2025404
12.5,12.560514
0.05,1.4545205
3.2,2.4033709
7.2,13.992916
4.2,3.007732
12.0,9.811388
7.2,5.9623694
3.0,2.66993
3.0,1.1565324
4.0,4.0810013
1.5,4.057806
2.0,2.2149124
1.5,0.13451624
12.5,9.980745
5.0,6.8156757
6.0,5.3883624
7.0,3.5417585
12.0,7.0855365
12.5,8.709328
12.0,7.6987224
2.0,1.0077772
2.7,4.826913
5.0,6.237886
12.5,14.222046
7.2,7.8838425
3.0,3.184498
12.0,12.871547
12.5,9.451855
12.0,10.49757
4.0,1.68865
12.5,10.817005
4.0,3.6071389
8.0,10.969906
5.2,6.234494
12.5,8.721144
12.0,6.6876855
6.5,7.767094
8.0,7.1236415
3.5,2.8393471
8.0,3.0596938
8.2,7.2524667
3.2,7.152571
8.0,5.108195
12.5,8.957434
3.0,4.15837
7.0,3.5739849
12.5,10.088513
0.25,1.0128558
12.0,8.561793
4.5,1.1090901
1.2,5.1616435
4.0,4.2508945
18.5,15.949037
8.0,6.4657903
14.0,10.508905
12.5,16.299135
4.5,3.6164527
14.0,5.7984643
7.0,5.2147937
4.0,2.6583662
3.0,2.6875212
6.0,6.2447453
15.2,13.173881
0.0,2.2340655
5.0,6.479501
18.0,8.227454
12.0,8.71477
12.5,7.2371144
3.5,5.1485567
12.5,7.6568174
15.2,13.872301
3.0,5.562235
12.5,12.743245
2.0,1.973684
6.8,5.879055
4.5,6.0890865
2.5,0.8875088
4.2,2.8882003
7.5,8.7171
3.8,6.555503
18.0,11.047637
12.5,14.413413
6.5,6.2837915
12.8,14.910924
7.2,7.341719
12.5,11.364168
3.0,1.442716
7.2,4.2195587
2.5,3.8851619
0.2,1.5036329
0.03,0.30244595
3.0,4.079613
12.5,12.34026
3.0,3.2466655
0.05,1.5233086
8.0,5.5721793
12.5,8.133507
12.5,10.896018
14.5,8.934051
7.0,4.5755167
3.0,1.49009
4.0,5.977547
0.15,3.5319269
12.0,6.9826117
12.0,6.4251776
5.0,3.5949554
3.0,4.3808236
3.2,7.1490374
15.0,5.40424
4.0,4.721831
12.5,14.982585
2.0,0.5287051
12.5,6.0876384
12.5,12.600363
1.5,2.7339747
12.0,6.628098
7.0,5.987642
12.5,10.748476
6.0,3.5736742
14.0,10.259145
3.0,1.6340252
1.5,2.398671
0.15,1.5315642
1.2,1.7093875
15.3,10.041159
12.0,7.5853295
12.5,7.3538837
3.0,1.927953
8.0,6.582663
8.0,4.0716095
5.2,9.093982
1.5,1.4213622
12.0,7.559395
6.0,3.6517406
3.5,3.8016205
15.2,12.4075775
4.5,7.5614314
12.5,11.382879
6.0,8.004385
4.0,4.1747565
4.0,2.554161
12.5,14.675237
12.0,10.162141
6.0,2.8872383
6.0,8.114292
12.5,7.872544
2.5,3.6788027
12.5,6.8439674
3.5,3.1415358
4.0,1.8648025
15.0,4.8137574
12.0,4.4510155
8.0,8.002555
15.0,10.452506
4.0,3.4171343
7.2,7.165738
15.0,9.519734
15.2,14.988865
1.2,2.594282
7.0,6.8503833
12.5,6.7026696
2.0,2.6033328
12.0,5.1737757
18.5,19.952461
4.0,5.4308476
12.5,11.370632
3.0,4.6122103
12.0,10.1751175
4.0,6.467369
1.5,2.2015455
4.5,2.2888064
1.5,2.1885731
1.5,1.6157126
8.2,10.134327
3.0,2.143906
15.2,11.059446
4.5,5.666749
7.5,4.2725506
12.5,9.965993
12.5,10.469058
28.0,10.849661
12.5,10.235863
12.5,14.106589
15.2,6.73685
3.0,3.940444
6.0,4.0564566
7.2,3.8381808
12.5,11.17133
4.0,4.381927
2.0,1.948753
2.0,0.5996314
5.0,8.784829
12.0,9.232704
8.0,3.9124367
7.2,6.1964226
5.0,6.153862
4.2,4.199919
12.5,9.340807
12.0,10.484442
12.0,9.511778
2.0,0.22730683
5.0,4.606
4.0,2.3196454
12.5,13.275386
2.0,0.8611805
1.2,1.6303569
0.05,1.0143658
5.2,4.098578
5.0,5.7026668
7.2,5.487046
4.0,2.570899
12.5,8.698526
12.0,11.336326
12.0,6.0603094
2.0,2.2177022
4.5,4.502509
1.2,3.2197423
0.01,4.0790105
1.2,3.4933293
1.2,0.3143121
2.5,1.729055
12.0,6.3611794
1.2,0.6547943
7.2,9.363087
7.5,6.7180934
3.0,1.1903151
3.0,2.8221781
15.2,9.606868
4.0,5.4392023
15.3,9.1094
4.7,9.150002
14.0,5.1789994
12.5,7.0892115
3.0,2.4509563
8.0,3.176041
12.0,7.7387676
3.5,2.515158
1.2,3.923687
12.5,11.186606
12.5,8.745291
15.2,8.799716
12.0,8.745913
12.0,3.4554627
2.5,4.623238
3.5,5.3216195
12.0,7.403298
4.0,3.6344554
15.0,9.735516
5.2,8.289959
6.0,4.6312804
12.5,8.7006
3.2,5.5376587
14.0,5.770166
6.0,4.7838445
18.5,13.146324
3.0,1.3505094
4.0,4.166653
12.5,4.6549144
12.5,9.14075
12.5,15.348648
2.0,0.39075804
12.0,9.481053
12.5,12.005927
4.0,2.2261498
7.2,10.501391
12.5,15.781523
12.5,15.730974
12.0,7.0009747
12.5,6.4711556
6.2,6.65413
12.5,9.004566
6.5,4.5334463
6.5,9.220407
18.5,13.776522
4.0,2.4424574
1.2,4.6404357
4.0,3.2888484
12.0,4.5311546
1.2,2.2646544
4.0,4.6165423
12.5,10.931873
12.5,13.224054
2.5,2.043561
6.5,6.888805
1.2,1.9074501
15.0,4.859169
4.0,5.409345
15.2,13.890362
3.0,4.799947
1.5,0.57127434
18.5,13.828565
8.0,8.6429615
14.5,12.696369
1.2,0.90711933
7.0,4.532048
1.5,1.5235082
28.5,13.754718
8.5,12.3563385
3.0,2.2931356
12.0,9.755038
4.0,4.507995
7.5,8.416268
3.0,3.2415485
2.5,4.887043
12.0,4.141135
15.2,12.095331
3.0,2.035793
3.0,3.009571
3.5,3.2136216
3.0,4.339796
15.2,5.974181
1.5,2.1412835
7.0,3.8178062
3.0,2.1211238
7.2,4.9091144
6.0,5.682139
7.0,6.922208
6.0,3.8227885
4.0,3.4819348
12.5,17.887024
18.5,7.2113914
2.5,0.92457473
6.0,4.38968
12.0,9.909064
4.5,3.4124463
6.0,4.5009975
3.0,3.6054869
10.0,3.696048
3.5,4.1398516
3.0,1.8615191
12.5,8.603491
12.0,4.2867627
3.0,3.256199
2.5,3.7882812
5.2,6.8876505
0.05,0.94274855
12.5,6.199486
2.0,2.037054
12.5,11.266261
15.5,10.116493
12.5,10.487177
8.0,3.786221
1.5,-0.024602987
12.0,5.4534597
12.5,6.286378
10.5,4.0724387
12.5,9.935926
12.0,11.161178
12.0,9.601608
3.0,3.1883621
12.5,6.624725
3.5,4.800659
15.2,16.058174
1.5,2.070242
4.0,2.2735124
12.5,10.190653
3.0,4.128534
4.0,4.594344
2.0,0.4973693
2.5,3.9606633
3.0,1.9766301
0.05,0.58550465
8.0,5.010005
3.0,3.7665823
7.2,6.94569
3.0,5.197872
12.0,4.6219444
4.2,7.136742
15.0,10.353323
12.0,7.7717905
4.2,6.6888933
1.2,2.0575752
12.5,6.445665
1.5,0.71422416
4.0,2.7672327
4.5,1.811887
12.0,7.026545
2.5,0.7035986
6.2,6.92556
2.5,1.2331672
12.0,4.76975
1.5,3.148488
12.5,3.4971862
7.5,9.978411
1.5,3.0596826
15.0,14.443786
12.5,12.837021
5.0,3.3151784
8.0,9.551014
18.5,14.236231
7.0,5.7087717
5.0,6.2780023
12.0,14.27319
15.0,4.5075054
15.3,14.801624
3.0,3.2643096
3.2,3.726662
15.0,8.215105
6.5,4.9613137
2.5,2.8632112
7.8,5.4604974
12.0,7.922205
8.0,3.7704535
8.0,6.302165
7.0,6.3247585
4.5,4.1053524
5.2,6.2442536
5.2,8.845321
2.5,9.359185
1.5,1.673545
7.0,5.748173
12.5,4.6038094
12.0,5.012454
18.5,14.680637
3.5,4.8169503
15.2,13.337679
4.2,3.660135
6.0,4.736228
15.2,10.421016
5.2,3.6935544
12.5,11.841467
4.0,4.045414
6.5,4.3961225
15.2,11.236324
4.5,4.211245
3.5,3.8266082
14.0,10.556964
5.0,4.1014857
2.0,0.7980517
7.0,7.5448966
5.2,6.2949047
1.5,0.7814761
12.5,6.0282483
12.5,5.629189
3.0,2.8311594
5.2,5.7962856
12.8,2.2245557
12.5,10.455094
12.0,5.0259595
12.0,7.6107793
12.5,8.792237
3.0,2.5967577
0.0,0.9393931
5.0,7.157187
4.0,1.3925054
7.2,7.8417435
1.5,3.3828156
3.5,2.1885095
3.0,2.6538086
8.0,7.921033
15.2,12.823397
5.0,6.2578316
18.0,12.055068
0.01,0.06498561
4.0,2.6215525
5.0,8.4385395
3.5,5.3629704
12.5,13.441863
12.0,9.371392
7.2,5.1923018
12.5,5.6330113
3.0,4.959909
1.5,3.6499472
4.0,5.425169
7.0,8.446273
8.5,6.2788773
12.0,7.8496685
7.2,5.4630036
4.5,5.3466043
1.2,2.923848
8.5,16.117817
4.0,2.713973
8.0,6.0836487
4.5,4.49743
7.0,4.770355
6.5,6.04746
18.0,8.189062
6.0,7.318315
4.0,3.4452748
3.0,3.4281268
7.0,7.229627
10.0,5.8248205
12.0,9.825349
12.0,6.821783
25.0,12.844327
2.3,2.3728845
6.0,6.195345
15.0,9.694424
7.2,6.270088
5.0,5.63321
6.0,5.448854
12.5,7.533754
4.5,3.0909986
18.0,8.2790785
3.0,3.7190728
10.0,4.059265
3.7,3.636785
7.0,5.770095
6.5,4.1247034
12.0,6.8385267
3.0,1.9752574
2.5,3.5878515
12.0,8.468748
12.0,9.250113
5.0,2.1436858
7.0,8.980621
5.0,1.352103
15.2,11.570611
1.2,3.9293385
2.5,1.6854289
3.5,4.2381325
8.0,5.394258
0.0,0.32570237
12.0,4.515388
4.0,4.207546
0.01,-0.019096691
15.2,13.61037
7.2,3.911615
3.2,2.8780854
15.0,6.2181435
3.0,1.0535637
12.5,4.4417205
0.05,0.70294666
7.5,6.146935
7.0,3.826877
2.5,2.3686156
3.0,2.060449
25.7,19.29404
5.0,2.8545775
12.0,7.474115
4.0,3.2925515
12.5,8.512768
18.0,13.203671
3.2,4.415717
5.2,5.3915563
12.0,5.1325235
15.2,12.407231
3.2,2.8597393
12.0,9.37138
15.2,11.217256
18.5,13.396422
12.5,8.296712
1.0,3.1538
2.5,2.6676989
12.5,5.8529572
3.5,4.122954
7.0,3.2603388
12.5,14.799864
12.5,7.9746237
15.3,7.5705953
12.0,6.8751616
5.0,5.1102333
8.2,9.208567
5.0,3.1809254
12.5,9.702219
15.2,8.8955765
1.2,3.183251
4.7,8.085648
15.2,8.419078
8.0,6.66407
6.2,7.86712
12.5,2.779085
6.5,3.4994178
12.0,7.3798695
7.0,4.0389247
15.2,14.520063
12.5,7.446156
8.0,3.7939222
12.5,11.453148
12.5,8.495006
7.0,4.474114
8.0,7.0215435
5.0,2.8896472
1.2,0.12877962
25.0,13.344273
3.2,3.957239
12.5,10.028058
5.0,2.6099799
4.0,2.4349442
7.2,6.6075883
2.5,2.829361
3.0,1.8707907
12.0,5.586844
4.0,1.5300462
12.5,11.3476715
3.0,7.444151
12.5,4.0798297
8.2,8.803982
15.2,12.892844
12.0,8.410973
3.0,0.20233186
15.0,10.438211
4.0,3.6894083
2.0,0.37138605
4.0,1.2629313
12.0,8.202352
5.0,2.1489158
7.0,5.003348
6.0,6.6444263
0.0,0.33596402
0.0,0.5388395
3.0,1.4367628
2.5,1.5299263
3.5,3.093187
1.2,-0.016286708
1.5,0.96929896
5.2,6.9745355
4.2,7.662097
12.0,7.034887
12.5,17.069304
18.0,9.370768
15.0,9.006004
0.0,2.4722233
12.5,11.509357
3.5,5.030567
2.5,3.7904322
3.0,1.7471175
18.5,16.838331
12.0,6.9141173
5.0,3.3276668
4.0,6.4814744
3.0,4.9898543
2.5,3.3778605
5.2,6.875159
12.0,8.854432
4.0,8.3122225
4.0,3.7360134
12.5,9.925519
7.0,9.451181
7.2,7.9275417
12.5,6.9081154
12.5,8.348312
6.0,2.695294
1.2,3.2019565
6.0,4.1542864
1.2,2.6292274
2.0,1.6100051
1.5,4.9123716
7.5,6.4259224
3.0,2.7537563
12.5,9.990669
5.2,6.2097173
3.0,4.061193
7.0,4.595123
6.0,4.825334
7.2,15.337101
12.5,12.751575
15.0,8.645602
12.0,10.228353
2.0,2.285076
12.5,7.373565
5.0,9.359944
7.5,5.7071395
4.0,2.2043881
3.0,2.90853
4.5,3.8534546
3.5,3.7241373
7.0,8.774814
12.5,11.546669
3.0,0.9510336
4.0,2.459756
12.5,4.176558
12.0,5.028067
1.2,4.142369
0.03,1.7782465
3.0,4.4502416
2.1,1.2251825
6.2,9.174843
7.5,6.3345895
3.8,5.146556
5.0,4.668231
15.2,10.3496895
0.02,0.5981647
3.5,1.3178499
4.2,5.9192166
12.5,5.0804873
1.2,1.7335726
12.0,8.047808
7.0,7.737926
12.5,14.233652
2.0,2.3411496
15.2,16.491632
4.0,2.8172486
3.5,4.613856
12.5,9.367539
1.5,3.619137
7.0,4.3608356
5.0,1.8078243
12.0,3.2801137
4.0,3.48625
12.5,8.465376
2.0,0.39022332
12.0,5.7977395
7.1,5.878372
5.0,3.1623218
15.2,11.174376
4.5,10.493784
12.0,8.587554
8.0,3.8055196
4.5,4.4605174
7.2,9.401999
12.5,16.29956
4.5,5.9933953
7.5,4.368314
1.7,1.4153588
4.0,3.1337569
5.0,3.0708382
12.5,8.387226
12.0,10.198929
7.5,8.078495
15.0,11.682006
12.5,5.740629
1.2,1.3261498
12.0,10.412296
12.0,7.9116054
0.0,1.1242543
8.0,7.2817793
4.0,2.0361695
7.5,5.0442214
8.5,11.320273
5.0,4.8293805
3.0,1.3655343
5.0,1.9160154
3.5,4.311022
7.5,4.040048
6.0,4.043892
17.0,9.165902
12.5,9.084
2.0,1.0820724
3.0,2.2495444
12.5,5.1099167
4.5,7.406343
1.5,0.7138437
5.0,3.4306142
7.0,4.7420945
3.0,5.525897
5.0,6.250019
12.5,16.332748
4.0,4.035578
12.0,7.3321724
4.0,2.9874508
12.5,8.783905
3.0,3.4390998
2.5,1.25846
4.0,5.764837
6.0,3.5300093
12.5,10.448794
4.0,3.5659642
7.0,3.7954085
12.0,5.949892
2.0,3.5941672
15.0,7.030639
8.5,11.19183
7.0,7.098986
4.0,3.8604374
3.2,2.6200514
3.5,1.8498923
3.0,4.5851846
15.2,15.367348
3.5,4.091342
3.0,2.6610293
3.5,4.4811354
3.0,2.395103
15.2,15.983921
6.0,6.351745
2.0,1.192442
12.0,11.466394
4.2,9.253807
2.5,1.9720757
4.0,3.5246954
3.5,4.151409
6.0,4.8950014
6.0,4.931328
3.5,3.4966187
4.5,3.6404388
5.0,2.1986983
12.0,8.376342
7.2,10.494856
3.0,1.747667
3.0,0.5404717
14.5,12.71335
3.5,3.8607283
4.5,2.9077535
7.0,5.5603423
4.0,4.5169425
15.2,13.884601
6.0,4.291438
18.0,11.234837
7.0,4.8230853
12.5,8.9004135
12.5,4.3951635
12.0,14.1753435
15.2,15.002396
5.0,6.0481873
3.0,2.9122536
18.5,14.619793
11.0,12.0656805
14.5,12.909906
8.5,8.219608
12.5,7.1227245
12.5,10.44254
4.0,1.7283318
7.5,9.746558
5.0,3.6421158
18.5,16.979685
12.5,10.945092
7.5,6.079103
12.3,5.894194
1.5,2.3252637
12.5,9.774529
15.0,2.4704397
5.2,4.465183
12.5,8.809466
5.0,2.6546483
1.5,1.7403222
15.2,16.708754
1.2,1.937926
2.5,3.5109053
7.2,6.213838
3.5,3.186057
12.5,5.214914
18.5,16.514082
6.5,6.8683076
1.5,1.3581035
12.5,15.920659
3.0,1.8167292
15.2,10.217353
1.5,2.4144013
12.5,6.777108
7.0,4.943868
8.5,4.969931
12.0,6.8281727
10.0,5.1347933
15.0,7.1380506
5.7,5.3504176
6.0,4.19938
12.0,9.383444
12.0,4.886794
12.0,9.165301
15.2,15.649378
5.0,3.630886
18.5,15.982823
12.0,10.804787
6.0,5.611446
5.2,4.3857737
6.0,8.082062
3.5,6.2122626
12.0,5.557539
12.5,5.8926044
4.5,6.375081
1.5,1.8796216
2.5,1.3236959
5.0,6.8629546
6.5,10.52703
4.0,3.446313
12.5,9.148205
7.5,4.6679955
4.0,3.8449013
4.0,3.377278
15.0,3.1900373
12.0,7.4573216
18.0,10.139612
4.0,6.8360147
12.5,7.517317
7.2,8.986273
3.0,2.4633565
12.5,11.247134
12.5,8.221447
4.2,6.8554883
3.0,0.25134507
12.0,3.8479953
3.5,3.1077752
3.0,1.9579242
12.0,8.925919
7.5,11.19949
3.0,3.419922
6.0,4.3612127
3.2,2.3913875
12.0,8.6985035
12.0,9.858589
6.5,7.9524317
15.0,11.369886
3.0,1.8249536
8.0,7.0016065
6.5,6.053021
0.01,0.47522724
3.0,2.70946
4.0,3.749797
12.5,11.299697
3.2,3.2452912
2.3,3.9378812
12.5,8.036925
6.2,3.9413095
12.5,13.579794
1.5,0.7704116
7.2,11.790601
12.0,13.028204
12.0,3.8322802
12.5,10.97746
15.2,9.891231
5.0,2.1647708
6.0,3.7253811
12.5,7.8375053
12.0,9.380382
12.5,10.835038
7.0,3.697595
7.2,3.7665122
12.0,1.2732823
5.0,1.5951371
5.0,2.803992
4.0,10.060602
12.5,12.155312
12.5,5.763085
4.0,0.79451036
7.0,6.5377765
1.0,2.5945113
12.5,7.0046897
8.0,3.8285959
4.0,4.868942
12.5,6.2625017
4.0,2.1792676
5.0,4.03988
12.0,2.4062817
18.5,17.120543
4.0,3.299561
8.5,4.592598
5.0,5.372109
12.0,9.443185
12.5,10.3749275
8.0,5.4350767
5.0,3.76086
18.5,14.025223
3.2,4.477589
15.2,13.216454
3.5,2.0696967
15.0,9.315789
12.5,8.401366
6.5,5.947054
12.0,5.1558995
5.0,3.0916443
5.2,4.459862
7.5,3.7856243
5.0,3.9027677
12.0,7.910394
1.8,3.63066
12.5,15.812859
15.0,5.5145955
6.0,7.441799
8.5,10.1425
4.5,2.9851305
12.0,6.29098
3.0,4.757131
1.0,1.2242469
7.0,5.5193896
3.0,2.5595713
12.5,11.442703
1.2,3.7998295
12.0,5.7786555
5.0,2.7486386
3.0,1.4563388
7.0,5.386913
15.0,5.7179255
15.0,10.392832
14.5,12.0034275
3.0,3.9395456
3.2,1.7476751
3.2,3.365256
1.2,0.23566142
18.0,11.574668
6.0,7.1030407
3.0,1.6226722
12.0,9.755542
12.5,5.859072
7.2,12.167771
12.0,8.453534
18.5,16.992044
7.2,3.0847273
7.2,6.8566103
3.5,2.198111
2.0,0.64359033
12.0,6.658215
5.2,5.028768
3.0,2.0973575
5.0,7.309983
4.0,2.735625
12.0,5.462156
12.5,15.986964
6.0,4.585347
7.0,7.1854115
6.0,5.318854
3.0,1.7499528
3.5,3.1187365
2.0,1.5123914
12.5,11.64946
8.0,10.443997
2.0,2.7507918
12.5,8.499424
5.0,4.0328403
3.0,2.671441
3.5,1.7165511
12.0,6.2408485
3.2,2.3860228
0.02,-0.030718934
12.5,7.517187
4.5,4.092852
12.5,15.379274
12.0,11.195137
7.2,9.37936
7.8,7.364223
12.0,9.536908
15.2,3.9232671
2.5,4.158654
0.0,1.5819439
4.0,3.7790601
12.5,5.904753
0.01,1.5198264
3.5,6.225126
12.5,8.482025
8.5,5.2894793
12.0,9.484427
2.0,2.1100378
12.5,10.149524
4.5,9.753152
12.5,7.253341
5.0,3.2861876
12.5,4.107568
3.5,3.724473
7.2,4.108649
12.5,8.674694
3.0,1.5134424
15.0,10.593857
8.5,5.8243933
15.2,8.827943
12.0,6.564044
5.0,4.0686793
4.5,4.9795356
15.0,8.784838
12.5,8.448356
3.0,0.98448783
2.0,2.071496
3.5,2.3919137
12.5,8.921282
15.0,13.640818
2.0,2.8637536
1.2,0.30368334
12.5,11.599433
18.5,16.978216
1.2,2.110776
8.0,12.383206
5.0,5.181681
11.0,8.464829
12.5,9.635764
7.0,8.370005
12.5,6.11153
18.5,10.480193
7.5,10.749296
12.0,10.041437
15.2,4.794098
4.0,4.296873
3.0,2.1918497
12.0,10.623869
8.0,4.2932143
5.0,5.118384
12.5,8.016917
3.5,1.1380129
12.0,11.737271
12.0,6.047596
7.2,12.182548
12.0,7.9941196
4.5,3.240984
3.0,3.8785725
8.5,6.035401
3.0,1.9860976
12.0,4.173776
7.5,10.65624
15.2,15.640673
8.0,5.31052
4.0,4.8603187
12.5,10.105558
2.3,1.8448346
1.2,0.61955523
3.2,3.8478825
4.0,2.173298
3.0,2.820109
12.0,5.0096164
12.0,8.355225
12.5,6.502313
6.5,8.375209
4.0,3.9369206
18.5,17.730316
8.5,10.446348
8.0,4.9682255
3.0,2.7749119
6.0,3.3917603
8.5,7.1056824
12.0,10.799231
1.5,0.53353435
18.0,12.369822
7.5,5.373817
12.5,8.350839
1.2,1.564767
12.0,3.5704348
7.0,8.965518
3.0,3.645616
12.8,14.3088875
4.5,3.2717505
8.5,4.310451
4.0,3.9167
3.5,4.6880674
12.5,11.694621
3.0,2.0101464
2.5,5.6929946
4.5,4.0432963
12.0,9.892871
12.5,7.7659593
6.5,7.5262604
6.0,6.641696
5.2,5.101187
5.0,4.783246
7.0,6.5226474
8.0,3.9503
15.2,15.775094
2.0,4.2052045
8.0,6.692666
6.7,6.8858232
1.2,0.5637451
5.0,1.9027642
12.5,10.107614
4.5,5.0316787
10.2,8.857668
3.0,2.024972
4.2,5.0417814
0.03,0.3697502
7.5,8.103889
2.7,11.55013
1.7,2.1208928
1.2,1.8955727
6.5,5.352685
1.2,0.53472775
12.7,15.126146
18.5,17.061935
7.5,7.491923
3.0,3.60096
12.5,14.6446905
12.5,13.373674
4.0,3.412944
3.5,3.3767514
5.8,10.56986
7.0,8.369998
12.0,6.6095285
12.0,6.1786847
12.0,6.567376
3.0,2.6325808
8.0,6.6037955
18.5,19.20641
15.0,13.8579235
6.0,6.214937
3.0,1.1275365
3.0,5.1783857
15.2,19.217424
12.0,6.8308625
18.5,16.293882
1.2,2.7786343
2.0,1.6904691
4.0,4.4181733
7.0,5.084327
7.0,5.262888
2.0,1.3724923
18.0,10.635354
3.0,1.9646865
15.2,12.589667
1.2,1.433613
12.5,8.991233
6.0,5.46486
7.0,4.5133286
3.0,4.999349
6.0,5.180105
12.0,5.1152067
15.0,12.7895775
1.5,6.3761463
12.0,5.765341
5.0,3.8811414
8.0,5.5838413
12.0,11.949287
3.5,4.5353017
12.0,9.646126
2.5,3.7658105
1.5,1.8552046
3.0,1.3108675
12.0,7.5198274
6.5,5.950048
1.5,2.15705
12.5,11.371165
4.5,2.1129005
3.0,2.750825
15.0,9.601726
2.0,0.08972072
12.5,8.195164
8.0,9.004638
2.5,2.5786738
7.2,7.3850784
12.5,6.633658
12.0,4.0356026
4.0,2.4905155
7.0,4.288264
3.0,2.8662326
12.5,12.319855
4.0,1.7067891
12.0,6.2578216
3.0,1.4413269
4.0,0.8572045
6.0,3.3938584
15.0,5.5920777
12.5,9.573217
0.0,1.2951843
12.0,11.208344
7.5,6.898996
3.0,3.651866
4.5,5.7462177
3.0,2.7260537
12.5,10.273375
4.5,5.469457
12.0,5.8626184
12.0,10.955732
3.0,1.4257067
12.5,9.651298
3.0,2.5305238
15.2,11.321055
15.2,15.239973
12.0,9.431848
1.2,1.6953483
18.5,21.170586
8.0,5.2921224
15.2,9.495129
5.0,5.354217
7.2,12.555746
2.5,1.2001516
3.0,2.4452217
4.0,3.8461914
1.7,1.8910551
4.5,5.4556894
4.2,4.7388496
3.0,1.8111544
12.0,8.8513775
12.0,8.706243
3.2,3.3106787
12.5,10.270673
6.5,9.609445
3.2,6.364744
12.0,5.852397
4.5,7.755721
4.5,4.812443
12.5,4.5187
8.5,4.213461
12.5,15.07697
12.0,4.871418
3.0,1.5539653
15.0,12.620545
5.2,6.792018
15.0,8.97122
3.5,2.6672537
12.0,3.6511893
12.0,7.082918
7.2,5.9519715
7.5,4.060061
5.2,8.261839
14.5,12.190445
1.5,2.6730876
12.0,5.7553964
4.0,5.0131836
3.2,1.5544529
6.5,7.129357
15.2,15.186984
10.5,11.556096
5.0,4.9439077
8.0,7.4086804
15.0,9.297118
3.0,1.5128812
12.0,2.3911386
5.2,5.4174576
12.0,4.6226835
12.5,13.928654
12.5,10.101217
15.0,12.610355
3.5,5.9247694
3.0,4.444446
4.5,3.8950849
7.5,8.38246
4.5,4.937856
3.2,4.739034
3.0,1.8414209
2.5,2.1807086
1.5,1.2298187
6.0,5.0207214
12.0,10.548086
0.05,5.719004
5.0,3.7296958
12.5,14.391969
4.0,3.4768
1.2,1.4874277
0.0,1.4908446
4.0,4.4665475
3.5,5.255891
12.0,6.9548407
2.0,1.988036
7.5,14.197641
12.5,13.514572
5.2,7.5513206
5.2,7.5536504
0.0,0.122137345
12.5,11.819083
6.8,6.474461
4.0,3.4860508
7.8,7.7706666
12.5,9.018891
8.5,11.931657
12.5,10.301612
12.5,6.3332014
15.2,10.917883
3.0,5.0456896
8.0,9.269452
15.2,13.826295
4.0,3.821139
12.5,10.690258
2.5,5.3740697
12.0,9.953013
3.0,2.9689775
7.0,6.095557
7.0,7.3242536
1.2,0.5969913
12.0,6.099908
3.0,0.67333144
1.5,4.8524804
2.5,0.22541285
15.2,15.642171
5.0,5.71173
8.5,6.624515
12.0,5.68306
4.0,3.7237523
7.5,8.656844
3.0,4.4472604
7.0,4.065175
5.0,1.7632939
12.0,6.630384
2.0,2.013889
12.5,7.623589
2.0,1.8141767
3.5,5.45312
14.5,6.3156238
1.7,5.956279
14.0,5.1758046
7.5,5.8757677
7.2,4.438932
8.0,6.557729
0.0,0.011971802
0.0,0.90704393
7.2,10.108154
22.5,15.432343
12.5,11.046511
12.5,7.7960067
8.0,8.004251
2.5,1.1412992
7.0,6.5591445
6.0,4.5488834
14.0,10.131608
1.2,0.8933566
15.2,11.1484
12.5,5.169822
12.5,5.400516
6.0,7.1958117
7.0,4.6707144
12.0,9.099529
4.5,3.8481429
12.5,10.260847
4.0,7.5607123
7.2,8.995443
3.0,3.0360494
15.0,7.174087
3.0,3.390038
6.0,4.0817637
7.0,4.5597
4.5,3.205514
7.0,5.8281918
12.0,5.1397643
7.0,4.3385253
12.0,7.6342916
5.0,6.735634
5.0,3.146533
6.0,7.1884675
12.5,9.664911
0.03,1.3070766
7.2,9.660662
0.0,0.16266292
12.5,10.665055
5.0,5.641921
2.0,0.43873292
7.5,6.3230357
1.1,1.8690633
12.5,14.640254
12.5,9.078433
3.2,6.3722353
12.5,8.475102
15.0,6.9929204
5.0,4.415856
12.0,9.211955
6.0,3.128563
3.0,2.3088775
12.5,6.8044786
1.2,2.5852456
7.0,10.11727
15.2,12.239278
7.2,10.944121
12.5,8.17143
0.01,2.9916575
1.2,-0.019029062
7.2,10.577018
12.0,11.488728
12.0,8.45135
5.0,4.512888
1.5,1.6017303
15.5,8.030507
4.0,5.7932787
6.0,6.695713
5.0,4.6066027
15.0,11.070602
2.8,3.9929757
6.0,7.085023
3.0,2.0558586
4.5,1.4426267
6.0,5.1850944
7.2,4.1970387
12.5,6.9443197
4.0,5.375947
4.0,2.6078112
12.5,5.6281495
12.0,4.7399726
1.5,1.0375932
0.05,5.3356075
2.0,2.1536312
3.5,4.547128
12.5,9.361411
2.0,2.0034091
2.0,0.42413622
12.5,6.995601
3.2,3.9483123
4.0,1.6039939
3.0,2.050473
7.0,5.6377916
5.0,2.6656177
2.5,2.5597289
2.0,1.8476033
6.5,4.573203
7.0,4.714605
12.5,8.942437
12.5,13.725021
3.5,4.022603
4.0,2.761111
1.5,0.79840404
7.0,3.4540398
8.0,6.3850074
3.0,2.9265332
3.0,2.6583657
1.5,3.2853527
7.2,4.587067
15.0,4.014897
18.0,7.10443
12.5,10.380853
10.5,9.268726
2.0,3.4112065
1.0,0.601294
12.0,11.037429
1.2,0.18571691
2.5,1.7731909
12.5,11.08436
6.0,5.189118
12.0,6.925643
12.5,10.318673
8.0,3.262521
3.5,5.868153
6.0,4.4469304
3.0,3.7297215
1.5,0.9645406
15.0,14.487465
3.0,8.101656
12.5,8.876619
15.7,14.81177
12.5,11.443663
4.0,4.1474214
4.0,2.3328192
12.0,6.3747935
3.5,1.4353309
1.2,1.6154333
12.5,9.008353
0.0,1.5815325
5.0,2.431718
2.5,1.8870807
12.0,7.6571493
12.0,8.904162
3.0,2.3697708
3.0,4.0041184
12.0,6.567262
7.0,5.739396
12.5,13.190054
28.5,17.506584
6.0,4.973699
4.0,2.084831
3.0,2.0546253
15.0,9.946699
7.0,9.610135
4.5,2.219196
12.5,17.430944
7.0,4.964229
6.0,7.1266003
3.5,7.059545
4.0,1.4886485
1.8,4.7603507
15.2,11.394002
3.0,0.7377644
2.0,1.746579
7.0,5.6113877
12.0,8.951425
15.2,14.99993
3.2,3.0959613
12.5,7.92654
5.0,7.2377214
1.8,6.0576987
12.5,18.203556
12.0,5.21986
12.0,5.953647
15.2,14.438319
12.0,7.63419
12.5,12.368612
12.5,5.8358994
12.5,9.580169
6.0,3.7510011
25.6,15.039888
3.2,5.107632
3.0,3.34386
4.0,4.15598
7.0,7.28865
12.5,7.101322
15.2,13.264071
8.0,4.0989885
3.5,9.767713
6.5,9.367353
12.5,14.913961
5.0,8.042713
15.0,6.583919
7.5,7.3105407
3.0,2.8726878
12.5,5.3389606
3.5,2.7935383
8.0,7.8983135
4.5,5.16527
12.5,14.666374
3.5,4.3970127
4.2,2.6948364
15.0,6.8695397
6.5,4.5728154
3.0,4.5583577
8.0,10.906785
12.5,5.446772
3.0,2.6117394
4.0,2.686293
3.2,1.9014769
12.5,6.507935
7.2,5.594454
12.0,5.3465295
12.5,17.023827
1.2,1.4035736
3.5,3.862855
7.0,5.576262
5.0,6.4439325
7.8,9.619559
6.5,9.758189
6.0,8.236155
12.0,9.494699
15.2,9.251987
8.0,4.059651
14.0,10.093557
4.0,4.075006
12.0,8.400569
7.0,6.8377776
1.5,1.7235228
5.2,8.28189
3.0,3.0334637
8.0,4.4914074
12.0,9.235594
7.0,8.449205
12.5,11.334586
3.0,1.209249
7.0,2.658666
6.0,3.5457878
4.0,4.592028
18.5,15.767835
2.1,2.241504
12.5,14.285073
7.2,7.1629663
3.5,3.8977551
12.5,9.288559
4.0,5.3724136
12.5,8.854704
2.0,2.0958266
3.0,3.0861952
12.5,16.164808
4.0,2.9110544
3.2,3.319509
12.5,4.1808724
15.2,11.922334
5.0,5.036873
6.5,5.467216
3.0,2.4782426
3.0,2.428931
3.0,2.3509068
8.0,4.4181404
6.0,5.2120266
12.0,5.6373286
1.2,0.35236228
12.0,7.3905473
0.02,0.39122915
5.0,6.8473516
12.0,7.712219
12.5,8.3131695
6.0,5.130345
15.0,5.886812
12.5,9.51209
15.0,8.295431
12.0,7.121696
4.0,5.281369
6.5,8.9541445
3.0,2.6708012
3.0,2.4085302
10.5,3.235291
2.0,2.5759501
5.0,1.9599549
12.0,3.3327503
3.5,4.1128335
12.0,9.589568
5.0,3.6181245
5.0,2.49837
3.0,1.3854886
6.0,4.0555735
12.0,8.341905
1.5,2.9567232
1.2,5.8489203
12.5,12.226173
12.0,8.55709
5.3,7.09571
12.5,12.536347
6.5,8.05785
7.0,6.7155733
12.5,11.686548
2.0,2.361167
4.2,9.88246
5.0,5.573889
4.0,0.9327472
6.5,3.682228
0.5,2.698869
7.0,7.16009
8.0,9.810594
12.0,8.309303
7.0,2.2045858
12.5,15.500545
12.5,3.1063058
6.0,4.4118795
6.5,7.8244386
12.0,6.283362
3.0,2.5876887
18.5,11.578464
7.0,6.297741
12.5,7.442715
4.7,8.5981245
6.0,6.6835794
7.0,6.218845
3.0,2.6810255
4.0,3.1453066
12.0,7.2254148
2.0,1.2655231
12.0,11.730552
2.0,2.2821393
8.5,7.9547715
12.0,5.6101213
4.0,2.8815994
7.2,7.6032186
12.5,10.683678
12.5,14.180876
1.1,1.5053002
6.5,7.763619
7.0,2.8438923
0.05,0.96950346
0.0,1.5980542
1.8,2.753063
1.2,1.8001916
15.0,9.796182
7.0,7.901072
3.0,3.1505399
3.0,2.8602636
8.0,8.08436
5.0,5.782293
5.0,4.124719
7.0,5.0634665
8.5,11.1032295
15.2,13.042388
7.2,9.717366
12.5,9.393863
1.5,2.0564635
4.5,6.51505
6.0,3.9536405
1.5,0.81349164
12.5,8.077545
12.5,10.768923
12.5,5.5679135
5.2,7.6882377
18.5,14.323326
4.5,7.269267
3.0,2.6806657
15.0,7.84204
6.0,9.664671
3.0,1.483077
3.0,1.8468462
4.0,3.324735
3.0,1.0133408
5.0,6.4247136
12.5,10.1477375
12.0,6.496316
12.5,8.016525
12.0,8.379684
5.0,3.8600283
4.0,1.9531612
12.5,10.810803
12.0,6.779587
4.0,5.3000035
12.0,8.46972
1.2,4.5082808
3.0,2.8365638
7.0,5.8192735
7.5,6.709825
3.2,4.57454
7.2,8.896002
15.0,8.548916
12.5,11.917496
3.5,4.2980957
3.0,2.4604852
3.2,6.703739
1.2,0.98126453
5.2,4.050442
7.2,7.567863
15.0,13.260932
12.5,7.208451
4.0,3.3620734
1.2,1.4004446
12.5,11.006722
12.0,11.0845
3.0,4.1751904
12.0,11.294481
4.0,2.8680363
7.0,4.9274683
7.2,4.1808906
8.7,8.617512
12.5,7.162267
3.0,1.989183
5.2,4.783893
6.5,6.097166
12.0,7.049566
5.2,4.0676165
8.5,8.949519
14.0,11.058383
1.5,1.0350504
15.2,18.28682
3.0,2.3145761
12.5,8.07394
3.5,2.0663974
4.5,4.083413
6.2,10.911285
18.0,7.783924
12.0,7.0933943
3.5,3.8063467
4.0,4.627956
18.0,12.788275
8.0,5.476129
6.0,11.955972
12.0,5.4156156
8.2,13.722362
1.5,1.003535
0.05,3.1590297
7.0,6.2875195
12.5,9.173075
3.5,7.0680084
6.0,3.5087636
14.5,14.892933
12.5,7.298761
3.5,4.832104
7.0,4.7102556
15.2,4.446414
7.2,6.541306
15.2,7.2443237
12.5,10.249007
15.2,16.699614
3.2,4.1052065
5.8,5.1555157
3.2,2.6486514
3.0,1.8893896
3.0,2.4226398
5.0,4.8618236
3.7,5.4780636
4.5,4.6055017
5.0,4.4761224
3.0,1.18256
3.0,2.7747085
12.5,6.2877192
7.0,5.7805166
8.5,11.783847
3.0,2.48495
12.0,5.043037
12.0,10.724553
15.0,8.927015
3.5,4.8934093
15.2,7.4477296
7.5,5.7023034
6.0,3.4477441
3.5,2.0845034
12.5,12.3818
4.0,4.732541
7.5,7.8487387
0.0,0.9805565
12.5,12.107007
4.5,5.683814
12.0,10.844593
4.0,3.2430499
3.2,2.7921722
8.2,10.843058
15.7,14.290736
12.5,9.14058
12.5,11.656182
12.5,9.855695
3.5,5.9904323
6.8,9.554585
12.5,9.703441
1.2,3.0653954
12.0,11.049201
3.5,3.2155569
15.2,12.852976
12.5,8.513308
1.2,2.1310236
3.0,1.0699341
3.0,2.1439672
5.0,0.75839955
5.0,3.8694594
0.0,1.5405942
3.0,4.910872
5.2,5.105256
5.0,3.747813
12.5,11.891563
3.0,1.164438
5.2,10.294019
15.0,12.069649
4.0,3.0510297
1.5,3.4485424
6.0,5.3079524
12.5,10.860857
3.5,3.0618546
6.0,2.1176088
12.0,6.99192
4.7,18.415339
7.2,9.940361
12.0,10.988511
1.2,2.1609967
10.0,4.506225
7.0,5.6805344
12.0,5.699521
8.0,10.517615
6.0,10.1680565
8.0,5.589783
3.2,3.9303954
1.8,4.392305
12.5,10.616692
12.0,6.33616
12.5,7.3414903
3.2,4.7760286
4.0,4.4926853
12.0,4.2976847
18.5,15.429204
12.5,10.345679
4.5,4.9324584
12.5,10.149264
5.2,3.741062
4.0,2.5468786
8.0,4.2210436
3.5,2.467271
5.0,3.7649975
1.0,0.60511994
3.0,2.2309868
7.0,5.685894
2.0,4.0804
6.0,4.661857
2.5,0.76821387
1.2,1.5602201
1.2,2.567425
5.0,4.047258
5.0,2.7753012
12.5,10.863038
8.0,5.780582
5.2,3.3363643
6.5,12.266388
5.2,4.4479165
12.5,12.84412
7.0,8.594345
12.0,8.728347
7.0,2.60737
12.0,7.578575
7.0,7.0869308
2.1,0.864157
1.5,1.1182086
7.2,9.184081
1.5,5.5082293
7.5,4.6026506
5.0,3.6493456
12.0,6.1839776
12.0,4.547111
7.5,11.176336
7.5,7.160714
12.5,7.2834897
12.5,5.6753035
5.0,3.6085563
7.2,3.8509276
1.2,1.3191371
12.0,10.5933275
3.0,3.398402
5.0,6.931372
15.0,12.153139
12.5,5.658098
2.5,2.2766886
12.0,5.540413
8.5,8.956015
15.2,6.9231925
7.0,6.376105
4.0,3.654347
3.5,5.3452563
6.5,4.9327736
3.0,0.61586016
3.0,3.2417655
1.2,0.42168462
7.5,8.664945
12.0,10.540267
12.0,9.007467
2.0,2.8644204
5.2,8.811015
2.0,1.0720316
2.1,1.198379
12.0,5.421532
12.5,10.124084
12.5,6.110451
15.0,7.609475
5.0,3.5828445
12.5,12.766109
12.5,8.062544
18.5,9.75661
12.5,12.02965
12.0,2.6368668
8.0,7.3730097
4.0,4.0712333
3.5,4.7423215
12.0,9.39242
2.0,2.3626664
6.0,6.0835986
12.5,10.58557
7.5,5.2588053
5.2,5.0623255
5.0,2.8391528
12.0,10.421107
2.0,1.8094261
7.0,1.5815412
0.03,3.137218
4.2,5.021094
15.2,10.192329
3.0,4.6443343
4.2,7.038046
12.0,10.262611
4.0,5.63803
12.0,9.937406
0.02,-0.04294291
7.5,7.3495975
0.0,1.0712028
3.0,2.680532
3.2,3.5362895
4.5,6.107642
14.5,10.437972
12.5,9.053785
3.5,3.208011
12.5,13.840142
4.0,2.6750426
18.5,16.237652
12.5,7.7366085
6.2,7.795891
15.0,9.095925
3.0,2.3248513
8.2,5.964436
4.0,3.803171
8.5,10.282925
3.0,1.5139686
3.0,3.8427682
0.03,1.0553296
12.0,11.907361
12.0,6.833359
6.5,5.272039
14.0,5.7885222
12.0,3.9313216
11.3,8.781911
8.2,9.066093
12.0,8.894322
5.2,6.267584
8.0,3.7474785
7.5,5.7694964
1.0,0.086281195
3.5,5.9838815
4.5,3.4825718
5.0,1.284483
5.0,5.9845443
12.0,4.7102923
3.0,2.5082338
7.2,10.172091
7.0,3.7534747
7.0,5.035944
7.0,6.375456
3.5,10.021499
7.0,4.43372
12.0,7.94571
3.0,2.4927688
12.0,4.8304443
15.2,9.597073
6.2,6.3205056
7.2,5.5916476
7.0,6.0504227
12.5,8.44784
2.5,2.8017497
1.0,0.3957134
8.5,4.6416492
8.5,8.501123
12.0,6.8978615
12.5,10.404118
4.0,3.4140167
12.0,9.609311
5.0,3.5855272
2.5,1.8219678
3.0,2.7600644
18.0,5.7121286
5.0,3.4948733
1.5,0.90166295
5.0,6.595298
7.0,4.630291
4.2,7.09069
8.5,8.071636
12.7,12.623309
6.5,8.419109
18.5,11.258004
12.5,11.211955
12.0,6.3396544
7.5,5.1801524
3.0,3.0435343
5.0,7.071171
12.0,6.0398965
7.0,4.0055356
10.5,5.8024106
5.2,6.587189
12.5,13.659853
2.5,1.8633507
2.0,3.0756006
12.5,12.301578
7.5,9.074494
4.5,6.0784903
3.0,3.821051
7.2,3.0648313
7.0,6.1367497
12.0,4.7890353
3.5,3.8986297
4.0,2.3328574
7.5,7.1124444
0.05,5.763819
12.5,16.891493
3.0,3.6019893
4.5,3.3035598
12.0,10.420485
4.5,6.6596727
3.0,1.7616293
5.0,4.491667
12.5,9.813496
5.0,2.805967
15.7,11.12047
7.0,7.271164
12.5,4.992791
2.5,4.4740114
7.0,4.0220594
7.0,6.258709
12.5,13.536532
12.5,9.797699
1.2,3.848651
0.02,4.1395874
2.3,1.209897
12.0,6.0552816
7.5,7.0307536
6.5,5.8743157
12.0,9.648163
12.5,20.58089
12.5,11.513485
12.5,5.932076
12.0,5.879054
12.0,4.887478
1.9,3.7907982
3.0,2.4300747
3.0,3.1505077
15.2,14.251128
1.5,1.415079
12.5,6.882725
15.0,14.749437
3.0,3.4595087
12.0,8.288461
3.5,1.2926756
2.0,1.1898577
15.0,9.705749
5.0,3.3986013
14.5,15.745965
12.0,5.953507
1.2,4.9073925
12.0,6.624788
1.2,0.25452256
2.1,1.9549862
3.0,1.4358934
12.0,11.193059
12.0,6.8879914
2.5,4.2903357
14.2,16.574787
18.0,8.477837
12.5,10.894312
2.3,2.769892
15.2,16.114899
3.5,5.345127
8.0,6.917216
8.0,9.048579
6.5,7.373213
5.0,6.7462435
12.0,8.816327
12.5,6.575742
3.0,1.1924107
3.0,2.980526
2.5,4.544354
5.0,7.9457083
3.2,2.059118
18.5,14.865019
3.2,4.1416287
0.0,1.0541607
12.5,14.968254
3.2,3.3503237
3.2,1.9982501
8.5,4.364438
12.0,4.997046
12.5,9.986571
12.5,15.594317
8.5,9.332441
4.5,2.7934566
12.0,6.9632483
7.0,8.742924
3.5,3.7175229
8.5,6.846566
15.2,15.729326
8.5,13.776757
3.0,0.4006003
12.5,10.249935
6.0,7.0768976
12.0,4.8498063
4.0,2.8061597
8.0,5.749073
5.2,6.0484533
3.0,3.8976095
12.5,7.1019025
4.0,2.6222858
3.0,4.572271
5.0,4.243449
7.0,4.163335
5.0,3.4595187
12.5,10.098247
2.5,4.2637196
8.0,8.565908
3.5,1.6882988
12.5,9.62007
4.5,2.835372
12.5,11.221251
15.2,11.409759
1.5,1.587479
18.5,13.594929
7.0,3.314909
12.0,5.077834
6.0,5.1662765
12.5,7.494625
5.0,5.7230186
3.0,2.3888168
2.0,0.51231915
15.0,11.076718
6.0,5.232062
12.5,17.35343
4.0,3.494586
4.0,3.3563156
12.0,6.679341
4.5,2.7751408
1.2,1.1561341
15.2,12.143596
12.5,10.159394
0.01,0.21836653
18.5,12.620105
12.0,7.351988
4.2,3.8070621
2.0,2.322635
12.0,6.8864784
3.0,1.4040126
3.0,2.1482213
14.0,6.129588
3.5,6.135989
4.2,6.272476
3.0,1.8302457
1.2,1.9885803
4.0,3.769932
4.0,4.0560446
0.0,2.7062056
12.0,2.304373
4.0,6.117877
1.2,2.333404
3.0,3.4466555
6.0,5.692453
4.5,6.2301354
3.0,2.8717723
0.01,0.53910094
12.0,6.6315546
12.5,12.858099
6.0,3.5484538
6.0,3.8200798
4.2,8.452032
7.0,3.4198723
8.0,3.5668077
1.2,1.999759
12.0,5.7411256
8.0,7.969398
2.0,2.4836643
8.5,9.380556
2.0,1.9429754
12.5,11.504926
12.5,12.289457
8.0,12.754113
12.5,8.411451
15.0,12.2093725
0.0,0.5287263
1.2,1.453989
6.0,4.857871
12.5,4.6464868
6.5,10.207064
0.02,1.0660065
3.0,2.0879374
14.0,5.1278014
12.5,11.7562065
12.0,6.7041297
12.0,10.37138
1.5,0.55770856
1.2,1.0143021
1.2,3.1503258
3.0,4.760953
15.2,8.133916
5.0,0.7579026
3.0,2.482795
3.0,0.76674527
0.0,3.3183682
12.5,14.405735
4.0,3.878558
3.0,3.1575441
15.2,8.938901
6.5,5.2638435
14.0,6.014465
12.5,8.711595
0.01,1.7550204
4.5,7.652007
1.0,1.1775193
15.2,10.927433
4.5,4.4229054
18.0,9.96293
12.5,6.3602953
3.0,4.109803
3.2,3.2866726
12.0,3.8583782
4.5,3.1822083
12.0,12.792857
7.2,4.8139787
3.0,1.5512817
1.2,2.0052807
14.2,9.470282
3.0,0.6366204
15.3,11.671344
12.5,5.5147495
4.0,3.6854687
4.0,5.2908244
12.7,11.07597
12.5,7.6497765
12.5,13.029971
2.0,1.3049272
7.0,7.44905
12.0,6.8617992
3.0,1.6252656
12.5,7.844706
15.0,11.618494
12.5,11.42108
12.0,10.068182
12.5,13.270202
8.5,12.787881
14.5,11.8161
3.0,2.396437
15.0,12.601639
5.0,4.245765
12.5,7.708688
12.5,3.1327446
1.2,3.3269212
15.0,3.8408544
6.2,8.598821
12.0,5.2422433
1.2,1.1497015
6.0,4.288156
3.0,3.0146317
7.5,4.6496572
1.2,2.0891275
15.2,15.305955
12.5,11.366667
15.2,9.327146
2.0,2.203876
12.0,8.435804
12.0,8.143779
15.2,15.881452
4.0,4.131608
8.0,6.817146
6.0,6.3291655
10.0,4.8421655
8.2,9.413973
1.5,1.1852919
6.0,5.0500484
3.0,2.2133632
9.5,9.937819
3.0,5.561605
4.0,3.7137616
12.0,5.2338624
12.5,5.966601
5.0,4.5057855
7.2,8.334254
2.3,2.8049452
3.0,2.7951393
3.5,8.5662365
7.2,11.04442
10.0,6.813651
12.5,11.964278
7.0,8.001791
12.5,11.7229185
7.2,5.8644357
1.2,1.418378
3.2,1.5730537
1.2,1.1613809
3.0,2.7059321
12.5,13.442438
1.2,3.7951002
3.0,2.6124194
15.2,14.819048
12.5,9.742191
12.0,5.9090767
4.5,1.4831936
12.5,12.504349
3.2,7.051021
0.0,0.37776357
6.5,6.665516
12.0,7.069911
15.2,14.836369
3.0,2.570811
6.0,8.635275
2.5,2.4171228
12.0,9.893337
6.0,3.532778
2.5,2.7266355
7.5,7.0345826
15.2,14.539166
1.2,0.73084426
0.0,2.3933475
7.0,5.7499046
15.0,11.182492
2.0,1.4315523
7.0,3.075424
12.3,14.514122
4.0,6.204907
7.2,5.3520374
12.0,6.458293
15.2,11.9597845
7.8,8.20653
4.5,3.250204
0.0,0.037158117
8.5,7.936465
4.0,4.8853564
12.5,5.669899
3.5,3.4888942
12.5,13.537731
5.2,9.651667
12.0,5.696335
6.0,4.0010004
12.5,4.4980063
12.0,6.955457
12.5,8.04818
12.5,13.670059
3.0,6.7813478
12.0,5.095182
3.0,2.226873
4.0,3.220579
12.5,17.670753
3.5,6.5892873
3.0,1.9135708
2.0,0.8053935
4.0,3.524133
15.2,8.651195
1.2,2.7706485
8.0,5.695137
5.0,4.480931
3.0,2.6955557
5.0,6.6486397
4.0,4.960417
7.0,7.8073516
3.0,4.5263333
11.0,3.952764
1.0,2.9813032
2.0,1.4774746
5.0,6.3578663
12.5,15.703279
12.5,14.736969
3.5,2.8022704
15.2,12.526417
12.0,6.183022
4.0,0.9800844
12.0,6.6773877
12.5,13.900375
12.0,9.612235
3.5,3.6033325
0.0,-0.048470147
8.0,4.2123284
3.5,5.502561
7.0,5.545268
8.0,8.010266
1.8,3.53653
12.5,17.534357
15.2,12.441343
12.0,6.6468143
1.5,2.805577
12.5,11.885577
8.5,11.93493
6.0,8.775808
1.2,2.8812695
3.0,3.5690796
12.5,7.413489
12.0,4.3839116
1.2,0.03202571
12.0,10.157301
15.2,13.146964
3.7,7.5807557
12.5,10.4850235
0.0,1.3769666
12.0,3.0140853
6.0,6.7227736
15.2,13.52286
3.0,6.028964
12.7,7.403545
4.0,2.4790535
4.0,9.271348
12.5,3.6401598
12.5,9.405034
0.0,-0.02296909
3.0,2.447807
12.0,7.0250664
2.5,1.8879231
5.0,3.5049338
0.8,0.57291913
5.0,7.774633
3.0,1.4428025
7.0,5.4261074
3.5,3.0216174
6.0,6.193131
5.0,1.8981081
15.2,12.815593
5.2,6.097846
12.5,10.069363
8.0,10.140882
18.5,14.661862
5.0,5.060727
7.0,1.8304092
7.0,5.54788
2.5,1.9445689
12.0,9.409748
18.5,13.746544
3.5,2.63691
3.2,4.523124
4.2,4.9392447
6.2,11.924044
12.5,10.5641165
6.5,4.8251066
12.5,12.102238
12.0,7.5868697
12.0,5.5880632
7.0,5.936234
2.0,3.454076
12.0,8.553181
14.0,4.5509295
1.5,3.4178298
8.0,10.6659
4.0,2.200286
1.2,2.4552515
4.2,12.695015
12.0,7.8986607
3.5,3.8000832
12.5,11.848789
15.0,8.085127
12.0,4.5287967
6.0,4.6814575
7.5,5.741494
12.0,11.376757
2.0,0.87423193
18.5,17.038252
7.3,5.138306
1.1,3.615261
4.5,4.31456
1.5,0.52124697
1.5,1.9678583
12.0,6.1896977
0.12,1.7945018
7.2,5.280279
8.5,5.111483
4.0,2.4282608
8.5,9.866745
12.0,4.809877
12.0,4.184776
12.5,8.699904
12.0,8.241179
8.5,4.5779667
3.0,3.2230873
14.0,6.4565907
2.5,3.635404
12.0,5.643588
7.5,5.0279984
7.0,7.789203
10.5,8.82544
2.0,1.9238297
15.2,13.515648
2.0,2.216095
2.0,4.0912437
12.0,9.551793
14.5,14.252634
1.2,3.8233395
7.0,4.8500667
4.7,5.7780414
6.0,3.5725274
12.5,11.0496025
3.5,5.4174156
2.5,3.9518259
12.0,9.031701
12.0,6.401268
15.2,15.482368
12.5,9.784374
1.7,1.2397794
3.5,4.533171
12.5,12.368518
8.5,5.5198245
18.5,13.560281
28.0,16.684172
3.5,3.1211345
7.0,3.216429
12.0,11.359435
12.5,12.503034
3.0,4.065724
12.5,17.625793
4.0,3.595452
18.0,6.223597
12.5,7.5094666
4.0,3.174631
18.0,7.8841543
12.0,9.975825
3.0,3.6665676
3.5,9.046603
10.5,15.144244
9.2,8.224306
5.0,3.8552403
7.2,5.573156
5.0,5.3960705
12.5,12.745731
12.5,15.550994
4.0,4.286923
3.0,4.6008043
1.8,3.7203972
1.2,2.704498
12.0,11.584377
8.5,13.193227
3.5,8.918556
14.0,6.3872333
5.0,3.5756464
8.0,6.0523853
2.5,3.115015
2.0,3.889931
15.0,10.539934
7.5,5.1887026
2.5,0.9472335
15.2,13.2887745
3.5,5.9011993
5.2,3.7433379
6.5,9.84599
4.0,1.5928129
5.0,4.4764843
6.0,8.426743
14.0,12.743625
3.2,4.698174
4.0,5.619175
15.0,4.993933
15.0,8.409426
12.5,10.026915
12.0,10.220493
12.5,14.549124
25.8,14.822704
6.0,3.928258
5.0,5.3687253
5.0,6.3208766
4.0,2.6075552
18.5,17.807447
12.0,3.881784
7.5,10.318726
4.8,7.720865
8.5,13.165636
5.0,2.9077032
18.5,16.119467
14.5,16.936588
12.5,9.045352
12.5,8.060675
3.2,3.3080673
12.3,3.5175924
15.2,13.606913
15.0,3.6328714
7.2,7.559054
7.0,4.652328
4.0,3.9139514
3.2,3.926136
6.0,2.0186038
2.0,1.3723325
3.5,2.3900723
3.0,3.0955043
7.0,3.718641
12.5,11.38733
6.2,6.6664248
12.0,7.834345
6.0,5.047465
6.5,6.0879126
2.0,4.188682
5.0,2.0834305
4.0,3.762311
5.2,4.291664
12.0,4.8477697
3.5,3.9824474
12.0,11.903308
3.0,5.805582
12.0,6.56403
12.0,11.089233
7.0,5.7904987
12.5,9.585841
8.0,5.689301
1.2,1.3256404
3.5,5.310007
3.0,3.2050343
7.5,7.0467534
3.5,2.85532
2.5,1.7439804
2.0,0.033996895
15.2,16.929296
12.5,5.139179
6.0,3.1344695
4.5,3.8240333
6.0,7.5039563
5.0,1.4071938
3.0,2.6749094
12.0,7.037191
18.5,13.907455
12.5,14.669914
3.0,1.3421377
18.5,14.826165
12.0,11.497118
7.0,5.524797
4.0,1.0741746
12.0,8.572884
12.5,8.873001
12.5,16.010593
8.0,4.7966614
12.5,12.100003
12.0,6.7597194
0.15,2.1226397
6.0,6.6629577
3.5,2.1619482
5.0,2.2538211
12.5,7.150489
2.3,1.6656572
3.0,2.9264472
2.0,2.656321
1.2,1.9982028
5.0,5.0024157
12.5,13.838333
7.2,9.041022
5.0,6.395506
14.5,6.3618193
12.0,5.9535513
12.0,5.2730174
2.0,2.3652744
12.5,8.051466
3.0,2.1239457
5.0,3.799446
7.0,11.824547
10.0,5.5074296
12.5,12.692901
3.5,4.66136
5.0,10.2632065
12.5,7.839937
4.5,5.1233335
8.5,10.867952
12.5,12.588423
5.2,8.733329
2.0,1.8578128
15.2,15.383227
12.5,8.327588
5.0,3.516816
1.2,2.5347745
2.5,4.065588
6.0,1.7869495
4.5,2.6075475
12.0,5.719902
2.0,1.271412
3.0,0.6700826
4.0,3.8155737
7.2,12.829284
2.5,3.1198275
3.5,1.9684359
12.5,15.903386
7.8,15.513376
6.5,9.578081
12.5,7.262757
6.5,9.499063
12.5,11.750877
12.0,8.617188
12.5,7.016839
2.0,0.91796494
12.0,3.4028425
15.0,10.809426
28.0,18.951906
12.5,14.675002
7.2,13.583855
12.5,8.299461
7.2,9.369578
3.5,3.8084068
15.0,15.04763
4.5,4.929092
12.0,8.596601
2.5,3.4657595
12.5,12.772666
3.0,3.7199714
15.7,10.559581
12.5,13.625534
4.0,2.23932
3.5,3.400806
12.5,2.5668943
0.0,0.095917545
3.5,2.6302848
8.0,5.2669983
15.2,13.452864
15.2,11.0917845
7.5,6.576567
14.5,12.46382
7.0,4.9481955
12.5,9.913807
12.5,10.377964
3.0,1.8437291
7.0,7.214885
8.0,2.5664246
3.5,3.3388824
12.5,14.770589
6.2,7.213079
8.0,5.6939797
4.0,6.778106
12.5,9.339132
8.0,6.391678
7.0,3.3382444
12.5,11.795437
12.5,12.855502
12.0,4.187369
12.5,16.06808
2.5,3.736052
5.0,4.314518
6.0,4.4183
12.0,11.002403
8.5,7.613134
12.0,2.405807
12.0,2.9938483
7.0,6.8903427
12.0,6.866568
5.0,3.1497738
3.7,6.004515
4.0,2.0692718
4.0,1.1924211
3.0,1.9254173
7.0,5.2796497
3.0,4.6870604
2.5,2.6917655
2.5,3.3638654
12.5,10.6546545
0.05,1.9443629
18.5,13.661793
4.5,2.891308
4.0,2.1931903
12.5,17.144978
4.5,5.787319
4.5,6.5898404
3.0,2.8501651
7.5,6.9861693
19.0,14.577015
12.5,6.20017
12.5,3.6352923
3.5,3.8141506
4.0,4.760753
1.5,0.992804
12.5,6.36704
12.0,5.634393
6.5,7.236594
3.0,3.5948744
4.5,5.450261
5.0,2.7319772
4.0,4.230587
8.2,10.802656
12.5,9.287756
4.0,8.277303
2.0,1.2559253
7.0,5.0294957
8.0,6.4335628
12.0,2.6124947
15.2,10.301321
4.5,3.4595757
12.5,14.241796
3.2,2.9988625
12.0,4.3852067
4.5,2.591382
8.0,4.5118933
4.0,4.055031
2.5,1.4416448
4.5,5.3038692
2.0,0.5548445
3.0,2.0310838
1.2,1.1115522
12.5,9.035776
5.0,3.4653087
6.0,3.8848343
3.5,1.7768886
7.0,6.8796263
10.0,6.704299
7.2,6.529021
12.0,3.0297506
3.2,3.4647703
3.2,3.6952202
12.0,7.0129395
3.0,4.464041
12.0,6.823815
3.0,2.3548403
0.0,0.0076620076
3.2,4.839043
12.5,12.253604
4.0,3.7905452
4.5,5.774518
12.5,12.568193
1.2,2.875995
4.2,10.377146
15.2,12.618627
7.5,6.609853
5.0,3.2317908
12.0,8.700848
2.0,3.9212313
2.0,0.7341625
15.0,12.035961
12.5,8.705556
1.2,0.8906288
3.0,6.9899716
7.3,4.644592
6.0,3.4684727
15.2,9.93538
7.2,3.9543662
12.0,7.873625
5.2,8.198177
12.5,6.6049247
0.0,-0.036383715
4.2,4.0426426
5.0,3.7811904
12.5,13.143156
12.0,7.856871
14.5,9.367439
15.7,10.24149
12.0,8.961179
0.05,0.6749329
12.5,7.936869
15.2,7.989723
12.5,7.7079883
1.2,3.0363107
8.2,11.169461
14.0,5.8613086
3.0,2.77685
7.2,9.571181
1.2,0.8537577
12.0,7.4934487
5.0,3.1501222
2.0,1.5273656
5.0,5.0048385
7.5,6.0074368
12.5,6.4684167
7.2,10.2575865
4.5,4.726798
12.0,5.233876
12.0,8.99895
7.8,8.839053
3.5,5.1238823
12.5,9.57441
3.0,3.5441022
3.0,2.5516863
12.5,12.536107
12.0,7.8107886
7.5,7.286138
0.5,-0.0029195677
5.0,4.181747
12.5,7.8844633
3.0,0.8918632
7.0,1.746967
12.5,10.843088
3.0,2.1768374
12.0,6.3671446
3.5,3.8487644
7.2,10.705327
3.5,4.5111957
12.5,8.244254
12.0,12.276825
2.0,0.97994244
12.5,6.249453
12.0,7.8657904
6.5,7.565742
7.2,5.660358
12.0,6.304466
12.0,12.968859
12.0,7.6535625
3.0,1.5606921
1.2,2.8473134
12.0,3.00949
12.0,4.591951
6.2,9.777613
10.5,9.713791
15.0,11.946747
14.0,9.933915
18.0,7.1643987
2.1,5.0717173
15.0,10.655024
1.2,1.9673994
0.0,1.3781698
3.0,4.0246277
12.0,8.951139
6.0,4.312568
1.5,0.8752613
12.5,12.848449
12.0,3.4576538
18.0,16.147758
15.0,8.019138
12.0,15.715012
12.5,9.45782
14.5,11.360358
2.5,2.197984
4.0,3.9408987
15.2,13.052397
12.5,7.9080024
1.2,2.4335966
7.2,5.68993
12.0,7.3827686
7.0,3.9264295
3.0,2.8179402
3.5,7.0184054
2.5,1.8662673
4.0,2.6468825
12.0,5.1400948
7.0,3.9269645
12.0,3.4648623
5.0,5.957588
12.0,8.225626
12.5,10.049547
12.5,8.454477
4.0,2.9442022
12.0,11.008232
3.5,4.928077
15.2,13.774044
10.0,8.678934
12.0,5.8149123
1.8,3.3332675
6.0,4.6011634
7.2,7.206011
15.2,13.774846
12.5,10.932447
5.0,5.731879
7.0,4.0941176
12.0,6.3513474
8.5,5.6961274
6.2,6.1971083
0.0,0.72200614
4.0,4.745581
5.0,4.511252
5.0,5.139062
6.5,7.542703
3.0,1.7060434
1.5,0.14050272
12.5,12.163735
2.0,4.7908964
7.2,18.266973
5.0,3.7170386
12.5,7.633496
6.0,6.739447
6.0,3.9282274
12.5,9.495707
8.0,5.9150763
1.5,-0.035290755
0.0,0.11657314
7.0,2.6102328
5.0,2.7794354
6.5,4.6647267
6.0,4.6708474
7.0,3.703578
12.0,6.76453
3.0,2.8032458
3.0,4.100619
3.5,4.208891
2.5,2.9994242
12.5,9.138054
7.2,5.0890865
7.2,5.6607165
12.5,11.220624
1.0,0.015531555
12.5,9.5442095
2.3,3.4644935
12.5,7.868481
0.0,2.8237114
6.5,9.032616
3.0,3.8311462
3.0,4.8705096
12.5,8.377402
3.0,2.255005
4.0,5.094586
1.8,3.867061
12.5,6.5349584
10.0,11.734084
4.2,4.386437
12.5,6.1611953
12.0,5.1767845
3.0,3.0569754
3.0,1.0279938
15.2,13.757706
12.0,7.0801797
5.2,4.879446
18.5,10.0279045
12.5,4.5432143
18.5,14.278861
5.0,3.637376
3.5,6.8632216
8.7,8.914211
3.0,2.9979818
7.0,5.6617126
10.0,8.193785
4.5,4.0778575
5.2,5.1040807
12.5,15.937517
12.5,10.228696
12.5,14.505929
5.2,6.075769
12.5,3.6120446
1.2,5.084983
14.5,16.437847
7.2,14.027329
1.2,2.8494093
12.5,11.568685
7.2,10.36933
15.2,6.88983
12.5,5.596141
15.2,7.2371984
18.5,14.119853
12.5,10.154446
3.0,1.6254805
8.5,10.118141
5.0,2.8381271
5.0,4.50733
12.0,9.471002
12.5,16.54425
3.0,2.423598
12.5,15.314957
15.2,11.988232
7.0,7.4354367
2.0,0.0062915497
12.0,11.11946
7.5,6.919053
12.5,10.355675
1.2,2.7535903
12.5,14.006617
12.5,4.3757243
12.0,5.573023
12.0,4.8827906
4.5,3.7838178
12.0,7.3802676
12.0,9.030312
12.5,11.660078
12.5,9.907752
7.5,4.909082
6.5,4.8541083
12.5,9.074561
12.5,11.479579
4.5,9.00682
2.5,6.0114856
12.0,5.597577
12.5,13.343547
2.0,2.4171538
5.0,4.139242
12.0,5.5939426
15.2,13.356431
4.5,2.6255586
12.0,6.9303193
1.5,4.262191
5.0,6.7459235
1.2,0.32503188
2.5,1.9494848
5.0,6.264221
2.5,4.4259243
15.2,15.8251505
6.0,4.600748
7.2,12.580114
12.0,3.3445382
7.0,7.106446
12.5,7.4505205
12.0,8.6895485
3.5,1.5064604
12.5,11.7332535
15.2,11.940812
2.0,2.2902622
3.0,1.0222887
3.0,4.2120423
12.0,3.1665158
18.5,16.437096
12.5,10.716164
7.0,4.8012047
1.2,0.60906494
8.0,6.3604836
3.0,4.3833413
6.0,4.6935415
7.2,13.711058
14.0,2.961644
12.5,8.22462
0.03,1.7170287
3.0,2.9816837
12.0,7.9289002
4.0,1.7790676
6.5,5.787852
0.5,0.046194077
7.0,5.070268
5.0,4.8744326
3.5,6.580097
7.0,6.035048
3.5,6.1376524
12.5,5.43564
15.3,3.3453407
1.2,1.2358317
2.8,3.590907
4.0,4.5551023
15.2,10.462119
4.0,2.077699
12.5,9.580158
12.5,11.472431
12.5,5.638673
1.5,5.3156376
4.5,6.6622715
12.0,5.7887893
4.0,3.9429827
12.0,9.937609
7.0,6.5066576
0.03,3.0178523
15.2,17.072523
2.5,1.9927325
12.0,7.3075037
12.5,11.290967
4.0,3.7879872
4.0,3.2572548
3.0,2.8130696
12.0,4.9455247
2.0,1.149245
5.0,5.3666744
0.0,1.8939198
12.0,7.3112483
5.0,2.6048942
3.0,2.4055798
1.5,1.3275673
4.5,8.453245
1.2,1.9022716
12.0,9.840191
12.0,6.448958
12.3,6.730224
15.2,8.272515
12.3,3.4621553
6.5,2.7957697
12.0,8.72529
5.0,2.3777244
12.5,9.002788
3.0,5.7450495
12.0,6.901931
18.5,16.581951
12.0,7.243261
15.2,14.357285
7.0,6.4600563
12.5,7.963045
4.0,5.77778
3.0,0.88579696
0.0,0.20508003
12.0,9.341062
14.5,13.259646
4.0,3.4546437
0.5,0.9493116
1.5,1.3719391
3.2,1.6433762
12.0,9.307806
12.0,6.343931
0.0,0.06741588
4.5,7.11914
4.0,4.5783987
15.0,3.2651758
12.5,10.563069
14.0,9.946208
12.5,8.815299
12.0,8.454198
12.5,3.9572544
4.0,2.517026
7.2,6.5878057
15.2,9.177908
5.0,1.5178932
1.5,0.13643429
7.2,4.4790306
3.0,5.784722
12.0,10.113498
18.0,8.600291
5.2,6.3833275
5.2,4.471055
1.2,6.771382
3.2,7.1615496
12.0,7.3932705
5.2,5.7812643
14.0,7.8881164
3.0,1.5007643
2.0,1.1821907
12.0,8.274937
5.0,4.175593
12.5,9.421715
7.2,6.064833
3.0,3.0799901
0.02,4.1642356
7.2,7.562238
3.0,2.8334935
1.2,0.88404506
3.0,3.202756
15.7,10.897979
18.5,10.729765
12.3,10.807706
12.3,9.96232
1.5,4.009288
3.0,2.7647452
15.2,16.10477
15.0,8.494674
8.0,7.5242167
2.0,1.55499
4.0,2.5399837
6.0,2.476718
12.0,7.068083
7.0,5.8102627
3.5,3.1955748
2.0,-0.03599196
7.0,3.2449145
4.5,3.6367433
4.0,2.943229
18.0,7.665887
12.0,5.044042
7.2,10.088932
3.5,6.5222178
12.5,11.680772
4.5,6.35322
3.0,3.9679906
6.5,8.861596
4.0,3.511738
6.0,7.019197
2.5,3.542775
12.0,13.904568
12.5,16.247564
6.7,9.885372
8.5,7.9808645
1.2,0.93572587
6.5,6.690145
4.5,5.7381506
4.0,3.302439
12.3,7.994945
7.0,2.2675667
12.5,6.8499846
15.7,14.00955
5.0,3.5424635
12.5,8.782157
7.0,3.7173185
7.0,7.1878524
18.5,18.742435
3.5,4.637784
3.0,3.097378
7.5,6.8151617
0.0,-0.03211157
12.0,9.342766
3.5,3.5392551
5.0,2.8078074
6.0,4.70371
5.0,6.377442
2.1,0.06020245
15.2,10.638632
3.2,3.80018
4.0,1.7028152
12.0,4.424095
7.0,5.8173804
1.5,1.6268543
1.5,0.41009653
7.0,4.108663
10.8,11.38401
4.0,2.7650447
12.5,11.362985
4.0,3.283553
15.2,14.252175
12.5,9.777504
12.0,8.507288
8.0,3.5262198
4.0,2.8649738
12.0,4.4448647
5.2,7.644844
25.0,14.773986
15.2,11.922014
2.5,1.9560691
12.5,15.912703
3.5,4.183539
4.2,8.066445
7.0,8.976673
12.0,10.336451
12.0,6.7926946
0.05,0.6303744
2.0,2.4385602
5.2,6.6325274
7.2,6.715143
6.0,4.8229446
12.5,10.21754
15.0,10.127398
1.2,0.7688411
7.2,7.9989896
12.5,4.70795
3.0,0.51896733
15.2,10.281287
4.0,4.8894396
12.5,6.2907104
12.0,6.064344
15.0,15.419899
8.5,9.383982
12.0,9.432299
3.5,3.9430692
12.0,9.369361
7.0,7.595251
12.5,7.5858555
12.5,9.261008
5.2,3.306536
7.5,8.121827
12.5,10.169111
5.2,11.349842
12.5,9.019076
15.5,11.08967
5.0,4.2182746
3.1,6.4295535
5.0,5.6886005
2.7,6.652658
2.5,2.7125962
1.5,2.2213159
15.2,12.98371
12.0,5.683581
12.0,9.634902
3.5,2.4335463
8.0,4.8014903
3.0,1.7589291
12.0,5.960137
8.5,9.101044
3.0,1.943366
12.0,7.05415
12.5,8.127296
5.0,4.760129
15.0,7.590908
3.5,5.9896436
12.5,13.847626
12.0,8.502226
4.0,5.4297714
4.5,7.368089
3.0,1.3063607
24.0,15.341559
7.0,5.9031653
12.0,5.506613
12.0,6.124765
7.2,6.8816934
2.0,0.40535885
12.5,15.620885
12.5,10.43403
6.0,4.9149194
1.5,0.32163215
12.0,6.356814
5.0,2.8402991
6.5,7.14222
0.05,1.4173822
3.5,4.4310627
3.0,4.422457
8.5,7.2617803
5.0,3.8515322
5.2,10.260494
12.0,6.72179
12.0,10.433975
12.0,8.108696
12.5,9.259482
0.15,0.05383522
18.5,17.071165
1.2,3.1802647
12.5,13.100522
0.02,8.724282
5.2,4.2921386
4.0,3.4945264
15.2,17.477224
7.0,3.0185204
12.5,8.342386
1.2,4.949053
3.0,2.4406316
0.0,0.6970178
6.0,5.0285025
2.0,2.126401
5.0,3.4308026
2.5,1.3224982
12.0,7.738202
5.0,4.856012
5.0,4.3416867
12.5,5.886119
12.0,12.014879
12.0,5.061876
2.5,2.2061744
3.0,5.003634
12.0,10.321378
6.5,6.7088757
3.0,1.557743
15.0,2.728437
12.0,4.982088
12.0,7.295426
4.5,3.9679236
8.0,5.763175
12.5,6.6902733
0.0,0.8489083
4.8,3.912203
5.0,4.8628182
1.2,1.2946424
7.5,9.2594385
15.2,14.525982
8.0,8.169328
2.3,1.7883332
7.0,4.372962
4.2,3.007652
5.0,3.4943192
12.0,8.787437
12.0,7.129898
12.5,7.959498
3.0,2.537036
15.2,10.563554
12.5,12.065709
3.2,3.9702406
12.0,5.478009
12.5,15.947487
3.0,0.3543566
8.5,9.409036
18.5,11.135365
4.2,1.9724985
4.2,5.8586407
6.0,2.6743348
8.0,8.54016
1.2,0.86235374
5.2,6.766233
12.0,11.658474
0.05,0.00060458295
12.0,8.919068
15.0,5.2318177
3.5,5.373827
15.0,8.371095
7.0,3.6455903
5.0,3.175648
8.0,4.024696
4.5,3.6774952
2.5,2.715183
12.5,6.0186033
2.0,0.52821696
2.0,2.270574
1.0,1.2056788
4.0,1.9347942
8.0,6.162231
15.0,14.740402
12.5,5.7855287
12.5,16.691334
12.0,7.941514
12.5,7.583868
12.0,10.563429
12.5,8.163781
5.2,6.9160166
12.0,12.546783
12.5,10.155329
5.0,3.654581
12.5,8.571889
4.0,2.3040814
3.0,3.9679081
8.5,4.0176687
2.0,0.81529367
12.0,10.179544
6.0,4.559489
12.0,9.223608
12.5,4.753506
12.0,9.391859
0.02,3.0580895
4.2,8.414584
7.0,3.2691371
5.0,4.887035
12.0,8.584617
7.0,6.009712
8.0,5.1942735
4.0,7.1816926
8.5,9.976074
8.5,7.8858967
2.0,2.4293764
21.0,11.258682
4.0,2.3860154
6.5,4.367104
6.5,4.2977524
3.0,1.6545585
12.0,5.028414
3.0,5.8371015
8.5,16.114481
12.0,7.478705
12.0,8.601141
0.08,1.1462613
5.0,2.511768
3.0,4.0545154
4.0,4.194131
4.5,2.333595
3.0,3.9008577
4.2,4.4399524
12.5,9.815818
12.5,7.197747
3.0,3.750278
5.2,6.5109034
12.5,9.015334
4.2,2.8111699
12.5,11.03721
3.5,4.5401893
15.0,11.280865
3.0,2.9219131
7.5,7.085794
3.5,2.8528898
8.5,8.135932
6.0,6.5032244
12.0,5.2020016
12.5,5.754294
1.5,0.7224979
15.2,7.9888635
4.0,3.336495
5.2,4.575221
3.0,3.3565633
3.5,2.2435422
12.0,9.755232
1.5,0.75513864
15.0,12.65106
12.0,10.5953455
3.0,2.0887027
6.0,6.096294
4.5,3.5434227
3.5,4.7445235
1.2,4.5690503
7.2,7.313995
12.5,11.06625
0.02,4.167774
7.0,7.523369
3.0,2.183804
12.0,6.1225505
12.0,5.5384893
18.0,12.889696
7.0,6.088442
12.0,5.080334
3.5,2.577629
5.0,1.7491945
8.5,6.5040627
18.5,14.660288
8.5,6.507056
3.5,1.9452055
15.0,5.113753
17.5,13.049942
3.0,4.627263
12.5,7.774995
15.0,10.262882
3.0,2.7539608
5.0,5.3468485
6.0,3.529051
4.5,6.1245513
3.5,6.3860636
12.5,8.058071
5.0,3.3713722
15.2,12.898764
12.3,13.510795
12.5,9.8138485
5.2,9.857668
7.0,6.1653805
12.5,9.811577
7.5,7.9175143
6.2,8.017489
12.0,7.476705
12.5,14.063475
6.0,4.1447654
7.5,5.7526555
15.0,5.011126
2.0,3.0116007
18.5,11.545527
12.5,10.550591
8.5,8.204252
0.05,0.69708544
18.5,16.375912
12.0,7.6903453
5.0,2.4480834
4.0,3.5493932
18.5,14.473476
12.0,10.261639
2.0,1.0165794
7.0,6.3004174
12.0,9.953603
1.2,1.3508397
12.0,11.659451
7.3,4.608242
0.0,-0.0040018987
12.0,4.217096
12.0,7.020386
12.0,4.2095075
3.0,2.3715215
4.0,1.4643484
6.0,5.49214
3.0,3.9828277
4.5,2.2344475
8.5,8.740356
12.5,5.962754
5.2,4.5842195
11.5,5.071389
5.0,5.094977
12.0,6.031374
2.0,3.3415575
3.5,1.6645793
7.2,2.6765883
12.0,10.144576
3.0,3.6000793
15.0,7.860657
4.0,4.050025
4.0,5.1950536
12.0,13.309286
4.5,6.432136
2.5,1.8350097
7.8,8.041351
12.0,3.0913603
12.5,9.081982
5.2,4.876831
12.5,6.6316295
15.2,16.30127
12.5,14.728402
3.0,1.5741141
5.0,4.1948876
18.5,17.42802
15.2,13.990563
1.5,1.4473708
12.0,8.499767
12.0,10.953382
8.5,5.986387
12.0,1.5190121
18.5,9.382823
5.2,9.471159
4.0,1.9680223
6.5,3.3391962
3.0,2.6700232
4.2,4.2434134
12.0,6.934427
2.5,4.2626543
5.0,3.943776
4.2,5.3515687
15.2,9.958851
15.2,12.969914
4.0,1.747778
1.2,5.500093
7.2,10.019499
12.0,2.5983837
18.5,14.79295
5.0,5.124184
12.5,18.087105
12.0,3.9356441
18.5,13.760756
3.0,4.0374155
12.5,13.917422
1.0,0.51534945
7.2,5.5981164
12.0,4.5127845
15.2,16.36852
10.0,6.092665
5.0,5.6980195
0.05,1.7143759
12.5,16.401009
4.0,3.6522481
15.0,9.096247
3.0,2.033909
5.0,5.123253
23.5,15.623797
2.0,0.95966685
7.5,6.0039873
3.0,4.453186
3.2,5.170559
12.5,10.445774
2.5,3.9363883
7.2,11.441335
1.5,1.8425133
18.0,10.714331
6.0,4.7216697
12.5,6.891247
14.0,5.3620253
14.0,9.320507
12.5,7.2341704
12.5,11.323287
4.0,4.110105
3.0,2.6550114
12.0,12.50496
12.0,3.052042
2.5,2.2180154
3.0,1.8529475
5.0,3.3635223
2.1,3.342306
1.2,3.8742266
12.5,12.6901865
12.5,9.370905
10.5,11.501114
12.5,7.814363
12.5,11.295369
3.0,1.173365
7.5,4.5936756
1.7,3.4267826
3.5,1.249876
3.0,2.8106642
0.0,-0.034122486
6.0,5.036317
18.0,7.8856673
2.0,0.23670892
1.2,0.75339484
0.0,-0.027337104
1.2,0.48401052
18.5,12.987089
5.2,6.823792
0.0,0.0010785591
12.5,16.273636
12.5,9.533877
8.0,6.3135347
3.2,2.8424022
3.0,2.1250331
15.2,11.608152
12.0,7.113237
15.0,5.8773713
1.2,1.9280344
3.0,2.4482856
1.2,2.1094668
12.5,16.177328
7.0,6.419916
4.5,3.714965
12.5,9.820247
12.5,9.020656
5.0,3.9152217
7.2,9.885652
4.0,5.7863526
3.0,1.2495524
18.5,16.6194
4.2,5.8454933
6.0,3.4381566
10.5,15.84727
3.0,3.2048185
3.5,2.33322
3.5,4.1350565
3.0,1.2216591
15.2,10.122936
2.5,3.4480298
12.5,12.024478
7.5,8.779844
12.0,5.593395
7.0,6.808945
2.5,4.6751943
12.0,7.548133
0.03,3.570527
3.0,3.0632985
8.0,7.1036015
12.5,10.6660185
6.0,4.927023
3.0,4.443612
12.0,10.275604
12.0,13.30064
5.0,4.7634683
12.5,8.332986
15.2,5.8742633
4.2,5.016992
15.2,15.533473
12.0,4.5225787
3.0,1.8313404
1.0,1.1765757
4.0,3.7795572
3.0,0.07880063
1.2,0.789274
2.0,1.6165756
7.5,9.0822525
3.0,2.1476078
7.0,4.689507
12.5,9.473164
4.0,3.152658
5.0,3.6867676
0.05,1.855275
12.5,10.130392
3.0,4.227278
7.0,6.5092483
1.2,1.7425402
3.5,2.7785454
7.0,3.1750574
12.5,7.251327
6.5,6.1683836
12.0,7.9357824
12.5,9.885907
8.5,8.980606
9.5,6.803297
4.0,2.1188927
18.0,5.9054537
6.5,9.3310585
15.0,9.25175
4.0,3.844932
12.0,5.986562
3.5,2.7456079
12.5,5.174489
12.5,17.244118
4.5,3.5894694
4.5,3.6119404
12.5,8.6146555
3.0,3.160489
15.8,16.904444
0.05,3.99395
3.5,5.7397804
4.0,3.560545
3.0,2.3983483
2.5,6.6432667
1.5,5.134371
12.5,6.309468
7.0,4.9170885
15.2,13.18538
3.2,4.013204
12.5,16.222622
12.0,5.356606
7.0,4.7204256
12.0,8.169832
3.0,3.9860249
4.0,5.6793675
15.8,16.6136
1.5,0.5052483
15.2,16.70701
5.0,5.560662
6.0,3.0615864
6.0,4.0630364
8.5,8.307512
0.01,-0.015454359
2.0,3.1289816
4.0,0.84961456
12.0,10.31784
7.0,3.8871877
7.0,5.636028
1.5,3.8065724
2.5,1.4730687
5.2,4.5932794
3.2,1.4021528
12.0,11.319477
7.0,5.69383
15.0,14.679355
12.0,8.0476265
3.0,3.4319196
5.0,1.6820068
15.0,2.6378345
7.5,10.018586
2.5,2.3176944
12.5,12.146025
15.2,13.872875
6.5,8.51084
12.5,8.963851
12.0,6.365996
7.2,6.7821994
5.0,3.7901788
4.5,5.348696
14.5,12.417559
2.0,2.3025525
15.2,10.718285
12.5,9.289799
12.0,9.792802
6.0,4.9505787
12.5,5.6226563
12.0,8.344487
12.5,11.682568
12.0,6.68497
6.0,4.0511637
4.2,7.9679565
12.0,6.517409
10.0,8.605726
15.2,6.2943406
7.5,4.678012
12.5,10.524235
12.0,11.596023
4.5,6.849787
1.5,1.7258732
15.2,8.066453
1.2,0.3552996
6.0,4.2991486
12.0,5.8477144
1.2,2.6429522
5.0,4.7096953
12.0,6.185258
14.5,14.700956
4.5,2.7580767
0.0,0.20584172
8.5,10.069296
3.0,3.0647686
12.0,13.86038
3.0,3.4738286
1.5,2.2340422
12.5,10.54535
7.0,8.305805
3.0,1.2831773
2.5,3.3084087
5.0,3.0785942
12.5,9.026811
0.0,0.47165066
4.0,4.2724214
6.0,5.0612254
14.0,5.641376
18.5,16.516218
2.5,0.7384823
3.0,1.5969038
12.5,10.899543
12.0,8.596421
2.0,2.2910395
6.0,9.495218
2.5,3.307465
4.0,3.25998
7.0,5.488521
6.0,5.209894
7.0,5.277548
7.0,7.3801236
3.2,5.916834
5.0,0.57285947
12.0,7.281304
0.0,1.1179467
10.0,7.057933
4.5,6.193114
5.0,7.226804
12.0,5.47979
5.0,5.832796
4.0,1.7361639
4.5,5.3794394
6.0,6.0628963
1.5,1.1852536
4.2,7.1124744
6.0,7.5679264
8.0,4.5208206
4.2,8.832913
2.5,5.159282
0.08,0.47069645
3.2,4.601293
3.5,4.001415
2.5,2.7595053
4.5,4.117291
15.2,10.41909
3.5,7.1289473
7.8,9.1034355
7.5,10.00992
2.5,5.8485103
5.0,5.8634276
7.0,6.98597
15.6,12.286465
4.0,2.1853857
4.5,4.760058
5.0,3.9351826
4.2,3.6462147
12.5,10.43269
1.2,1.2404497
12.0,4.8981767
12.5,8.049542
2.5,2.6279373
2.0,0.46389574
5.0,3.7784142
4.0,3.186091
7.0,5.0502553
12.5,9.030492
8.0,5.307821
6.2,5.4568534
7.5,5.715423
6.0,2.386709
5.0,5.881929
3.0,1.8959165
12.5,12.876114
0.01,0.2747193
4.5,6.813488
12.5,6.043225
12.0,6.0599217
12.5,5.8598013
3.0,2.316397
3.0,4.0036793
8.5,4.4813104
7.2,7.982389
18.5,14.104655
3.0,2.7823644
7.0,3.01782
3.0,2.8416376
7.0,5.1230974
12.5,3.982132
6.0,3.7002275
12.5,6.6556807
4.5,5.567716
7.5,4.9236894
15.2,6.639307
15.0,7.3556023
3.5,2.0939162
2.0,3.3651657
3.0,3.7918653
4.0,1.1947407
12.0,9.48987
3.5,3.3536234
3.2,8.737705
12.5,9.782558
4.0,1.5677141
3.5,3.5081334
12.5,10.972698
6.0,4.856843
12.0,7.5396514
18.0,6.6598926
1.5,3.356052
3.0,2.6396606
7.0,5.105222
3.0,1.8027328
3.0,3.4036534
12.0,6.463163
12.0,6.4695244
12.0,7.808682
12.0,6.063987
12.0,4.9105196
4.0,3.561139
3.0,2.561475
12.5,7.5716786
12.0,6.0413923
12.5,9.104496
2.0,2.3428464
1.2,2.2354834
12.5,13.039436
18.5,14.741325
1.2,2.7013762
3.0,3.9386096
8.0,5.545242
7.0,5.208489
8.5,8.36732
5.0,7.92379
6.5,5.3380065
7.0,6.298869
12.5,8.302726
6.0,4.161437
12.5,9.941094
5.2,6.1452546
3.2,4.238034
6.0,6.586763
12.0,8.007504
8.0,4.2031817
4.5,2.741137
12.5,9.637697
6.5,4.743002
6.0,6.448592
12.5,11.320713
3.0,2.4994633
6.0,2.9969985
7.2,6.7762914
7.2,11.766175
5.0,7.4877543
3.0,4.82853
15.0,11.237226
4.0,7.177957
7.0,8.046
12.5,4.8823137
4.0,3.1095164
3.0,2.9969525
12.5,14.608957
12.0,4.980306
3.2,5.258525
15.0,8.609557
12.0,6.2733717
5.0,3.8142219
4.5,8.828856
3.0,3.3028638
3.0,2.4455874
12.0,6.389353
15.2,14.114823
3.5,5.5718045
12.5,8.6488
7.0,7.137721
15.7,13.335325
12.0,7.141829
3.0,3.122777
12.5,12.980427
12.5,15.112364
0.02,2.69858
2.5,0.53359
5.0,5.0763845
4.2,3.3790474
4.0,3.2945879
8.0,8.365406
8.0,4.9553204
6.5,7.384351
0.0,-0.026504401
3.0,2.1092405
3.5,6.8459916
6.0,4.606738
2.0,0.4446656
12.0,5.9393697
6.0,5.4267635
8.5,8.562877
3.2,8.367594
8.5,6.6621675
5.0,5.426643
4.0,3.9031396
12.5,5.0181537
4.2,3.7809186
18.5,18.068993
12.0,7.8626914
7.0,5.270026
15.0,8.908762
18.5,12.731218
7.5,3.9636915
3.2,3.5241234
12.5,5.5668173
12.0,6.833541
3.2,4.382898
2.5,3.8183053
15.0,12.239199
8.0,8.974119
8.5,7.1724734
3.5,2.0465631
18.5,13.601288
4.0,5.405806
1.5,2.3107476
12.5,8.974139
12.7,15.569507
6.0,1.701734
0.0,0.07309066
12.7,5.8526073
5.0,5.9654727
12.0,9.166654
12.5,14.674807
12.5,12.224315
8.5,12.688918
17.5,13.977181
7.0,5.5985293
7.0,2.5106044
1.0,5.3448935
12.5,5.440111
4.5,5.1138973
5.0,7.8100286
12.5,12.008374
6.0,4.7909307
4.0,2.9740922
12.5,9.871538
3.0,1.2508328
12.5,6.7325077
6.5,6.757175
6.5,6.191431
7.5,7.068057
15.0,9.571868
15.2,10.063188
4.0,3.6239052
12.5,11.717469
6.0,2.2645895
12.5,10.388459
2.0,5.8369026
12.0,11.053534
12.0,11.568281
3.2,6.3632283
2.0,0.118528314
12.5,9.427116
5.0,4.165853
7.0,2.5527823
3.0,2.9225736
8.2,3.5898244
12.0,5.45417
1.5,2.649888
12.5,8.209316
7.0,3.9386897
12.5,10.186881
7.2,7.372318
7.2,10.861814
12.0,6.4713573
6.0,2.9444768
7.0,4.251501
12.0,8.732234
6.5,5.8905134
14.0,7.63995
0.05,2.8316488
6.0,5.8694954
4.5,4.2385454
28.0,13.816297
12.5,9.804013
8.0,5.965947
3.0,3.306994
2.0,0.87606424
12.0,4.096953
4.5,4.5781207
2.5,4.136589
1.5,1.4803218
5.2,6.7546906
12.0,9.050892
3.0,3.5271795
7.2,11.653258
12.5,13.27441
3.2,7.1902294
18.0,8.8194065
12.5,10.8151045
12.5,11.012953
6.0,5.765206
12.0,3.7057185
3.0,2.6332254
6.0,5.1995616
4.5,8.782342
12.0,7.145842
4.0,4.552829
12.5,12.5117235
12.5,11.47866
6.0,4.5790076
12.5,5.452545
6.0,4.684845
12.0,6.7255163
12.5,6.1194844
5.0,1.885362
15.2,13.63563
7.0,4.715067
3.2,5.173356
15.2,11.854649
6.0,4.182574
8.0,8.280688
5.0,3.4677033
12.0,9.484101
1.7,2.4649477
15.2,9.1998625
8.0,6.133245
3.0,2.788663
3.0,2.5983756
6.0,4.983937
2.5,0.6502385
12.0,7.0108385
12.5,10.493172
8.5,12.841628
6.0,3.2552135
2.0,2.5540192
5.3,4.9596615
7.0,4.8969417
3.5,2.855956
3.5,5.4695992
15.0,7.197608
1.7,3.887945
12.0,10.342768
12.5,3.6716857
3.0,3.3417954
5.2,2.6188626
3.0,3.0160863
12.5,9.56284
6.0,2.7028632
6.0,3.6951659
15.0,5.6198473
6.5,8.810838
7.0,7.6341224
8.5,5.1045933
7.2,7.5055165
4.0,3.975193
15.2,16.500362
12.5,11.257416
7.0,4.020082
12.0,6.2972302
14.5,14.985626
3.0,1.1249481
4.0,4.3449984
18.5,13.946582
5.2,5.2825027
8.0,4.064925
12.0,9.956499
4.0,3.917579
12.0,8.280122
4.0,2.8994277
5.2,3.8480558
2.5,1.2947758
15.2,14.8667755
5.0,5.716005
2.7,2.0002723
3.0,2.0992754
12.5,2.5051455
3.5,2.1634226
15.0,6.8500295
4.5,3.1611147
7.0,1.4254012
2.5,2.3081527
2.0,1.6281046
8.5,3.8362195
3.5,3.6024094
7.0,6.373938
6.5,7.114915
12.0,9.313844
12.5,6.121581
12.5,13.10256
5.0,3.3020453
4.0,3.4659286
6.0,4.5740843
3.0,2.2545366
12.0,8.246966
4.0,2.548765
5.0,2.577174
15.0,4.369006
4.5,4.6873126
12.5,12.892315
4.5,3.468944
0.0,0.60465056
3.0,4.9213924
8.5,7.97154
1.2,1.7088315
12.5,5.46246
1.5,1.0400993
7.0,5.6449976
6.0,4.916015
18.5,17.056791
3.2,5.8483467
2.5,3.3364131
15.0,12.50936
3.0,4.4287076
7.0,8.334979
4.0,4.6089478
6.2,8.025638
7.2,9.300105
2.0,1.3791621
4.0,2.3900912
12.0,5.358932
12.0,10.395953
12.0,5.66957
3.0,2.9859369
12.5,11.120323
12.5,11.2058115
3.0,2.8744237
12.5,4.931145
15.2,5.9168143
3.0,2.389732
6.0,4.4111924
3.0,0.5676309
12.0,8.852891
12.5,5.27116
12.5,13.606633
3.0,3.5818932
3.0,2.7518604
4.5,3.8987036
3.0,4.5063763
3.5,3.9496922
6.0,3.466612
12.0,6.19478
12.5,9.454003
7.5,7.403275
8.5,5.104617
3.5,6.1959395
4.5,7.1612344
15.2,7.2111526
12.3,9.186889
12.5,9.623532
4.0,3.543862
18.5,12.724452
15.2,12.275676
3.0,3.2559936
18.5,10.997417
7.2,2.8166919
7.2,6.2166305
10.0,7.720128
12.0,9.598485
5.0,3.259981
18.7,14.324562
3.2,4.3090034
12.5,5.623873
3.2,5.481878
3.0,5.14574
5.0,3.004615
15.0,10.453842
8.5,9.542591
15.2,9.798402
6.0,8.28734
12.5,17.258224
15.2,5.022435
5.2,3.9096367
12.5,9.338134
15.0,2.1868336
2.0,0.8510728
1.2,0.1685284
8.5,8.710042
12.5,11.555892
3.5,5.042928
7.0,4.456175
5.0,5.0345407
12.0,10.267757
4.0,2.6678638
12.0,15.3911705
7.0,5.85693
12.0,9.208525
8.0,5.063839
7.2,12.491072
12.5,6.0089545
3.5,4.4941926
15.2,14.480037
3.0,4.4162664
5.0,1.7597076
3.5,8.261214
12.0,12.190174
15.0,8.66786
4.0,-0.027505912
18.3,11.838148
12.0,4.5616794
2.0,1.3906207
0.02,2.4180312
6.2,6.347868
18.0,8.801912
12.5,8.813684
5.0,5.6033025
12.5,13.368823
4.0,1.895754
12.0,9.464095
3.0,2.8918426
15.2,7.204355
2.5,4.4416676
7.0,6.2242723
3.5,4.4035735
6.0,7.4574537
4.0,3.5209842
5.0,2.762249
23.5,11.939009
8.2,9.372493
5.2,7.5221376
5.2,3.4485826
12.0,9.408608
7.0,5.2252645
12.5,7.1124697
7.0,5.952174
12.0,3.2861028
2.8,4.0941687
12.0,7.191005
6.0,6.759502
2.0,2.3565958
6.0,6.6697545
7.2,9.461347
4.0,2.2995067
8.5,12.151636
0.01,2.8704288
5.0,3.6290271
3.0,4.1405683
0.0,1.6533754
12.0,8.523233
5.0,3.1098695
5.0,2.1629095
5.0,3.6761198
18.5,13.286925
12.5,8.321744
3.5,5.2404623
8.7,15.473915
4.0,3.0952387
8.0,6.4729753
3.0,2.8282256
7.0,5.0818367
6.0,4.8791394
10.0,7.476603
12.0,5.706614
18.0,8.158868
12.5,4.6352816
2.5,3.4932098
4.0,3.3953123
7.5,4.2596536
4.2,6.7946587
25.3,10.620739
12.0,11.855414
12.5,14.227375
3.0,1.5182424
5.0,2.1163788
6.0,5.7779365
12.0,4.200701
5.0,6.3852935
12.5,9.756758
12.0,5.6802855
1.5,0.73282284
4.5,4.128641
4.0,4.1390157
15.0,8.43842
1.2,1.2110864
1.5,3.0237114
0.78,16.653198
8.0,5.492196
15.0,4.6119895
3.0,4.749464
15.0,2.9402115
1.0,2.955073
7.0,6.8172235
3.0,2.7020388
6.2,7.4353743
3.0,3.283304
12.5,8.04601
12.5,10.145938
8.5,10.318648
2.0,2.684164
3.0,0.7503406
5.0,3.2484517
8.0,5.2706537
6.0,3.0365095
3.5,7.1674476
12.0,8.65325
4.0,3.2063007
5.0,5.345964
7.2,9.295914
2.5,2.7471676
2.0,0.7106084
12.0,4.61113
2.0,3.0488524
3.0,4.545828
3.0,2.2280746
3.0,5.1761785
12.0,8.868372
7.2,9.208462
3.0,4.654044
12.0,6.660618
4.0,3.894287
3.0,2.4338298
6.0,6.355742
5.2,8.1488085
15.0,4.3125854
10.0,7.795599
12.5,13.421303
12.0,5.6102552
5.2,5.8767548
12.5,5.834089
3.0,0.8349739
4.7,5.371974
12.5,10.144713
5.0,3.3113225
15.0,13.635576
3.5,4.575695
12.5,9.722361
4.0,2.4092944
15.0,6.0467105
4.0,4.22934
12.0,9.926691
15.2,10.919152
14.0,9.778526
3.0,1.6509584
3.5,6.674504
5.0,6.296313
7.2,11.705366
12.0,10.029121
4.2,2.5752664
3.0,3.0814645
1.5,8.267243
8.5,3.813343
8.0,5.8469553
7.8,7.6523275
12.5,7.557227
1.2,1.3669497
4.0,3.0665245
12.8,7.617028
5.0,4.397581
12.0,8.180206
3.5,3.1991534
8.0,9.371494
15.0,6.796492
12.8,12.926426
5.0,4.7229223
3.5,2.2572038
15.0,5.307108
8.5,5.2145824
12.5,9.379301
12.0,11.183839
12.0,11.652939
0.0,4.0076337
4.5,5.2826123
12.0,5.982231
3.5,2.706986
6.0,7.7386622
12.0,7.7763724
15.0,11.0090065
12.5,4.467837
12.0,6.038432
1.2,3.2161567
12.0,5.521142
3.0,2.9240894
2.5,2.68081
1.2,1.2790035
1.5,1.9781296
7.0,2.083198
5.0,0.61753494
12.0,5.447451
12.0,7.9345975
15.0,7.2777076
12.5,7.6422296
2.5,3.6450431
7.5,8.577312
12.5,11.374438
12.3,8.257212
0.0,-0.03394343
6.0,5.5592127
12.0,9.894744
3.0,2.9692721
12.0,9.919026
12.5,9.66201
12.5,10.859743
12.5,11.496339
15.2,9.61154
0.15,1.542277
4.0,2.2649333
0.05,0.8460028
2.5,1.836937
3.5,3.6792848
4.0,1.4639764
12.0,4.789823
1.2,0.35425365
0.0,0.15207134
0.2,1.1178386
12.0,4.808956
2.0,0.37192255
1.2,1.5078444
12.5,8.594144
3.0,3.6569238
12.5,6.934261
1.5,1.3603394
5.2,4.532862
12.0,5.4887514
8.5,5.058771
18.0,4.0696306
4.5,5.0353103
8.0,4.9375553
12.5,7.0344214
12.5,8.667101
12.5,14.945208
7.2,8.1648035
2.0,0.7365863
2.0,1.6902868
15.0,5.752583
6.0,4.8661838
4.2,2.6200795
4.0,3.9476147
7.5,8.677578
12.0,3.7174034
15.0,2.702885
2.0,3.33173
5.2,6.612572
3.0,4.636156
8.0,5.5088305
7.2,7.8797345
12.5,11.54108
12.5,11.584204
12.5,10.030042
12.0,4.3517976
7.5,7.866417
8.5,10.429382
12.5,10.859997
6.2,9.655164
3.0,3.5442383
12.0,6.4330974
12.5,6.9420757
2.0,2.1376772
5.0,7.6252003
8.7,10.205311
5.0,3.6234136
5.0,4.005613
12.5,2.4717126
3.0,2.905651
7.5,5.7519326
4.0,5.2924542
12.5,7.685143
12.0,3.8870194
6.0,6.2004604
18.5,18.928492
18.5,16.527271
6.5,6.4606295
4.2,9.233992
8.5,9.45198
5.0,6.4709334
7.0,6.5872912
7.2,7.0980234
12.5,12.138886
4.0,3.677211
5.0,2.9712038
12.0,14.083919
15.0,13.010612
3.0,1.6447815
7.2,6.2053103
12.0,5.407131
4.0,3.7080913
0.35,1.8456396
5.0,2.3479526
12.0,8.912847
12.0,8.521718
0.05,0.71228194
3.5,5.9907885
2.5,1.594021
1.7,3.4938517
7.0,12.556106
12.0,10.582691
3.5,4.7195177
12.5,10.715235
12.5,16.32253
12.0,4.7500334
2.5,1.7800156
5.0,4.0640507
12.0,6.1082745
4.5,4.6737647
3.5,2.7226195
25.0,15.648146
1.2,1.3130891
12.0,8.123136
12.0,3.9848385
15.2,9.585396
15.2,10.194703
8.5,12.589082
6.0,3.0941696
12.5,3.2948077
3.2,4.0946593
12.5,9.483046
1.2,2.326502
7.0,3.8520937
12.5,10.57722
3.0,1.6595818
5.0,4.137659
3.0,2.5657852
3.5,4.276051
3.5,3.9577868
2.0,3.1403391
12.5,13.429411
12.5,12.258077
12.5,11.325643
4.0,2.808167
5.0,3.489631
3.0,2.7103496
3.0,2.1660068
15.2,13.3218355
3.5,5.840582
5.0,3.0229087
18.5,11.849573
12.5,9.041538
4.0,3.927769
2.3,3.9580808
8.5,5.6315184
5.0,3.3001676
2.0,2.051795
2.0,1.2326256
18.5,15.957333
3.0,3.0861313
2.0,2.7069921
3.5,8.580259
3.0,6.23052
12.5,11.220118
5.0,4.1490355
7.0,3.8783598
15.2,14.6572
1.2,0.1875973
7.0,6.4555044
15.2,10.752067
5.0,5.4001985
12.0,8.377375
12.5,11.3995905
7.2,3.8917162
6.0,4.479966
18.5,13.7592
3.5,5.5426226
12.0,5.923658
8.5,5.32215
8.0,5.1213646
7.2,6.336238
1.2,1.2966632
18.0,10.249966
5.2,5.3534007
7.0,5.266855
8.0,1.9394516
3.0,3.363715
4.2,7.7371383
3.0,2.7756183
15.2,18.456392
7.0,4.966721
1.5,2.5133796
12.5,5.9564986
4.5,4.7572784
12.5,9.383482
2.0,0.13152903
5.0,4.508923
3.0,2.8263113
1.2,3.2656195
2.0,0.045097366
12.5,10.350028
12.5,10.796893
7.5,8.238712
7.5,7.409534
12.5,8.031026
3.0,4.6177573
6.5,7.187159
0.12,1.9014928
1.5,1.1820102
12.0,8.637237
12.5,7.233781
12.0,9.680549
12.5,11.699123
5.0,4.8692055
15.0,9.378001
3.2,9.0395355
2.3,4.3582706
1.5,1.600214
18.5,15.34028
6.0,3.8355837
12.5,10.448596
12.5,6.887148
4.0,5.7193775
6.0,1.8087064
3.0,3.2036986
6.0,3.9360845
12.0,5.2634373
12.3,16.989485
2.0,3.0411394
12.5,13.040015
3.5,6.316449
7.5,4.0633593
12.0,9.552357
15.0,5.8644276
0.75,10.506952
5.0,3.04742
12.5,13.517809
3.5,4.823078
12.0,9.331813
7.0,7.0627766
12.0,8.990241
3.0,2.9691992
8.0,4.750328
8.5,5.4140353
7.0,7.2381263
8.0,5.5440364
18.7,14.60434
8.0,8.022078
7.0,4.3354397
4.0,3.4187975
15.2,8.043928
12.5,5.188307
7.8,5.6140075
12.5,12.648479
1.9,4.277525
12.5,12.503714
8.0,5.3562083
7.5,5.980357
3.0,1.9817306
5.0,3.5352032
12.0,11.245202
12.5,7.829167
5.0,4.7868934
8.0,6.36002
8.0,6.669094
1.2,0.5471034
12.0,4.724223
12.5,5.338298
7.0,7.6743994
12.5,9.329038
5.0,2.470493
3.2,3.7970395
12.5,6.944768
4.5,5.6207395
3.0,3.8258016
4.0,2.7970593
1.2,1.1449163
3.5,4.9528565
7.0,4.570243
6.0,5.8091583
4.0,1.9175035
6.0,4.4761467
7.8,12.748807
12.5,7.269179
12.0,7.023413
3.0,4.224071
7.2,9.04272
12.5,6.321301
6.0,3.1838105
8.0,3.911178
3.0,2.8472555
5.0,2.016098
3.2,5.8794413
8.0,4.920495
3.0,3.569578
12.5,6.401351
12.5,11.594624
7.2,6.7716713
4.0,1.863518
12.0,7.403189
12.0,7.1057005
2.0,1.61342
12.0,8.9877
12.0,7.9083977
18.2,7.3284526
12.0,5.0497518
5.0,2.7080488
15.2,10.463351
3.0,2.684928
14.0,4.622289
3.2,3.9834464
10.0,4.386609
7.2,10.552704
12.5,5.6154184
12.5,9.157826
0.05,6.2741375
2.0,3.2295208
12.0,8.964905
7.0,5.464884
12.0,7.1665955
1.2,3.2443583
15.2,13.60277
5.2,7.5848765
12.5,11.011745
4.5,4.2244253
4.0,3.5172164
5.0,4.0006585
5.0,6.614861
3.0,1.7217484
7.2,12.293513
8.0,7.4723873
12.0,12.164734
12.0,5.58461
8.0,5.954177
7.2,5.018048
12.0,9.1107025
12.0,9.556695
15.0,11.343782
8.0,8.0223055
4.0,1.7773958
2.5,5.4044137
12.5,10.301655
12.5,9.263755
12.0,3.9217703
5.0,6.4938855
15.2,11.6575165
12.5,9.06566
3.0,5.4035926
5.0,4.0617127
0.12,1.8178823
3.0,0.6526192
12.5,8.991983
4.5,5.594557
2.0,0.13841285
4.5,4.765858
4.0,3.000662
7.0,2.3560278
3.0,2.40879
1.7,2.520938
12.0,5.9575543
12.5,14.340559
6.0,1.7016474
3.5,3.5598454
6.0,5.2677865
2.5,2.1250248
4.5,8.743752
12.0,8.954607
3.0,1.3823184
3.0,2.4582505
12.0,8.145482
5.2,5.0817814
7.5,5.913328
7.8,9.168472
7.0,8.853079
15.2,17.199247
4.0,6.003594
3.0,5.450867
14.5,6.3833103
3.0,4.4049187
1.8,3.208856
6.0,4.5213923
15.2,12.266124
7.0,5.908966
12.0,8.406285
18.5,19.44791
12.0,8.412547
25.8,17.814028
3.0,2.453972
3.0,3.7156887
12.0,10.337555
12.5,7.6300344
25.0,11.604202
1.2,2.0663362
2.5,4.3572783
7.0,3.9957893
12.0,8.670777
4.0,4.1007304
5.0,2.3621256
5.2,7.1355834
7.8,4.9827905
1.2,2.5668902
2.0,4.3629947
7.0,5.679308
5.2,5.573298
12.5,9.001252
6.0,6.669476
12.0,8.7880125
4.5,6.6087556
12.0,3.861816
4.0,5.0321875
12.5,11.130632
12.0,4.7314105
15.2,16.494396
5.2,5.1148176
14.5,11.646116
12.5,7.592673
4.0,4.540506
6.5,4.7807145
12.5,7.2486024
6.5,7.9509254
12.0,10.763677
12.0,5.8844585
5.0,5.3060713
12.0,9.586356
7.5,7.1896534
4.0,3.6405616
6.0,8.307813
10.5,12.235889
12.0,9.402014
8.5,6.9416604
0.0,0.848007
8.0,12.162727
1.0,0.12502888
3.0,1.8039242
3.5,4.588025
7.0,6.2637386
4.0,5.507463
15.0,6.0540805
4.0,1.6582139
6.2,6.486774
2.0,2.6374462
3.0,3.2599204
14.0,7.1196384
5.0,3.62555
12.5,16.970758
1.0,1.9952446
15.2,13.879658
6.5,10.461723
4.0,5.562795
1.2,2.9600277
3.0,2.911648
6.2,7.84741
12.0,8.684313
6.0,2.9923596
4.0,3.5133586
5.0,3.197771
8.5,7.7051635
18.0,12.713063
1.2,0.9773425
6.5,5.6257224
5.0,4.9858418
7.2,6.728105
5.0,3.7328074
4.0,4.232881
12.0,12.190844
2.0,2.0843778
5.0,2.705877
12.5,16.153814
12.0,4.83451
5.0,3.221224
7.0,9.626095
4.0,3.1508932
5.0,3.7038655
3.5,3.9003806
15.0,5.72365
2.5,5.1490088
12.0,9.225308
12.5,12.197535
5.0,1.911512
15.2,13.879324
8.2,10.274631
6.0,5.5382657
5.2,4.3509364
1.5,2.654814
7.0,5.895916
4.5,2.8248441
5.0,3.503033
12.5,11.7207155
14.2,9.432126
15.2,7.981097
4.0,2.228463
12.5,10.5821905
12.5,12.828653
12.5,8.307907
12.5,10.517762
0.0,-0.012641698
3.0,5.7468467
2.0,2.3973763
1.5,0.43337238
7.0,6.2789564
2.5,5.187286
2.0,2.8261912
8.5,13.176865
12.5,9.789452
12.5,11.669373
1.2,0.83409405
5.0,5.51973
3.0,4.003026
6.5,7.105766
15.0,7.7787886
0.01,-0.033969212
5.0,3.289518
1.2,2.1492536
4.2,5.236668
4.5,7.604964
5.0,6.687071
3.5,2.2494175
8.0,3.2941773
3.0,5.5474653
12.0,5.174225
2.5,1.5527279
1.8,5.198053
1.5,0.62470084
12.0,9.063649
12.0,8.603083
5.0,5.3554325
7.0,4.4689727
0.0,1.1551484
5.0,4.860257
12.5,15.584685
12.5,7.9247584
4.0,1.1337824
12.0,9.663017
4.0,2.781936
18.5,16.13678
3.5,3.2499897
1.5,0.9132341
3.0,3.032487
12.0,4.7967176
4.0,1.9396355
8.5,10.137103
12.5,10.373383
4.2,4.3632855
1.0,3.166185
6.5,4.825255
12.5,10.546791
2.0,1.2497147
8.0,4.574589
5.0,4.666139
7.0,3.9102075
15.2,15.360616
8.0,7.9576507
5.0,5.2128825
12.0,7.8957353
12.5,15.559874
2.0,0.43844157
6.5,10.553637
8.0,7.6927342
12.5,7.736173
1.2,3.2622116
3.0,2.5331979
12.0,3.4138265
5.0,2.0602117
4.0,3.2315235
12.5,16.181337
2.5,2.8405468
5.0,4.029831
12.5,11.170759
3.0,2.917299
7.0,4.7755895
5.0,5.501176
12.0,8.03249
3.5,5.431006
5.0,4.470371
12.5,11.893676
1.2,0.81503105
3.5,3.4703789
5.2,4.031783
3.5,4.0341425
12.5,8.446832
4.5,6.9014487
3.5,0.80923057
1.5,1.561145
15.0,8.449719
0.05,0.7313938
7.0,5.967446
5.0,5.636238
12.0,4.6907835
4.0,5.4870095
17.5,14.038354
3.0,3.8580961
2.0,0.6248243
4.5,4.348015
5.0,3.5284357
3.0,2.299954
15.2,10.13592
2.0,0.18615498
6.8,10.070012
12.5,14.116148
8.0,6.9929376
12.5,11.975879
4.0,3.7120426
12.0,10.068572
12.5,14.141115
12.0,8.5081
3.0,4.073825
1.5,0.0803376
4.5,4.282202
15.2,15.616418
7.0,6.0135255
15.2,10.6351595
12.0,11.667336
6.0,4.1718874
4.2,10.002038
8.5,10.222392
3.5,4.416762
5.0,3.3739872
3.0,3.004865
4.0,1.4914412
4.0,1.5293185
2.0,1.6182663
3.0,1.6183802
18.5,16.274172
4.0,4.365896
3.0,3.1240852
5.0,3.3091462
1.5,2.342725
12.0,6.893456
12.5,3.3563967
6.0,4.521695
8.0,10.087311
4.0,4.237109
15.2,12.027912
12.5,11.242831
6.0,4.409234
8.0,3.6806993
10.5,3.776562
0.05,1.5285181
6.5,9.432361
7.0,6.722983
12.0,4.642245
3.0,2.2208076
7.8,11.529226
12.5,16.76614
12.0,6.758086
3.0,1.0463003
18.5,14.41244
8.5,8.280296
2.0,0.34524155
12.5,8.908014
12.5,5.724456
7.2,8.604557
1.2,2.3625898
2.5,2.1780016
12.0,9.207401
7.8,8.8151
15.0,10.056537
12.0,3.5167274
4.0,2.882974
15.2,18.19166
7.2,7.9225364
7.5,7.501225
6.5,5.771469
3.5,3.203135
12.5,5.4170413
7.2,8.93231
5.0,3.948155
12.5,10.915353
8.0,5.1705403
2.5,3.274551
4.0,4.0694013
2.0,0.50057
7.0,4.49767
4.0,2.4576645
15.0,8.808344
3.5,3.2011275
15.0,10.609931
3.5,4.227532
0.0,4.3910217
5.0,5.8694177
18.0,8.06672
1.2,1.5099218
6.5,5.7110257
7.0,4.093819
7.2,4.9319816
4.5,5.523646
8.0,4.5250683
3.2,1.969066
14.0,5.161117
12.0,9.454885
15.2,8.43403
12.0,9.853665
5.0,6.098513
3.0,0.6964312
2.0,0.74958014
3.5,4.7343674
12.0,9.274931
15.0,8.595708
5.0,1.7670838
18.5,16.72661
4.0,3.1049159
0.0,0.7442811
1.0,1.0542307
15.2,17.521011
8.0,7.84775
3.7,5.233856
7.0,6.5033383
4.0,1.844988
3.5,4.5076585
12.0,9.145762
2.0,0.98646164
3.0,2.9933
6.0,6.5625167
1.2,3.4070253
12.5,10.336413
15.0,9.384137
18.0,5.3320694
5.0,4.9936523
14.5,10.644438
1.5,0.14793684
4.0,3.3837376
7.2,6.8446765
12.0,6.172079
1.8,3.364117
18.0,4.3754478
12.5,2.8448343
4.0,2.4931045
4.0,2.4990609
5.0,10.130353
3.0,5.268055
12.0,5.190979
6.0,3.7267709
7.0,8.026191
12.0,8.347723
12.5,10.282136
12.5,8.07701
4.0,4.7091303
15.2,10.413597
3.0,3.8572247
12.5,7.6201015
7.0,3.5355146
3.0,2.2955766
7.5,7.223775
4.5,4.8769917
5.0,3.266804
12.0,10.06473
4.0,6.3376036
8.0,8.923344
12.0,3.414769
5.0,7.0202365
12.5,5.915489
18.5,13.366711
4.2,5.8701773
6.0,3.9683058
15.2,16.238792
4.0,3.640697
4.5,3.1516654
7.5,4.114926
12.5,10.460836
6.2,7.862035
7.0,4.1592336
15.3,10.75985
18.0,8.915266
7.0,4.8699327
12.5,10.121572
12.0,7.5631356
4.0,2.4853492
12.0,8.756729
12.5,7.4257264
1.2,4.2227225
1.2,2.1818082
18.5,12.939129
15.2,15.17034
7.0,4.873951
1.2,1.6727661
3.0,4.2838893
12.5,11.617049
7.0,1.3614489
10.0,4.7230363
2.0,2.624997
7.0,6.446966
3.0,2.9289753
2.5,2.1722453
3.0,0.15610428
12.5,7.820817
9.0,9.00044
8.0,3.482361
7.0,6.5660915
4.5,7.077243
6.0,2.035979
0.08,1.8376974
12.5,4.027322
2.0,3.8166223
2.0,0.038942046
12.5,5.671312
12.0,9.102429
3.5,5.8290663
12.5,11.297657
7.2,11.985977
2.0,3.6728187
7.5,8.505043
12.5,10.176447
8.5,8.818155
8.0,6.125123
7.5,2.5344872
8.0,5.9021926
7.0,6.8238416
12.0,7.9598346
3.0,1.0138205
15.2,12.160292
7.5,7.9455466
12.5,11.335407
3.0,3.0853248
3.0,2.9588041
5.0,3.4477162
15.2,8.655335
8.0,11.018224
5.2,6.122798
15.0,6.253838
8.0,4.9427476
3.5,2.3728771
4.0,3.7887325
12.5,10.087818
8.5,8.256054
8.5,5.5597835
8.0,5.467473
15.2,12.299812
4.0,4.528387
4.0,4.415646
1.2,0.90991086
15.2,10.614187
12.0,12.78171
6.5,5.970182
3.0,4.867206
5.0,6.5082464
12.0,5.0901465
7.0,4.7877727
15.0,9.028145
12.5,9.588098
7.0,7.919755
15.2,13.683234
7.0,9.336072
4.0,2.5572171
12.5,12.065191
12.5,6.2966876
7.5,7.123783
7.0,7.843809
15.2,13.0481825
2.5,3.4063878
12.5,14.308362
1.5,1.97731
12.0,9.20455
4.0,1.7176367
7.2,6.015795
7.0,5.5683227
5.0,8.383
12.0,13.530916
12.0,6.440772
6.2,11.500839
15.0,12.451686
7.5,6.356553
12.5,5.062742
12.5,9.852879
3.0,5.5103793
9.2,7.860011
1.5,0.90891325
12.0,9.524506
12.0,6.3013005
18.5,17.006592
3.5,5.3307457
12.0,6.7373405
4.5,4.0008807
3.2,7.2895823
15.0,6.2915874
3.2,3.4086154
12.0,7.0540643
1.0,1.0964565
3.0,2.0489848
12.5,6.1833735
12.5,6.44329
4.0,3.685735
15.2,7.205339
18.0,2.7732391
4.0,2.3822877
8.0,5.950104
18.5,18.306519
4.5,4.275941
1.2,3.8329923
12.5,6.7206845
12.0,4.543216
5.0,7.7156844
12.0,6.3428144
12.0,5.496078
15.2,11.8273945
2.5,0.9024282
15.0,6.483732
1.5,0.047153264
3.0,5.4043703
12.0,10.394009
3.0,1.0337887
2.0,0.7242684
1.2,0.9276043
12.5,11.637674
12.0,11.590676
3.0,2.6006145
7.2,4.81111
7.2,12.158017
15.7,13.786514
6.8,7.9894953
7.5,10.103977
3.0,2.121256
12.0,9.006548
1.2,4.0894613
8.2,12.830263
12.5,5.847146
6.0,4.20494
12.0,8.717015
18.0,10.662329
12.5,5.443991
2.0,1.5940018
4.2,5.4172726
1.0,0.23549856
2.0,1.6564295
12.0,12.680907
12.0,4.742848
12.5,6.2363706
3.5,2.2276797
12.0,5.6628737
12.0,7.8031077
4.0,5.1017723
12.0,7.256518
2.0,5.7914023
5.0,5.1936264
3.0,3.3989136
10.5,9.262217
8.0,7.983669
3.5,3.9699738
3.0,1.7914472
4.0,3.4671264
6.5,9.182118
2.0,1.5304046
12.5,12.655296
3.2,4.022507
12.5,8.810141
2.0,0.66173327
6.0,4.261071
8.0,7.648017
12.5,9.359243
12.5,7.928712
12.5,10.789701
2.5,4.475343
5.0,3.2606225
5.0,5.1204367
0.0,1.2549292
7.8,8.490713
2.5,1.5712953
1.2,2.7977264
4.0,3.3775892
12.0,6.658789
4.0,5.25198
7.5,8.079045
2.5,1.7353588
3.5,5.7162485
1.2,1.7254221
12.5,9.493643
7.0,5.4553356
12.0,7.0577865
12.0,3.0722036
15.2,13.561809
12.5,8.224434
12.5,5.9727635
12.5,7.963828
4.0,3.7719302
1.8,3.623903
4.0,3.171492
7.2,9.653851
6.2,9.312489
18.0,8.959274
8.0,3.5943248
12.0,7.034784
1.2,0.24211441
3.0,4.2931833
12.0,8.804853
7.2,10.219261
3.5,1.6598133
12.0,4.889634
4.5,3.264772
8.0,3.6516194
15.2,10.9059725
4.0,4.704156
0.0,-0.045281455
7.2,10.40966
3.0,1.6716179
1.2,0.46089524
5.2,0.9656837
3.2,3.968395
12.0,9.506645
3.5,4.7019143
12.5,9.863646
3.0,3.4089832
7.2,8.995333
6.5,5.117346
1.2,2.1644232
2.5,1.0154369
7.0,6.272536
4.0,3.136689
4.0,5.661085
3.0,2.8163762
4.2,4.4235907
7.0,4.8637757
12.5,6.441008
18.5,14.379793
7.2,5.484642
2.5,4.7021074
7.2,11.547579
3.0,1.6227256
7.0,8.332472
1.5,4.928882
15.3,14.079717
15.0,10.329563
3.0,5.2218466
3.0,2.836569
12.5,9.782709
12.5,4.465078
1.2,1.5509189
8.0,3.3870137
5.2,1.9820243
8.0,7.451232
12.5,10.409408
18.0,13.558538
12.0,6.229009
12.0,6.139071
12.0,4.817671
7.0,5.5517015
3.0,2.8897865
12.5,12.334232
8.5,7.9641485
3.5,5.2375317
3.0,1.797413
3.5,5.7231894
12.0,13.099716
8.5,10.146608
5.0,5.440064
12.5,13.615511
12.0,12.729149
1.8,1.815139
12.0,6.2655873
7.0,3.4586833
2.0,1.6345192
18.5,16.255322
12.5,11.938829
3.0,3.583406
18.5,12.8295
15.0,7.5099835
8.0,4.3840175
3.0,2.233791
15.0,10.553368
3.0,1.1740478
15.0,2.3467472
8.0,4.7176843
15.2,10.014754
2.0,0.627652
12.5,6.6989427
5.0,6.1153107
2.0,0.9294241
15.0,9.293068
18.2,12.137453
15.2,11.182626
3.0,1.9644753
8.0,7.1094656
1.5,1.048777
7.2,6.59761
12.0,10.46144
1.5,2.040347
1.5,1.4027009
12.0,9.935706
18.5,13.499792
12.0,10.012561
4.0,5.1599846
12.5,6.489271
3.0,2.72682
12.5,8.913998
6.0,3.9539382
15.0,12.886385
8.5,8.909656
12.0,6.7426677
4.2,2.6402392
3.0,4.1076345
3.0,2.3124084
12.0,7.078513
0.0,-0.0106279105
3.0,2.5572972
6.0,5.732583
15.2,6.4062595
4.5,3.867752
7.3,8.644779
12.5,6.0476494
8.2,5.6240287
3.0,3.6922712
7.5,4.7326193
18.0,7.317839
7.5,4.747438
3.5,6.2022214
3.2,3.5042503
5.0,3.910462
6.0,3.4373522
12.0,5.5164194
7.5,7.9257264
8.5,7.408453
10.0,5.9382687
3.5,3.1649117
24.0,11.506361
8.5,9.062302
3.0,2.4974105
5.0,2.8428993
12.5,7.0821543
12.5,10.242029
12.0,8.755953
1.2,2.372595
15.2,11.083554
3.0,2.7867384
2.5,4.929981
12.5,11.820197
18.5,16.361082
3.5,6.19994
4.0,4.6126657
4.0,3.6921914
12.0,9.898309
5.0,5.878686
12.0,10.04579
3.5,4.016566
4.0,3.9965966
12.5,12.743432
4.0,4.9284763
12.5,7.904824
3.0,2.308081
12.0,10.080544
3.0,3.5770802
12.5,11.434099
15.2,15.080647
6.0,3.6768355
2.0,0.7189059
12.5,8.942558
14.5,7.140914
12.0,10.347252
2.0,1.5136485
1.2,3.6129556
12.0,9.23108
12.0,6.417954
5.7,8.987394
5.0,2.5447726
3.5,2.5954306
2.0,4.0144987
12.5,10.824238
4.2,6.049637
12.5,8.099016
18.5,10.072287
12.0,5.8111286
10.5,8.47946
5.0,3.7566497
1.5,0.68089885
15.8,10.598265
7.0,4.531454
4.5,1.6903063
12.0,5.2471557
5.0,1.7116783
6.0,4.4383674
2.0,0.5486053
2.0,1.9327215
1.2,0.5900756
3.0,3.5384276
6.5,5.4029083
2.5,2.852995
7.2,5.9503355
3.2,5.103993
2.0,0.16032475
8.0,3.74574
6.0,3.915569
12.5,9.500255
4.5,4.6954217
4.5,5.145105
3.0,1.8755494
3.2,3.9101872
3.5,3.1119027
8.0,4.978636
5.0,5.309381
8.0,5.7597203
7.0,10.604031
8.0,5.1205087
6.0,6.313609
2.0,3.2370212
8.0,6.2856426
5.0,3.2498252
12.0,5.283321
12.5,7.5157094
2.5,2.3624773
8.5,10.89235
12.5,11.998189
12.0,4.383175
10.0,6.8781505
1.2,1.946382
12.5,6.107146
6.5,3.592253
6.0,4.4797993
12.0,6.0032716
12.5,4.4483056
4.5,5.4754386
3.5,4.773597
12.5,10.333294
2.5,1.6576527
18.5,14.883931
0.05,4.501499
12.0,8.264308
12.5,10.131455
12.0,9.524093
5.2,6.79508
12.5,9.688147
3.0,4.155609
7.0,6.9043427
1.5,2.8361504
1.5,0.7160546
4.0,4.014111
3.0,3.477442
15.2,16.475845
2.0,0.64218456
4.0,4.2793946
4.2,8.156161
6.5,5.4974318
3.5,4.0539193
12.0,6.068268
12.5,6.7906885
6.5,5.869838
7.3,6.674064
4.0,2.9869556
2.0,1.1883602
6.2,6.6806726
12.0,10.367027
12.0,9.404569
9.5,11.357341
15.2,6.9165277
1.5,0.18560305
0.85,2.6484241
5.0,4.274165
12.0,8.032474
4.5,10.100265
12.5,7.1674194
15.2,12.932754
15.2,11.071783
12.5,11.507133
1.5,1.7240342
2.0,2.560093
12.5,13.43308
12.5,12.13496
4.0,4.713276
4.0,3.3686228
3.5,6.6709905
2.0,0.86245525
3.0,1.9201828
6.0,4.9304414
12.0,5.8474865
3.0,2.5451226
15.7,15.550558
8.5,8.115289
6.0,4.2559047
6.0,10.839468
5.2,5.6350636
15.2,15.949225
3.5,2.5325868
8.5,6.642715
7.5,10.754898
5.0,3.0824172
4.0,2.3280828
3.0,1.2167951
3.5,3.9859402
8.2,9.112299
4.5,6.212874
1.2,1.4324642
12.0,4.3941135
12.5,8.172214
8.5,9.171085
12.5,13.807755
7.0,8.194885
15.0,10.46838
8.0,6.5852256
3.2,3.0078356
4.2,8.721292
10.5,9.942478
5.0,4.3554916
7.0,4.0239906
2.5,1.1165417
2.0,5.366677
12.0,4.3961215
5.0,4.8106685
2.5,1.4831907
12.0,3.7947192
12.5,9.193844
4.5,3.3819788
12.5,9.911592
1.5,1.7639005
12.5,12.298664
12.0,9.7693205
1.5,0.49611968
7.5,6.278277
1.5,0.86920553
15.2,8.541424
0.0,0.11945515
1.5,2.61495
4.0,3.1470068
3.0,2.1283069
4.0,5.257981
12.0,8.704509
2.3,1.6009948
12.5,12.147769
3.0,3.6591487
7.0,10.212489
3.5,7.2719173
6.0,1.7235515
12.0,8.40781
12.0,6.079477
4.5,6.3397856
4.5,2.0469453
2.8,9.664771
7.2,6.455802
12.5,5.567765
15.0,12.542458
18.0,6.9174027
5.8,5.016598
4.5,6.433357
12.0,6.505251
12.0,4.265424
1.2,2.309092
3.2,2.5445962
4.5,7.6066895
4.2,6.8386965
6.0,6.1383276
15.7,14.853766
1.2,0.9362231
3.4,13.540081
12.0,2.4342177
12.5,8.935991
15.8,14.766047
7.2,3.9547987
12.0,7.493649
4.2,7.16439
4.5,6.7280526
3.0,2.2750795
4.0,4.57824
7.0,5.6699986
6.0,1.5686109
7.2,5.2303333
15.2,13.775224
12.5,11.822254
4.0,6.20442
3.5,3.6127925
4.0,4.79144
12.5,13.516932
12.0,12.01412
7.5,8.660476
12.5,11.319632
1.7,2.1511106
3.0,0.7706208
6.0,3.348756
5.0,3.4517012
3.5,3.3309066
7.0,5.065153
15.0,10.204128
15.2,16.885195
6.5,5.446474
4.2,7.336206
5.2,3.8760412
6.2,6.9330482
12.0,9.165174
12.5,9.457391
8.2,6.629792
2.0,2.8125722
2.0,1.2382833
0.02,1.5599673
12.5,16.979826
4.2,9.116085
12.0,7.617599
15.0,9.5155525
3.5,6.974466
5.2,5.650006
6.0,6.4360404
12.5,9.49479
4.0,0.7614938
12.5,7.2256317
7.0,8.052984
15.0,12.061702
12.0,10.96852
12.5,6.470523
5.2,9.915065
12.5,8.027994
1.5,4.4925265
0.15,0.13826984
3.0,4.2166696
8.0,6.0643163
12.3,16.275429
4.5,3.0659392
8.5,8.724021
8.0,6.815767
8.0,5.646103
8.0,7.2508125
4.2,5.6525755
15.2,13.879807
12.0,4.9784937
12.5,6.503651
5.0,3.0988393
4.2,7.9474635
6.0,2.9247704
12.0,7.3479724
12.7,12.362146
3.0,1.6042405
2.5,5.239529
3.5,2.592333
5.0,5.312955
5.0,5.0126996
3.0,3.565128
6.7,6.710238
12.0,12.693559
2.0,0.3180458
3.5,2.9925234
7.5,7.666531
5.0,7.4020195
12.5,14.42796
12.5,6.6356707
12.5,12.020502
12.0,12.94897
1.2,2.7881634
12.5,7.599342
3.5,3.9547832
4.5,6.064085
23.5,17.073917
12.0,7.5679374
7.2,4.7194953
8.0,5.8142276
13.0,3.8670592
12.0,5.7721424
5.2,3.8372338
12.0,9.663629
1.5,3.2590215
7.0,6.0819235
15.2,14.464245
1.2,4.0619173
12.0,8.791157
18.0,13.493574
12.0,5.7013774
1.2,7.460322
1.5,5.0892434
12.0,6.326451
3.0,2.335632
4.0,2.6888063
2.3,2.9525335
2.5,1.5318128
3.0,1.8536483
12.0,9.911027
0.0,0.87830144
5.0,7.665793
12.5,11.8872175
2.0,1.0688306
7.2,4.9807773
5.0,7.513764
7.2,8.955446
12.0,3.983527
1.2,2.1873472
3.0,4.787307
12.0,9.013696
4.0,1.9924746
2.5,1.7724515
12.0,10.917867
12.0,8.031756
8.0,3.480475
8.0,5.6990776
2.5,1.129087
12.0,12.773086
12.0,11.43925
18.0,10.563991
18.0,5.6881366
12.5,9.492028
12.0,9.960883
3.0,2.1790311
5.0,4.0137725
3.5,2.678082
12.0,5.333157
12.5,14.137602
4.0,2.2025104
3.2,3.5747304
14.5,14.670089
12.5,8.608
15.2,12.446718
8.5,9.14152
12.0,8.683653
5.0,4.4445806
15.2,8.95882
3.5,4.5418777
7.2,7.2584004
1.2,1.3976489
7.0,3.6765893
7.2,11.297155
5.0,1.1546131
3.0,4.4133506
12.0,10.416554
12.0,6.9325185
12.5,7.466268
12.5,15.856901
12.0,9.334772
2.0,1.1435148
5.0,3.587354
12.5,12.291977
7.5,5.2375755
12.5,10.902545
7.0,5.1534767
4.0,3.7694542
4.0,3.1586056
2.0,1.1392084
15.2,10.968615
12.0,9.360235
12.0,5.262518
5.0,5.1425276
12.0,1.6257461
8.0,7.8440614
12.0,9.379422
12.5,14.946554
12.5,8.39561
12.5,10.665982
12.5,16.086641
4.0,2.596654
18.0,11.915869
3.0,3.4065657
4.5,4.715758
3.0,3.49158
8.0,7.1709995
3.5,6.7840924
6.0,1.2795813
12.0,6.170136
12.5,2.554202
2.5,5.6393595
8.2,12.466859
7.0,4.256277
12.5,17.605999
3.0,1.1063542
12.0,9.281819
8.0,3.5067425
2.5,2.3979776
6.0,6.635763
2.0,2.6561766
5.0,6.6199436
12.0,6.3968925
5.0,3.894793
5.0,4.047003
3.2,5.7773004
8.0,4.6330643
12.5,8.891074
15.8,13.220702
7.0,6.028906
5.7,9.618736
12.0,7.234562
1.5,2.2974486
3.5,6.0540657
12.0,9.005967
4.0,1.5063273
12.0,5.5334153
12.5,14.314664
12.5,13.361
3.0,4.337321
2.0,0.9122038
3.5,6.6670566
12.0,7.8816695
5.2,5.919919
1.2,1.900098
5.0,4.7185693
7.0,7.388515
5.0,5.0373187
12.5,14.00997
0.0,2.327286
7.0,3.8096426
3.5,3.3339136
12.5,8.48726
3.0,2.6611502
8.5,10.567503
15.0,13.051573
12.5,5.6881404
4.2,4.321278
3.5,5.5944734
5.8,2.4190936
4.5,3.7500024
4.0,3.792627
15.2,9.353067
5.0,3.3679235
12.5,3.3647082
3.0,1.7793555
12.0,7.824778
12.5,4.636907
15.0,8.936444
4.0,4.113306
12.5,15.423574
7.5,7.6590505
6.0,9.312959
15.3,8.196762
7.2,4.6555467
3.0,4.6677704
18.5,16.534096
0.03,1.9534084
12.5,14.1328
3.5,4.617429
1.5,2.0239027
4.2,5.523153
4.0,3.1557233
3.5,2.2254057
4.0,4.736153
4.5,2.6580193
3.0,2.4161
6.2,8.694047
12.5,7.252624
3.0,4.4171147
6.7,12.17778
12.5,12.865997
6.5,6.0720143
12.0,3.8129196
2.0,0.5403251
12.0,4.0086246
5.0,4.279461
5.2,5.02783
12.5,11.139347
5.2,7.195762
12.0,10.221961
4.0,2.9480798
5.2,3.539616
4.0,4.4521475
15.2,10.640052
12.5,7.7727633
15.2,14.773343
12.5,9.820357
0.0,-0.0387819
12.0,3.9753926
5.0,3.103059
12.0,6.3073087
7.0,7.2587404
1.5,0.6307955
12.0,6.5007524
12.0,9.419587
7.0,5.524995
12.0,7.071307
12.0,5.402803
5.0,2.8768735
1.5,2.0310798
12.0,10.65175
0.0,0.32626945
12.5,7.3476324
7.0,6.336581
0.0,0.02528582
15.2,8.575786
3.5,5.121188
3.5,5.7579346
12.5,8.623046
12.5,7.6281896
12.0,5.2609286
18.5,11.614474
2.5,2.554605
4.2,4.6439734
0.05,4.198057
3.0,2.538324
1.5,1.2225156
8.0,4.94304
12.0,7.896389
2.0,3.1159337
12.0,8.648554
5.2,6.9379406
18.0,12.299435
15.5,9.195637
12.0,6.0737376
12.5,10.079713
7.0,4.629424
18.5,16.658907
7.2,9.900771
12.5,7.3810744
12.0,5.4722767
6.0,2.9346948
15.2,17.858078
5.0,3.9207668
3.0,3.7343853
12.0,8.707515
6.8,13.761909
12.5,10.79091
12.0,5.195949
4.0,6.01189
15.2,13.536132
12.0,8.161426
3.2,4.131921
9.5,7.0744085
12.5,13.409027
8.2,11.861015
5.0,4.8030744
7.0,6.1263804
5.0,2.4912345
7.0,2.9055755
7.5,5.666731
7.0,2.4534414
4.5,8.330267
5.0,3.2031684
5.0,3.588108
12.5,12.0784
15.0,10.581849
1.8,2.4317555
2.0,5.8351774
1.5,2.7379143
3.0,2.3281512
7.2,8.544882
3.0,3.6428103
12.0,9.187914
7.5,9.21188
12.5,12.177111
3.2,6.670623
2.5,2.4015155
15.0,3.931877
14.0,6.0074034
1.5,2.134209
7.2,8.773186
1.2,1.666778
12.0,6.112739
4.5,3.6543708
1.7,2.631545
6.0,4.9820232
3.0,6.313751
15.0,11.327484
15.2,17.421492
2.0,2.7106485
12.0,10.169246
15.0,4.1474743
12.0,2.4595487
12.3,10.074071
4.0,5.489304
7.0,5.7799506
12.5,10.991191
2.0,0.8259065
12.0,9.020914
15.2,9.843533
3.0,5.7237935
12.5,9.929734
14.0,7.000881
9.5,5.791538
6.0,3.6118972
18.5,16.092875
12.5,9.708021
6.0,6.9403257
0.0,0.4089046
12.3,11.79278
5.0,4.77276
4.5,5.3066416
6.5,3.7597227
8.0,3.8576756
7.5,11.47516
6.2,7.793622
12.5,7.816155
15.0,6.1542826
12.0,6.0143757
6.0,9.187824
0.02,0.29804015
4.0,3.5408514
3.2,4.1558905
7.0,7.134472
3.2,4.9109435
4.5,4.9476624
2.5,1.617414
15.2,11.908804
4.0,4.6366234
1.5,1.9628123
5.0,5.8776603
15.2,9.911628
12.5,10.79331
15.2,7.569547
15.2,10.925678
12.5,10.388698
15.0,9.054237
3.0,1.775894
4.0,4.8581157
12.5,9.854872
1.2,1.8130863
7.0,4.601998
12.5,6.819205
12.5,12.313239
12.0,10.004283
12.0,10.45283
12.5,6.703668
1.0,2.16749
12.5,6.24395
12.5,5.882548
4.0,4.1343575
6.0,6.5401134
12.0,10.76302
3.5,2.6071248
14.0,12.623668
2.0,2.5587356
5.0,6.030705
3.0,1.9492877
6.0,8.157566
1.2,2.9836366
1.2,2.8778148
6.0,3.3474514
5.0,4.045225
3.0,4.3091035
4.5,4.640104
18.5,11.29164
4.5,5.064978
12.5,15.864435
12.5,9.907745
1.8,3.5517662
4.0,2.8564477
12.0,4.842711
15.2,9.59717
4.2,5.4590535
5.0,1.2486058
3.0,1.3932345
8.5,13.757603
12.5,9.894025
3.0,1.8724004
1.8,6.2699823
12.0,11.101785
4.0,4.178695
6.0,3.0850751
12.0,5.0242405
6.0,6.6269
15.2,9.328864
7.5,5.047511
0.0,0.7831231
1.5,2.2888055
1.7,3.9718084
12.0,11.723991
3.0,0.32634884
7.5,9.859351
3.0,3.2538064
8.0,6.0908513
3.0,2.042307
3.0,4.000902
12.0,4.146364
0.0,-0.016432248
15.2,9.26683
5.2,9.439236
5.2,9.019588
15.2,13.788847
3.0,2.5789704
8.5,8.048288
6.0,5.928357
7.2,10.521735
6.0,3.982893
12.0,4.141794
3.0,4.860275
35.5,16.630325
4.0,5.1565886
3.5,5.4894805
12.0,6.3617253
7.5,8.69411
6.0,3.5202968
12.5,11.38773
12.0,7.429286
15.0,12.301039
12.5,17.261059
12.0,5.6125345
3.5,3.6204295
12.5,9.563409
15.0,6.3244505
4.0,3.2001052
12.0,6.6500635
14.5,10.645891
12.0,13.6603365
3.0,4.003477
1.2,2.430664
12.0,7.0428004
7.0,3.5892215
6.0,5.8656263
7.0,7.914725
0.0,0.24379097
12.5,5.2673893
5.0,4.705634
12.5,6.674121
4.0,5.983432
3.0,2.4660676
12.5,9.050165
1.2,1.5139222
2.0,2.1756608
4.5,4.8542814
15.2,12.013766
12.5,14.657143
12.5,7.4217625
7.8,8.552673
12.0,4.78357
1.5,3.792932
12.5,8.184011
8.0,5.3480706
4.0,2.7157304
5.0,2.7844636
7.0,6.151217
7.2,7.3836684
2.0,2.9136603
15.3,8.751153
3.0,2.7705243
15.0,3.9448457
3.0,3.6343868
3.0,2.731314
3.2,3.2066338
3.5,3.6576097
2.5,1.7215966
5.0,4.6235228
8.0,5.2505436
12.0,9.63635
3.5,2.3839781
4.0,2.7237966
3.0,5.0491824
7.5,5.685117
12.0,3.8416946
3.2,2.8656251
3.0,5.4080586
12.5,6.2211976
7.8,4.9259696
4.0,2.0966563
15.2,5.1483183
12.5,11.168223
15.2,13.111349
12.5,12.011105
5.2,7.791837
8.0,5.2042236
5.0,4.9323726
12.5,8.877805
12.0,8.941283
12.0,5.889359
6.0,10.863525
0.01,0.18300985
15.2,8.43476
7.0,5.607571
2.1,3.0341315
3.2,3.4732723
4.0,3.0361364
7.5,7.1464486
1.5,7.864237
4.0,2.9494653
2.0,5.108646
7.5,10.480734
8.0,7.4923706
7.2,8.586465
4.2,4.8558416
12.0,5.0451956
7.0,6.9414515
7.2,8.978987
12.0,9.954691
6.0,4.1519375
3.0,1.5748001
4.0,2.4886904
6.0,5.925916
6.0,5.1150866
8.0,4.2993245
3.0,2.658714
1.2,0.9138686
3.0,4.1506515
2.0,1.917399
12.0,15.408458
3.0,0.83770907
3.0,5.2230573
7.0,4.596273
12.5,11.703831
12.0,8.748341
3.5,5.1207404
3.0,3.4686224
7.0,6.389066
5.2,7.413123
4.5,3.6816735
12.0,10.855872
25.8,15.246531
12.0,2.618557
7.0,2.589565
12.0,3.503206
3.5,2.7316701
7.0,8.797559
12.5,8.609783
12.0,8.829154
1.2,1.0744722
15.0,7.32527
12.5,10.142132
8.0,8.441122
1.2,0.77719045
14.0,9.113207
3.0,2.9286199
4.0,6.370341
12.5,12.120524
1.5,1.5468857
12.5,13.179632
4.0,4.6257596
12.5,8.102439
2.0,1.6341999
12.5,10.67108
0.02,0.17278638
0.0,0.70340127
1.2,1.9036417
2.0,4.098767
12.0,7.6420975
12.5,7.6009307
15.2,7.993838
1.2,4.7541375
18.5,15.562539
12.5,14.004659
4.0,2.673796
3.5,5.9135394
15.2,16.951202
12.0,8.531438
4.0,2.87213
4.2,5.4868164
1.5,2.6030345
15.0,10.977812
3.0,1.9401673
3.0,2.1981065
12.0,6.5184608
12.5,17.976522
3.5,3.0005255
4.2,4.606733
4.5,3.6702864
15.2,8.170115
12.5,5.6781993
6.5,6.238549
2.5,3.8381913
5.2,7.310108
7.2,7.3422985
2.0,0.48286015
4.5,4.245129
12.5,4.881782
1.2,4.405634
12.0,6.5141177
18.5,14.113247
8.0,4.4801393
8.5,14.192306
0.0,-0.010766692
7.0,3.03162
15.2,11.2630625
3.0,2.4182272
6.0,4.541658
12.5,7.3047132
12.0,4.7509017
4.5,3.908473
15.0,11.248027
5.0,0.7738255
5.2,4.832993
4.0,3.502095
14.5,11.889063
7.0,8.327914
4.2,4.197245
8.0,11.334863
7.0,9.177205
7.0,8.146791
3.0,5.027351
12.0,4.690389
4.0,3.1666467
12.0,9.662977
6.5,5.90258
3.0,1.6511092
3.0,2.2813964
2.3,2.0288959
0.0,0.42768526
7.0,4.1787004
12.0,12.049905
12.0,7.8831573
5.0,5.1894584
1.5,2.3618224
1.2,3.1195927
3.0,2.3468778
12.5,8.415584
7.0,4.435474
12.5,6.443729
2.5,3.0957825
5.2,2.7876618
7.0,3.8699331
4.0,1.2460124
2.5,5.019832
12.0,10.083705
4.2,5.269071
12.0,4.4662256
18.0,12.481182
8.0,3.9834034
12.0,6.5204244
3.5,3.4485202
4.2,5.0660386
8.0,6.970881
6.5,5.2057796
4.5,5.011338
12.0,10.938262
6.5,3.593644
3.5,3.8222325
12.0,1.6667905
15.0,9.273743
12.5,11.157337
12.0,6.52479
5.0,3.164467
3.0,4.216036
12.0,4.2289066
1.8,2.4677963
15.0,7.0741544
14.0,8.195057
4.0,4.279668
23.5,19.663158
3.0,3.2916443
3.0,2.6488554
15.2,14.943106
15.2,9.92085
7.5,7.571526
6.0,5.0467978
12.0,8.241617
6.0,5.159308
12.0,7.5623517
5.0,6.6963415
3.5,4.677856
2.5,2.5397296
15.2,16.121738
7.8,7.3641214
7.2,7.152721
8.0,3.5526505
10.0,4.0564904
12.5,10.900569
12.5,11.062004
4.0,5.4276786
7.2,6.6969924
8.0,5.420501
12.5,12.333184
2.0,1.4422663
3.0,4.402455
15.2,15.104502
14.5,13.41293
12.0,3.126584
3.0,2.3883085
12.0,8.164882
12.5,3.778745
8.0,4.359953
12.5,11.11925
12.5,10.795756
5.0,6.8090854
8.2,9.498758
1.5,4.729871
12.5,18.422756
1.2,-0.055829734
3.0,3.2442825
10.5,8.256956
3.5,9.4403515
3.0,3.8838654
18.5,15.895201
1.5,0.6598234
7.5,7.826003
5.0,4.790737
12.0,6.738317
3.0,2.3240705
5.0,5.124278
8.5,10.150622
7.0,5.9082546
5.2,9.289489
12.5,8.089045
4.0,5.2836113
2.0,4.2423515
15.2,13.252337
12.0,7.785993
4.0,3.7091916
15.0,16.13234
5.0,3.297679
7.5,6.613437
15.0,5.865789
4.2,3.5073066
12.5,9.393575
12.5,5.0831804
0.03,0.4743027
8.2,10.784923
12.0,7.9636436
5.0,5.267214
7.0,3.4909847
4.0,3.8911495
12.5,3.3335774
6.0,6.861552
4.5,8.351824
4.5,5.2135205
8.0,3.1876712
1.2,4.0242386
7.5,5.348327
3.0,3.6832426
0.0,-0.003325548
5.0,2.1304235
3.0,4.9682536
4.0,3.332702
15.0,14.250403
12.0,10.71947
5.0,2.9457242
7.2,7.000954
15.2,8.114094
5.0,4.1487474
12.5,12.422174
7.0,5.056263
12.5,10.019703
2.5,1.2637082
7.2,6.6667376
12.5,10.058692
7.0,4.3316994
2.5,0.7868224
12.5,6.3282504
12.5,13.237349
3.0,3.6117964
2.0,1.4285586
3.0,2.688014
12.5,12.928644
8.0,8.612894
3.0,3.8468165
12.5,5.0788283
6.0,3.8722787
4.7,10.745887
14.5,20.190521
5.0,3.9452667
12.5,10.289125
0.0,1.8103863
5.0,3.5345187
6.0,4.538352
4.0,2.3915699
3.0,0.7013591
12.0,5.932331
12.5,10.247659
3.0,1.526008
2.0,1.1986111
14.2,12.41062
5.0,4.0262322
6.5,7.6082087
3.5,7.006926
12.0,4.768913
4.5,6.7916174
4.2,5.7766843
0.0,1.0265768
1.2,1.113068
3.0,3.1027403
12.0,7.5806866
6.0,4.975676
12.5,10.206182
3.0,3.7360992
3.0,3.7420425
15.0,3.8345504
6.5,6.2183027
10.5,8.556448
12.0,5.8328657
2.0,1.8142766
15.2,15.413853
1.5,1.593892
3.5,4.623294
12.5,7.117915
15.3,12.618538
12.5,4.1787233
12.0,5.829755
7.5,7.211439
7.0,1.6264609
4.5,5.087104
6.0,7.020108
7.0,5.2563477
6.5,10.373471
3.0,3.070704
4.5,4.4559727
12.0,12.320262
45.0,15.117349
12.0,6.1461744
8.0,6.4696465
8.0,7.057148
5.2,2.8388236
8.0,1.7585473
7.0,4.346706
2.0,2.5087411
0.0,0.48128396
15.2,11.401009
1.2,2.2305193
3.5,2.9256349
15.0,10.61977
5.2,6.379163
7.0,5.8257537
12.0,7.8427396
3.5,8.40457
12.0,6.3859367
8.5,8.438287
8.0,6.3965273
12.0,6.834514
12.5,9.957786
3.0,3.8474903
2.1,4.8799844
3.0,2.348012
2.0,1.6886585
1.2,1.5080467
8.0,9.302989
8.5,5.0174193
3.0,3.135329
6.0,3.4050653
12.5,11.685581
2.3,3.490382
7.2,10.960142
8.0,6.4047914
8.5,5.322162
3.0,1.4745967
4.0,6.8497353
4.2,4.9004693
4.5,2.8823183
15.7,10.098985
6.0,4.304957
12.0,3.518184
3.2,5.2311244
7.8,7.0248995
4.7,6.912279
12.5,12.36401
15.2,11.5810585
4.5,7.5639625
12.0,3.4190292
15.2,12.10372
12.0,11.763382
7.2,11.263841
4.5,5.629077
7.2,5.934853
3.5,2.209556
12.5,2.0120645
2.0,1.1510969
4.5,5.275203
3.0,4.514757
7.0,7.057567
6.0,5.0923066
4.0,3.6246183
0.0,-0.0078005996
12.0,9.504379
7.5,4.7950144
7.8,9.317687
12.0,7.9394026
7.0,6.866881
12.5,10.940626
12.0,5.380123
3.5,5.9333324
12.0,10.649905
3.0,2.9489408
18.5,15.669018
4.0,2.7786262
12.5,5.696306
3.0,3.1714084
15.2,6.7900114
12.0,6.0097103
3.5,6.254871
6.0,5.8618326
15.2,9.18097
7.0,6.404184
3.0,2.4457893
7.5,7.496136
7.0,3.0619183
2.5,3.930659
1.2,1.791527
3.0,2.862056
4.0,2.8682659
12.0,9.698937
12.0,8.542896
7.0,5.643777
3.0,1.1876987
0.05,1.9999146
6.0,8.817772
12.5,11.116038
12.5,5.944944
4.2,6.7080693
5.0,4.2127075
15.2,9.552893
4.5,3.3246677
2.5,1.9213182
12.0,5.862886
15.2,9.481159
7.2,11.530372
1.2,2.8569853
7.5,5.2316613
2.5,3.3280096
5.2,11.619064
3.5,3.4434276
15.2,19.883574
18.5,12.618813
4.5,4.996466
6.5,5.1999855
8.0,4.2018714
1.2,0.9124102
12.5,14.699699
12.5,4.2259936
15.2,13.833474
7.0,6.939251
3.0,2.9786
12.0,7.311939
7.0,4.981808
12.0,8.840342
6.0,4.7915673
0.0,0.37235487
4.5,3.5172293
12.0,9.783059
4.5,10.075091
4.0,4.048303
0.0,1.3998564
5.0,3.4739194
0.0,-0.051827654
12.5,8.251668
4.5,4.98738
8.5,5.9958186
6.0,5.772006
1.2,2.737533
3.0,3.9792514
3.0,1.0126792
8.0,5.2927365
12.0,11.3289385
12.5,14.554415
0.01,2.7095037
8.0,9.540015
5.0,4.3060236
3.5,1.2732399
12.5,12.849315
5.0,4.108627
5.2,6.6333413
5.0,3.8139224
10.5,6.9380984
8.5,6.2353253
2.3,1.5708067
4.5,1.5995761
3.0,1.6373894
12.0,5.4248266
18.5,12.325839
3.0,1.0999433
8.5,9.206576
17.8,14.825915
4.0,3.3476639
5.0,5.978317
7.5,9.205819
0.0,-0.009262018
5.2,5.76045
7.2,6.895223
7.0,5.630368
0.01,0.18689688
3.0,0.8235852
14.5,11.102068
12.5,6.5138264
12.0,3.5207288
6.2,9.691812
6.0,3.9880216
4.0,3.6248877
12.0,6.7253675
3.0,3.082868
3.0,1.9139884
4.0,2.8975503
28.5,14.370354
12.0,7.6023684
6.0,6.359215
3.5,5.4137716
7.0,2.7619455
8.0,12.833369
28.0,22.15001
15.7,19.144882
4.5,5.9302945
6.0,5.85224
2.0,0.2541976
6.0,7.0551434
12.5,12.458733
7.0,6.668812
4.0,2.2400339
8.0,3.2984161
7.0,7.0069675
8.0,5.5079627
12.5,17.645481
12.5,12.181764
15.2,10.658312
4.0,3.2982452
7.2,9.016488
12.3,15.746051
5.2,3.9571579
3.5,5.7045403
12.0,5.617187
7.8,5.97414
4.0,7.069755
12.0,12.119746
12.5,8.338295
2.0,3.2871737
7.2,5.1921997
7.0,2.6065302
4.5,7.210139
3.5,3.4639301
7.2,11.5092945
12.5,10.214414
7.2,6.6808887
5.0,4.3610983
5.0,4.4991555
1.5,1.7854087
4.5,5.08461
1.2,1.8464568
4.0,4.0700583
8.0,6.4991107
12.0,8.891849
7.0,5.3732285
3.0,1.0182772
4.0,2.781781
1.2,1.1372795
15.2,8.155912
12.3,10.502576
12.5,11.562457
5.0,3.1183138
3.0,3.2101302
5.0,3.3458877
6.0,3.7338164
15.2,13.648174
12.5,7.846454
12.0,5.2933044
7.2,7.67234
12.0,7.292441
2.5,2.3280044
12.0,8.860012
12.0,8.134729
3.0,2.3709092
3.5,2.8459158
18.0,9.363884
2.3,0.2990775
6.0,5.05724
12.0,11.586333
1.2,3.8730447
8.5,7.6397014
5.0,2.4005175
12.5,9.116049
3.0,5.005135
4.0,6.1726513
6.0,3.1762726
12.5,8.929797
4.5,3.249658
7.0,5.947036
8.0,4.828923
12.5,6.2294974
1.2,3.1118042
3.2,7.275219
7.0,4.8337274
15.0,5.629573
4.5,6.7126718
3.2,5.2227306
6.0,4.561082
12.0,6.6170683
7.2,5.344384
7.5,5.5921955
2.5,4.4578114
5.0,6.661529
2.7,9.908608
3.0,2.4960532
2.0,1.7098857
5.0,5.056344
17.0,14.398521
12.5,8.663831
7.0,5.3607707
8.0,5.2817383
5.2,4.660683
18.5,17.881535
3.0,4.4610963
3.0,3.20517
3.0,5.007543
12.5,13.724787
3.0,3.3757184
3.5,5.8109875
6.0,0.36618984
2.5,1.2334907
0.01,1.4516412
4.0,3.1541643
0.0,0.17052422
3.5,2.4580264
5.2,7.446795
5.0,7.818457
8.0,4.5716815
7.0,4.3506083
4.0,3.1012638
8.0,4.9999924
12.5,8.83991
19.5,15.511786
12.0,4.7311635
2.0,1.2357409
2.0,3.9617717
4.0,2.3872197
6.0,3.4766333
12.0,8.327791
6.0,4.0884805
7.5,9.528288
7.0,2.921733
3.0,2.6776237
8.0,5.0425067
1.5,5.1358542
3.8,2.3323095
15.3,11.240154
4.0,5.2769933
7.2,7.815915
3.0,1.6861371
5.2,10.788222
12.5,17.744963
4.0,2.7979238
12.5,7.825687
5.2,5.098176
12.0,8.59498
6.5,5.86641
12.0,5.006859
4.5,3.367846
4.5,4.2021804
7.5,11.790421
3.0,2.4874296
2.0,0.5712735
12.0,9.827441
12.5,8.256262
12.5,7.9328694
7.5,8.260832
0.0,1.1956406
3.0,5.0031476
8.0,2.5872939
4.2,8.134231
2.5,3.3892334
6.0,3.1056275
4.0,2.719305
2.5,2.0683935
2.0,2.7439206
4.5,5.607244
18.0,7.9918885
15.2,7.6673555
1.5,3.013369
0.0,-0.04705804
7.5,3.6804757
1.5,0.97589207
7.0,7.7033296
4.0,3.4137375
15.0,10.376846
5.0,4.5966086
8.0,4.049771
12.0,5.801095
15.2,10.97972
7.0,4.3205996
5.0,6.709965
12.0,7.337155
5.2,3.1983118
8.0,7.873823
5.0,2.9698057
15.2,12.00942
1.2,2.6196294
3.0,3.1935062
7.0,2.6043305
12.5,12.307851
3.2,3.0343456
1.2,1.3861384
15.0,9.376661
5.0,1.4142743
12.5,12.896438
4.0,4.200613
7.0,2.4594307
3.0,2.3474486
3.0,0.8193479
6.2,9.184418
3.0,1.8951275
5.0,1.1941488
12.0,9.089161
12.5,11.838836
4.0,3.9124248
7.5,3.9470267
6.0,5.9829164
12.0,9.094101
3.2,6.324844
12.5,11.56749
1.5,1.74084
17.5,19.155712
3.5,5.2380433
12.0,9.32999
1.2,1.2706869
5.0,5.0214543
2.5,3.8861537
6.0,3.4090893
4.0,2.738267
12.0,8.412826
3.0,2.1249177
12.5,9.192057
12.0,6.7612143
15.2,16.51079
7.0,5.436505
7.5,6.182298
12.0,3.895134
12.5,7.2323413
12.5,16.9549
12.0,5.3796363
11.5,8.381943
3.0,1.1444243
5.0,3.8466854
12.0,10.229785
15.2,10.065826
12.5,10.757778
12.0,5.905803
15.0,8.790354
14.0,14.749073
6.0,4.2180433
5.2,4.0853047
8.5,2.4622762
7.5,8.365969
7.0,5.5800576
1.5,7.736136
2.0,0.7148902
4.5,7.2031636
12.0,3.057748
3.5,3.9952927
7.2,4.4941897
15.0,8.226855
5.0,6.1168194
1.5,3.6835558
4.5,3.9672525
12.5,3.1900344
12.5,11.339219
6.5,8.28503
7.0,7.335421
3.0,1.9588476
5.0,1.7823507
12.0,5.5303626
12.0,9.0508795
7.0,8.642063
7.5,3.9176426
3.0,1.534971
4.7,4.0859447
4.0,4.3899407
12.0,9.620302
5.2,6.986406
12.3,7.81427
8.0,5.3339634
6.0,2.3422868
5.0,4.3809395
2.0,3.0817416
8.7,5.7557635
7.0,5.2132626
15.2,9.981072
25.0,18.646378
0.0,0.7586414
15.0,11.162672
12.5,10.176998
12.5,8.535061
12.5,4.8281517
12.0,5.2655373
5.7,6.504082
12.0,4.5723863
3.0,3.6100008
12.0,6.3701515
14.2,15.036065
10.0,3.606121
18.5,14.33239
4.0,3.259472
5.2,5.0968103
7.0,6.5388827
6.0,8.88093
15.2,11.803988
2.5,0.53471845
15.2,9.601559
7.0,3.6751037
7.2,6.0158987
5.2,7.6223426
12.5,13.2930765
5.0,2.6314416
6.5,6.137181
3.2,4.918228
4.0,1.9159882
12.5,12.896486
3.2,6.291009
4.5,5.325327
8.0,5.6510935
5.0,4.391278
4.0,4.868511
12.0,4.43459
5.0,7.381831
6.5,12.243205
12.5,5.2572784
4.0,3.9185007
4.0,3.6405425
12.5,6.040582
8.0,5.022068
12.5,10.162945
12.0,6.369403
12.5,9.440578
3.0,2.8948677
14.0,5.9745436
1.5,0.6121013
12.0,3.5322134
12.0,7.16864
8.0,8.639593
4.0,5.2395287
6.0,4.016211
8.0,5.14302
3.0,2.3545475
3.8,6.4456825
12.5,10.609904
3.0,3.8380873
0.01,0.61032146
8.0,4.7575016
5.0,6.4205356
7.0,6.962461
5.0,4.442013
5.0,3.5702472
8.0,6.233321
1.2,0.19189508
3.0,3.3398466
12.0,4.634175
12.5,8.141197
12.5,10.454316
12.5,8.10559
12.0,7.1789837
0.02,0.5031569
5.2,9.604829
15.2,8.542189
3.0,2.5204468
12.5,14.583486
5.2,5.0279393
2.0,0.39061815
15.2,7.7871656
12.5,4.3224936
5.0,6.5921206
15.2,14.207001
4.5,7.133247
6.0,6.638875
6.0,3.398044
0.04,-0.008943683
8.5,5.9404054
15.2,14.057549
0.0,1.4727845
15.0,11.803708
12.5,7.4172873
18.5,15.211445
10.5,11.276637
1.2,1.8311647
5.0,5.6084623
5.2,7.6591644
7.5,7.0693383
12.5,7.924315
12.0,4.7899613
12.5,4.8017325
5.0,3.8513038
12.5,11.558863
12.0,7.7222614
5.0,1.7402829
6.5,5.272311
15.3,8.441164
12.0,3.8172033
8.5,4.83859
12.0,6.0448027
12.5,8.811087
3.0,1.8355259
5.2,6.5308175
7.0,8.165049
15.0,12.80523
12.0,9.630508
2.0,2.6313152
12.5,7.9017477
1.2,0.93695194
3.0,3.0859551
15.2,11.003938
12.5,5.6899676
2.0,0.07242018
12.0,3.841157
2.0,0.26553708
2.7,9.125296
12.0,10.693739
6.5,3.371039
2.0,1.3917396
12.5,14.630592
7.0,5.610045
3.5,6.407977
1.2,0.9131323
0.0,0.3645597
5.0,4.27812
12.0,10.605877
3.0,0.7026288
4.0,4.3622994
8.0,4.8922524
5.0,8.555307
12.0,8.45816
2.0,0.69287246
12.5,11.185058
15.0,10.1023655
4.8,4.175524
0.05,1.5372802
15.2,15.179097
12.0,6.4289913
12.0,3.5844135
15.2,10.9603195
6.5,6.3224754
14.5,8.395461
4.5,4.579807
12.5,9.6678
3.0,1.937967
10.0,4.3876543
3.0,2.912269
7.5,7.4936914
3.0,3.4973776
7.5,5.655806
3.5,2.6953187
12.5,5.611709
14.5,9.609233
4.5,4.096409
12.5,7.307387
6.0,4.1349587
3.5,4.7162547
11.0,7.1706877
3.5,2.8547974
12.5,7.773431
6.0,5.04421
7.0,3.71723
3.0,3.4334402
3.0,2.0592885
12.0,6.4939456
12.5,3.5857372
15.0,10.947752
3.0,3.4085522
7.0,8.439378
5.0,4.354041
12.0,10.917615
4.0,1.6179051
3.0,3.004931
3.0,1.6867199
15.2,16.421333
3.5,2.3866446
12.0,10.431806
5.0,7.482502
1.5,2.258736
5.0,6.2568107
7.0,4.48613
7.0,5.8997602
7.0,6.7276897
5.0,3.341237
5.2,3.658705
7.0,6.781983
15.7,13.803271
5.0,5.3621254
12.0,5.2632165
4.5,5.5448275
5.0,4.7693524
12.0,14.322282
12.5,9.764735
15.2,16.78897
6.0,7.044209
12.0,4.323312
5.0,3.8002193
7.0,1.317634
6.0,9.9450865
15.2,10.370745
1.5,1.6621982
1.8,6.657559
5.0,4.0248146
12.5,12.880622
3.5,3.4346476
3.5,5.5544553
5.2,2.777878
10.5,13.573068
12.0,4.5506835
1.2,1.0778886
12.5,11.567302
2.0,1.7126406
7.5,9.094597
12.5,9.9622135
1.5,1.5187985
7.0,5.397327
2.0,2.2832186
18.0,13.997289
7.0,6.269006
3.0,2.8837261
2.0,2.4208846
6.5,8.947052
6.0,4.4945283
12.5,7.914821
8.5,7.9755993
4.0,4.795094
4.0,1.7874278
1.5,2.074439
12.0,11.099251
15.2,3.6787615
12.5,16.332623
2.5,1.9259429
12.5,8.781166
12.0,3.050794
7.5,10.701472
5.0,2.8273897
7.2,7.5034
7.2,11.044543
7.0,6.516689
1.2,0.704244
7.5,5.8097277
7.0,5.107397
2.0,1.6860293
3.0,3.0955205
3.5,3.9848764
12.0,7.556128
3.0,2.9280834
12.5,11.547508
1.5,0.36242753
12.5,12.426362
12.0,3.6420205
3.5,6.6939344
5.0,3.0229423
4.0,4.2015643
3.0,2.7372303
3.2,3.1057563
7.0,6.2337303
6.0,7.7045417
3.2,3.8592181
4.5,3.024534
3.0,4.224184
15.2,11.035902
1.5,3.7666361
12.0,11.258769
12.5,12.4791
15.7,12.678774
1.2,2.1987529
12.0,6.2217565
12.5,4.3074346
5.0,3.8634994
8.0,8.325933
2.5,3.9543808
18.5,14.920703
12.5,7.7400994
18.5,14.521812
3.0,1.2520871
12.5,4.131565
4.5,2.6329772
2.0,2.662769
7.0,5.155005
15.2,16.776894
12.0,6.052449
18.5,14.6880045
12.5,13.725183
0.2,0.8323936
5.0,6.952786
12.5,12.158319
3.0,4.417486
8.0,8.153875
7.5,9.894244
5.2,5.385554
3.0,2.3315659
6.0,3.416374
2.5,3.187789
12.5,9.560063
12.5,4.211505
12.0,5.931916
15.2,11.345756
12.5,10.832259
15.0,8.815321
12.5,9.424696
7.0,6.373956
15.2,15.287291
3.0,2.3306067
12.0,5.085415
3.5,2.9906988
3.5,1.7494575
1.5,3.1728077
5.0,4.7983093
12.0,3.2852979
12.5,12.517203
7.2,9.488357
12.5,8.025995
15.0,4.417319
3.0,2.1828637
18.0,14.96834
12.0,4.3072886
12.5,13.205973
14.0,6.6134815
3.0,0.864325
12.5,14.740774
7.5,5.29943
6.0,4.127566
12.5,13.272074
8.5,9.084752
12.5,5.3184385
7.2,6.309537
12.5,7.0075865
15.0,6.5064626
14.0,8.529724
4.7,3.940639
15.7,12.288776
6.5,5.8379736
8.0,4.9447894
0.01,1.913171
7.5,7.1847353
1.5,1.7033317
2.5,3.3052373
14.5,11.602805
2.0,4.524421
2.0,3.851593
6.0,2.949098
12.5,6.200622
12.0,8.947757
5.0,7.0582633
7.0,9.754693
12.0,7.654119
8.0,5.203274
4.0,3.6121032
15.0,11.020156
1.2,1.8760612
0.0,0.6975666
3.0,3.1961968
4.0,3.77012
4.5,4.634912
12.0,8.881548
15.2,8.652734
5.0,5.675046
7.2,7.754273
6.0,4.2240186
14.0,5.9040527
5.0,3.147289
14.0,7.2409954
6.0,6.038503
7.0,3.6813242
0.05,0.56256247
12.5,10.239361
0.05,0.91606164
1.5,0.8824868
3.0,1.2789025
7.2,7.265328
7.8,8.323063
1.2,1.458376
5.2,10.21897
14.0,9.935006
12.0,8.127355
0.05,1.2383554
0.0,2.6179888
4.0,3.1411517
2.3,1.806817
18.5,16.130892
3.0,5.107073
6.0,8.564279
12.0,11.728647
2.0,2.4797134
12.7,10.272841
12.0,9.684526
4.0,3.886745
12.0,10.4424715
7.2,9.883517
6.0,7.558659
7.5,7.534716
12.0,7.251971
15.6,11.807571
12.5,15.954626
3.0,3.7006774
1.5,1.6193764
3.0,-0.027494978
5.0,5.393026
2.5,0.8574508
7.0,7.3900924
5.0,4.761068
12.0,5.3708386
12.0,7.000897
0.0,0.8269099
12.5,7.487504
3.0,1.041477
8.5,4.6937
3.0,5.0897474
3.0,2.8245173
4.5,2.3149726
0.0,-0.04017873
15.0,8.697675
7.5,4.3790956
12.5,7.8097134
3.5,2.751441
4.0,1.90589
15.3,5.669427
2.5,3.0452344
4.2,1.4424363
0.15,3.626546
12.0,5.856669
4.5,1.4622875
4.0,1.571348
3.0,2.2983048
3.0,4.210976
18.5,14.811159
12.0,4.629104
12.5,10.034076
12.0,7.162217
4.0,2.1004753
7.2,8.152282
11.0,4.651754
6.0,5.1692004
12.0,10.357341
1.5,0.0367298
12.0,6.996639
3.2,3.4023457
18.0,10.125938
15.7,18.315126
5.2,4.4800086
12.0,6.8555064
7.0,4.146825
7.0,6.3609257
2.5,3.3644514
12.5,8.832833
12.5,13.568442
2.0,1.4685525
7.0,3.5867224
7.0,6.167937
12.5,12.820137
12.5,11.772043
15.0,10.329203
12.5,8.835389
12.5,7.89576
8.0,4.2423778
3.0,4.0250387
12.5,11.333583
12.0,8.1170845
12.5,9.916292
2.0,3.5108476
4.5,3.7247071
12.0,9.343935
12.0,7.324886
12.0,10.531764
5.0,3.5024107
12.5,5.995952
12.0,8.280512
5.0,2.4378357
7.5,9.193991
3.5,3.8594074
3.0,4.014401
5.0,5.719477
15.2,12.657284
12.5,7.946308
8.5,7.9962363
7.0,5.177612
12.5,8.726693
28.0,16.020565
12.5,10.637151
3.0,4.2094917
3.0,3.0518253
12.5,8.902778
12.5,14.686659
15.2,10.727017
3.5,2.5169387
15.7,16.295187
4.0,3.6702356
15.7,13.31822
12.5,12.552288
4.2,7.665119
5.0,6.361839
12.5,7.9367156
1.5,0.30595046
3.2,4.0091977
12.5,4.8165913
2.5,2.7465434
5.0,6.7640104
7.0,4.6632304
5.0,3.9838173
15.2,13.942859
5.0,3.6624625
2.0,0.8226878
12.5,9.606197
5.2,6.4031343
7.5,6.590067
5.0,9.137025
15.2,15.955675
3.5,4.8893914
6.0,9.211761
5.0,4.6599193
4.5,4.054223
12.0,7.403982
18.5,15.556226
4.5,5.31198
5.0,5.3982935
5.0,5.4919086
8.2,5.2325206
12.0,6.096168
1.2,3.9622245
3.0,3.0863647
6.0,4.687015
18.5,13.813284
0.0,6.2216973
8.0,6.6407185
15.0,12.839427
15.0,11.980113
18.5,16.002508
3.0,3.5538101
12.5,11.009723
12.5,11.640365
7.0,8.762022
12.5,13.578276
15.0,6.2027016
12.5,11.822883
3.5,6.3130207
5.0,2.7853312
7.0,9.438698
3.0,1.6442248
2.5,2.8472931
12.0,10.209553
7.0,4.7401614
12.0,8.347017
5.2,6.3244205
4.2,4.7654696
7.5,9.626987
12.5,7.7206945
12.0,8.240987
3.5,8.033923
12.5,8.308963
5.2,5.7819242
5.0,5.228811
12.0,6.657164
12.0,12.667155
12.5,6.0538006
5.0,7.377797
15.2,8.900003
12.5,5.7840924
0.0,-0.025943674
5.0,3.7048507
6.0,5.424998
15.0,7.3783956
3.0,2.497925
3.2,2.3273282
7.0,7.5640564
18.5,7.8402667
7.0,5.1820755
4.0,1.6616329
12.0,8.3370905
7.0,5.903654
12.5,7.223261
3.0,1.261746
2.0,3.3904653
6.5,7.281424
4.0,4.126146
5.0,4.190289
12.0,7.3906555
18.2,16.266905
6.0,6.980291
12.0,8.465808
0.05,0.5149759
4.2,6.638232
6.5,6.762073
7.5,4.990005
3.5,2.6368256
6.2,6.838665
12.0,9.992206
5.0,3.5741773
14.0,6.8978386
6.5,4.656728
15.2,14.432958
12.5,7.283328
3.2,3.6663532
1.5,5.1102133
12.5,10.386047
2.0,2.2693954
12.5,1.5499402
6.0,5.2500267
12.5,14.785313
1.2,1.3399919
12.5,7.3589277
12.0,6.3509703
4.2,6.303968
3.5,2.3553073
12.5,7.813535
5.2,5.7294655
5.0,3.7899382
7.2,10.862152
4.0,2.4141958
12.0,9.963339
7.0,5.884227
5.0,5.2399774
4.0,4.395509
1.2,3.1672785
12.5,7.95593
5.0,6.661703
3.0,1.84827
12.5,11.509059
3.0,2.6514044
7.0,6.476027
12.5,8.653053
1.0,2.9092078
7.5,6.518225
15.2,11.129514
1.2,0.38570344
12.0,9.036729
5.0,2.8531296
0.0,2.1418583
6.2,5.69467
3.5,5.0127687
12.0,7.0924134
7.0,7.5636334
3.5,6.9703813
2.5,1.9500215
3.0,2.0859435
12.5,11.159876
15.2,15.332246
15.2,11.148618
3.0,2.5904226
12.0,10.695744
3.0,2.1863346
12.5,13.275688
15.2,15.732053
5.2,5.5264077
8.5,10.816803
12.0,8.207051
6.5,6.1794243
12.5,11.342582
1.5,1.4848386
5.0,5.499052
12.5,5.092784
2.5,1.4258771
5.0,3.0882254
3.0,3.2302184
2.0,2.278188
1.5,1.5508933
7.0,3.276079
12.5,9.103497
7.2,6.8386493
14.0,12.039426
7.0,7.630732
5.0,5.064156
5.2,5.3613515
7.5,5.334883
12.0,10.453566
3.0,2.434842
1.5,2.1953454
4.0,3.449857
0.02,2.9698114
7.5,5.955194
7.0,6.1327333
6.0,4.2541265
14.0,8.3374405
4.5,6.1447477
12.0,6.3496203
4.5,6.1865625
12.0,7.200682
2.5,2.6908472
8.5,7.0934258
8.0,3.666901
3.0,2.8411553
1.2,4.954783
8.5,8.425968
6.5,9.2593975
12.5,11.689502
12.5,7.19097
12.0,7.9027886
8.0,7.7231393
1.2,0.87648857
4.5,8.277372
2.5,5.174668
3.2,0.3954562
6.8,7.559642
3.0,4.404418
2.5,1.6894791
12.0,9.355096
12.0,4.1751375
12.5,9.616952
3.5,5.5295424
15.0,8.607962
12.0,8.2492285
7.2,7.882258
12.5,9.188425
12.5,6.2783484
12.0,7.813388
18.0,13.670653
7.0,4.781614
12.5,4.5021243
12.5,10.162513
12.5,8.405163
12.0,7.965013
1.2,1.8627049
15.2,14.5609
7.0,6.9863386
15.2,16.486607
8.0,6.0352645
12.5,9.722352
3.0,2.8996208
1.2,1.4594824
15.2,14.741492
12.0,5.84026
2.5,5.541098
15.0,10.491403
12.5,9.886171
12.0,9.423933
0.05,0.56716996
15.2,11.793894
12.0,7.177235
5.0,3.8640723
12.0,8.108547
3.5,5.5410433
6.5,7.9471755
4.5,2.4560819
4.2,3.6827457
3.0,3.6122122
3.0,3.6564271
18.5,14.160571
5.0,2.4494574
1.2,5.3666153
1.2,1.7282363
3.0,2.934992
15.2,10.338452
12.5,11.996135
3.0,3.495534
3.0,2.515418
3.5,2.7563717
3.0,3.7398155
3.0,2.6074307
3.0,3.4501665
0.05,1.774572
5.0,3.098714
15.2,8.460556
8.0,2.3460572
5.0,4.6714272
18.0,5.9524384
3.5,4.2841406
1.0,0.75360787
6.0,1.8065063
4.5,7.346226
12.0,9.324256
8.0,4.191802
12.0,8.120593
4.2,4.3884025
12.5,11.34978
3.0,3.3052094
2.0,3.0300522
12.0,6.770328
8.0,5.7752194
12.5,8.466668
1.5,0.36436975
2.5,3.08302
8.0,3.4301503
18.5,14.3633175
6.5,3.681513
3.0,2.827628
15.3,12.904439
15.2,14.230101
12.0,4.3662543
5.2,9.794029
15.2,12.545515
3.5,5.336885
15.0,12.902005
2.5,4.9146543
2.0,1.7703794
1.5,3.106008
7.0,7.112065
1.5,1.84191
2.5,1.9336692
7.0,4.414407
12.5,8.611438
3.0,3.6014473
2.0,4.3397346
4.0,1.0514585
5.0,5.960284
1.5,2.88916
5.2,5.4578996
5.0,2.0599165
4.5,8.122328
1.2,0.39110714
8.0,6.828238
1.5,1.9732391
4.5,4.5953894
3.2,4.467777
7.0,6.8101077
12.0,4.3226547
3.0,1.4417535
18.0,14.857852
3.0,2.4451199
12.5,6.6145096
12.5,14.525056
12.5,7.028252
15.2,9.720407
5.0,3.457676
7.0,6.3371267
3.0,3.031913
12.0,5.866599
5.0,3.2358928
5.2,7.6250134
15.0,9.295595
12.0,7.6538205
12.5,10.017405
2.5,1.8836478
15.2,11.473081
4.0,1.275486
12.5,15.768423
12.5,13.376028
12.5,7.741044
12.0,13.896188
7.5,4.3140774
4.0,2.3388493
12.0,10.41061
4.2,8.804179
0.0,0.35658425
12.0,8.274655
12.0,6.806107
2.0,4.9660006
1.2,0.8813121
12.5,9.027216
3.0,3.6503446
3.0,2.424293
7.0,8.200466
12.0,12.144342
12.0,8.075973
15.2,12.754765
5.2,6.8038187
12.0,5.9151945
4.5,3.3806174
5.0,4.9209156
3.5,4.3053846
12.0,8.153391
1.2,1.545526
15.0,8.121458
12.5,9.384379
7.0,3.7324097
6.0,7.1983957
3.0,5.189263
6.2,9.701489
4.0,2.3241258
1.2,1.3645808
7.5,9.089805
5.2,4.352236
0.5,0.60825956
8.0,5.5618267
6.0,4.439226
3.0,1.5384628
8.5,11.907652
4.0,3.9639792
5.2,11.429208
2.5,0.8409387
3.0,1.3786217
1.5,2.015734
0.15,-0.019367933
12.0,7.8714156
15.2,11.113292
0.02,3.5761273
6.2,6.357806
12.0,8.911354
18.5,15.973617
12.5,12.892084
3.0,3.1764445
3.0,3.4557357
3.2,3.0395658
7.0,5.162283
5.0,4.7969327
3.2,3.5217571
12.0,6.0432234
3.0,1.3042412
7.0,5.300059
5.0,4.191163
8.5,10.747958
12.0,7.179462
3.0,5.417292
7.0,6.983135
3.0,2.0553336
12.5,7.6463714
3.0,2.98025
12.5,5.1418214
6.5,4.310933
2.5,6.323158
1.0,2.136125
12.5,10.170468
7.5,8.891639
4.2,6.884895
6.5,2.5772078
12.0,9.244015
7.0,6.0287585
6.7,10.204453
12.5,5.0261307
12.5,14.555621
2.0,0.874203
12.0,8.446517
4.5,7.479018
12.0,6.3300385
3.0,4.2652726
18.5,14.866764
