y_true,y_pred
7.0,7.4243793
5.0,8.636393
8.0,7.586619
8.0,7.3961883
8.0,17.635225
5.0,6.54259
32.0,25.355438
6.0,6.892794
8.0,7.1992035
12.0,7.21968
6.0,5.312069
4.0,6.093895
36.0,14.937592
9.0,14.986467
7.0,6.7642627
5.0,6.5260067
7.0,8.166478
7.0,7.354394
5.0,5.595066
15.0,18.369919
8.0,7.079394
7.0,6.735488
6.0,6.998309
22.0,18.750677
8.0,8.020003
25.0,24.637638
6.0,6.2355943
5.0,5.7515116
15.0,15.041223
12.0,8.969684
12.0,14.98232
7.0,6.7732553
12.0,11.81805
12.0,8.366996
7.0,8.465598
8.0,10.772433
28.0,24.666948
8.0,8.804782
8.0,7.8237333
8.0,6.628576
8.0,7.6437993
8.0,18.721653
22.0,12.633359
15.0,9.410109
5.0,5.6255918
7.0,6.9964375
9.0,13.653456
18.0,17.932068
8.0,11.687449
7.0,12.366968
6.0,5.5646586
8.0,7.109175
7.0,7.152567
10.0,11.426767
7.0,6.8825293
8.0,7.6204243
5.0,4.9120064
7.0,7.673498
8.0,7.4995265
8.0,23.940783
6.0,8.067759
12.0,11.141388
12.0,7.8978996
8.0,10.441848
15.0,12.627295
8.0,7.693356
7.0,6.9666567
4.0,5.4829903
16.0,19.298092
8.0,6.1020365
5.0,7.4235716
6.0,7.1446137
5.0,6.053083
12.0,6.291314
7.0,6.7789006
7.0,6.4288263
12.0,10.032383
8.0,6.3391743
12.0,9.511628
25.0,21.785511
9.0,14.535877
5.0,4.7584777
8.0,7.977597
6.0,9.674259
5.0,6.8057446
12.0,15.477443
8.0,8.222397
7.0,8.034551
6.0,6.0108666
12.0,18.45188
32.0,28.917583
5.0,6.594149
12.0,9.895073
15.0,12.644328
15.0,11.914531
18.0,9.508531
5.0,5.2105017
18.0,17.349636
8.0,5.3473163
8.0,16.766003
8.0,8.33942
6.0,5.799867
8.0,7.4194613
5.0,6.0419345
3.0,4.8258696
6.0,8.24244
3.0,4.128035
7.0,10.805342
8.0,9.81347
5.0,6.1885095
27.0,12.050882
9.0,6.0356917
8.0,14.869431
7.0,7.475344
25.0,17.256498
12.0,15.2407675
14.0,8.304339
6.0,7.283378
6.0,6.189947
15.0,14.507108
8.0,11.698385
7.0,7.8018885
14.0,14.859896
28.0,21.08328
7.0,7.37506
15.0,12.897309
7.0,6.277845
6.0,7.303819
10.0,16.27413
6.0,8.028823
7.0,7.3495708
8.0,9.591591
12.0,12.222905
5.0,5.4660487
12.0,8.62614
5.0,6.572585
5.0,4.436413
22.0,19.638256
5.0,7.36807
8.0,7.985018
31.0,26.172066
5.0,5.6988335
8.0,5.7134085
6.0,5.3619986
8.0,6.9382663
12.0,24.896593
10.0,11.083382
4.0,6.3376813
8.0,7.0275416
9.0,7.2878375
8.0,7.135643
7.0,7.0437746
7.0,6.869728
12.0,25.895851
12.0,7.0731325
6.0,5.4524426
8.0,11.267088
6.0,8.349272
12.0,10.553343
8.0,14.378346
6.0,6.6132298
8.0,7.9257183
24.0,18.386944
5.0,6.182108
8.0,8.322087
8.0,8.103303
7.0,20.569262
38.0,14.484675
8.0,14.578484
8.0,7.6838517
8.0,6.4413505
8.0,6.964543
12.0,15.944392
6.0,6.448979
14.0,25.454721
8.0,7.6653876
12.0,25.525446
8.0,19.343664
12.0,10.089326
8.0,8.829815
12.0,14.442746
7.0,7.163132
12.0,13.532148
8.0,9.956466
12.0,15.077479
15.0,12.712614
9.0,8.670938
7.0,6.6990237
21.0,13.137116
8.0,6.497375
15.0,13.208432
3.0,5.0450892
6.0,5.9812737
6.0,6.830371
4.0,4.339325
5.0,4.915478
5.0,6.1869926
15.0,23.911407
7.0,7.11781
6.0,7.630886
8.0,7.3803377
8.0,7.2570014
8.0,10.039409
15.0,17.031054
45.0,26.517399
8.0,6.341847
8.0,9.175086
5.0,5.7510953
21.0,22.060034
35.0,20.011724
8.0,5.560049
6.0,6.433492
18.0,16.202604
7.0,7.4375625
6.0,5.210048
7.0,6.5748024
12.0,12.409922
18.0,11.92148
8.0,6.3301907
12.0,9.954319
23.0,17.406904
8.0,7.3055277
5.0,5.943966
12.0,14.959504
5.0,4.7185664
6.0,7.678017
8.0,7.3866286
7.0,12.142759
5.0,6.2943115
5.0,5.154767
8.0,7.1931515
3.0,3.5295746
8.0,7.530716
5.0,4.894984
22.0,19.455984
8.0,7.3694367
12.0,18.38811
12.0,14.215461
8.0,8.518881
8.0,10.115405
5.0,5.541923
4.0,6.1598277
15.0,13.466208
6.0,5.047659
7.0,7.8379774
12.0,11.239878
8.0,7.402257
12.0,11.931351
12.0,8.586075
8.0,7.039169
7.0,7.622697
5.0,5.8849726
7.0,7.883588
8.0,8.0732565
12.0,24.140244
8.0,7.317546
8.0,9.382167
10.0,6.101042
7.0,8.247354
8.0,10.907471
7.0,7.0021534
12.0,16.266323
8.0,6.8118477
18.0,15.509611
6.0,6.439661
38.0,21.119986
9.0,7.279661
28.0,18.417536
8.0,7.280468
12.0,12.959613
7.0,6.198518
12.0,9.334959
5.0,6.478488
9.0,14.007826
6.0,8.615702
12.0,20.532875
7.0,6.7381544
8.0,6.181401
5.0,8.049811
5.0,6.3031497
10.0,16.712831
12.0,20.213776
12.0,6.3810806
8.0,9.865052
12.0,14.134226
8.0,6.7390633
9.0,6.8810654
12.0,25.6351
12.0,8.262053
8.0,8.002268
5.0,6.423932
8.0,9.685014
12.0,9.904952
7.0,7.871859
6.0,6.7253156
5.0,5.6268797
8.0,9.706099
8.0,8.160837
8.0,5.6042924
5.0,5.7616243
5.0,5.7635117
9.0,13.621028
12.0,10.699864
9.0,8.252859
14.0,14.101255
9.0,18.583084
9.0,10.213604
6.0,5.553123
8.0,7.211822
7.0,7.218225
8.0,6.442463
5.0,6.8585463
8.0,6.8654833
8.0,12.583527
8.0,12.098004
6.0,6.8386674
6.0,5.5222435
4.0,5.067773
7.0,6.9446564
15.0,20.789639
5.0,5.8641706
7.0,7.477731
12.0,7.431646
9.0,7.881206
5.0,5.289643
3.0,5.323426
10.0,7.898131
27.0,26.399483
25.0,10.093681
6.0,6.077166
14.0,13.049825
12.0,12.062332
12.0,16.311556
7.0,5.976242
7.0,7.164088
8.0,8.573156
8.0,11.706716
8.0,6.629287
7.0,6.048151
8.0,8.063677
13.0,12.945116
9.0,22.48887
7.0,6.9031367
7.0,8.98562
15.0,10.432846
7.0,10.640373
9.0,13.758337
7.0,8.760843
25.0,18.446098
5.0,7.704751
7.0,13.07715
32.0,21.873001
8.0,14.644536
8.0,7.2663
5.0,7.908305
8.0,20.113262
12.0,5.9873495
8.0,19.256802
12.0,9.814812
28.0,22.045639
12.0,8.942778
5.0,5.9543447
15.0,19.683348
7.0,7.4627676
38.0,21.324558
7.0,7.2536483
7.0,8.026659
12.0,10.27555
15.0,36.95679
7.0,10.956387
15.0,14.754707
8.0,9.604655
12.0,12.156529
4.0,4.5013003
8.0,11.027589
8.0,8.553096
8.0,17.093016
6.0,8.930849
8.0,9.512539
8.0,7.1468267
7.0,7.161673
8.0,10.441821
7.0,7.286581
6.0,7.7865467
7.0,6.975132
5.0,4.712705
8.0,6.229168
5.0,4.816843
12.0,18.054466
4.0,5.7010975
5.0,4.494587
8.0,7.0925174
7.0,6.570445
32.0,19.224508
7.0,7.2781053
10.0,16.43319
6.0,6.2877755
8.0,7.0700293
7.0,5.6914315
5.0,6.425679
8.0,10.37887
12.0,10.533936
6.0,7.4504905
9.0,7.3359776
8.0,8.8886
7.0,7.285363
7.0,6.4201517
34.0,19.66611
8.0,9.122652
8.0,10.663183
9.0,14.344265
7.0,7.07832
12.0,8.212105
8.0,9.376718
5.0,6.6425095
5.0,6.092822
6.0,7.7358675
9.0,12.800208
7.0,7.455688
5.0,6.0542455
8.0,9.647842
9.0,5.1979785
12.0,17.93476
12.0,11.836586
12.0,18.525183
27.0,19.535454
4.0,5.3597794
5.0,6.343486
35.0,24.424395
8.0,8.460508
25.0,24.385992
7.0,11.638448
42.0,18.419224
9.0,7.8922014
7.0,6.775033
8.0,7.540986
6.0,6.389353
6.0,6.9648123
12.0,8.287484
7.0,6.7963614
6.0,5.7274795
8.0,9.634702
12.0,9.620811
11.0,10.957072
7.0,5.9621267
6.0,7.912647
8.0,7.654141
7.0,8.360634
12.0,15.302356
8.0,6.8703218
8.0,15.292239
7.0,8.435188
9.0,8.393643
8.0,8.658167
8.0,9.12662
5.0,7.9518986
34.0,25.05074
6.0,6.504322
8.0,6.8156586
25.0,22.731565
9.0,9.608939
25.0,12.456482
12.0,20.330496
8.0,7.217584
7.0,12.892419
4.0,5.4406037
8.0,19.465357
8.0,7.3536816
8.0,7.652901
15.0,9.778885
7.0,6.4144664
27.0,25.270449
22.0,29.94254
12.0,10.888422
8.0,19.2947
32.0,25.07265
7.0,11.7092085
7.0,5.529692
32.0,15.552269
8.0,12.486831
6.0,7.4339795
7.0,6.9440703
5.0,5.6473823
6.0,6.9706655
7.0,8.112822
18.0,13.384919
12.0,19.563576
12.0,10.942767
8.0,8.822784
6.0,7.743569
9.0,10.518034
8.0,9.327291
5.0,6.460725
5.0,5.1862874
6.0,6.5160017
8.0,10.4652195
8.0,13.056635
5.0,6.2568717
3.0,4.6770306
8.0,7.9377775
7.0,5.6421537
6.0,6.5388985
12.0,15.032925
8.0,11.475914
8.0,7.146869
12.0,11.23631
6.0,6.7902374
5.0,6.529901
6.0,6.416432
8.0,9.08136
12.0,22.755219
8.0,8.77335
7.0,7.7553883
5.0,7.022334
14.0,18.311142
5.0,6.1260304
8.0,14.552745
7.0,8.761123
7.0,6.0879393
4.0,5.3636584
7.0,8.300939
7.0,5.0178537
12.0,8.930236
7.0,7.9468603
8.0,7.1180425
15.0,19.094185
7.0,8.436324
15.0,11.637682
15.0,22.669527
12.0,17.5609
8.0,6.7442136
5.0,5.9273634
7.0,9.793832
12.0,14.455117
12.0,31.523848
5.0,5.439954
7.0,6.7715597
7.0,8.058449
8.0,7.0962677
15.0,28.989368
12.0,15.299126
5.0,5.990587
9.0,6.905648
8.0,7.096656
6.0,8.453656
2.0,4.2140675
12.0,21.173147
12.0,16.08494
8.0,7.1524143
5.0,10.21244
7.0,8.208162
5.0,6.55999
7.0,8.3944845
6.0,6.281422
7.0,6.6174707
12.0,11.10149
12.0,18.984856
25.0,23.680061
7.0,9.789292
5.0,4.9024215
8.0,6.24897
7.0,7.6982
12.0,11.990434
4.0,4.8833766
5.0,5.5963006
8.0,7.952969
6.0,6.474713
12.0,17.532303
7.0,6.0286226
8.0,10.5651045
22.0,15.054437
22.0,22.747398
6.0,6.592412
5.0,6.0876083
12.0,10.157076
8.0,13.620172
8.0,7.1958623
12.0,7.209159
12.0,20.532879
8.0,18.194607
8.0,9.47085
7.0,6.4716372
12.0,17.662565
12.0,11.617351
6.0,6.8393984
8.0,7.557552
28.0,15.937128
5.0,6.780655
8.0,6.1805305
14.0,11.368053
6.0,5.8058596
8.0,12.886679
8.0,7.618132
6.0,6.6336803
7.0,7.8233705
5.0,6.7495103
5.0,5.664503
7.0,6.887495
22.0,16.926323
8.0,8.467215
7.0,6.9037113
12.0,19.427816
7.0,7.7720184
12.0,15.47517
8.0,7.5478196
5.0,6.770688
6.0,6.5244694
8.0,12.271524
8.0,7.041814
4.0,5.2494206
4.0,4.308713
3.0,6.112276
7.0,6.374332
8.0,7.4992795
5.0,7.7595553
6.0,7.0092754
9.0,20.96027
7.0,6.9493093
7.0,6.1811523
8.0,7.595734
5.0,7.878899
12.0,20.426155
5.0,4.6945305
5.0,6.1494164
8.0,15.320656
22.0,15.93417
9.0,14.160563
12.0,15.046771
5.0,6.0729337
8.0,9.171057
8.0,13.033336
15.0,7.5065126
12.0,11.254876
12.0,9.674583
5.0,5.222348
8.0,7.2613244
25.0,26.64339
7.0,9.180772
8.0,5.8777814
9.0,9.822222
27.0,17.986092
8.0,8.483049
8.0,10.961744
7.0,7.402509
12.0,8.085726
7.0,6.4988084
8.0,11.5540695
6.0,7.128473
42.0,17.74815
23.0,17.445753
8.0,7.1705365
9.0,10.8056135
7.0,7.4783907
7.0,7.716154
12.0,17.054453
5.0,5.7693553
29.0,21.887484
6.0,6.660485
5.0,10.017908
8.0,8.777404
7.0,7.8912005
8.0,12.21501
8.0,9.681708
12.0,20.068737
18.0,23.627485
5.0,6.3297086
6.0,6.2330875
18.0,17.099539
6.0,6.61158
8.0,10.109875
8.0,4.8818636
6.0,6.275874
7.0,9.311933
5.0,6.0285487
15.0,23.762993
8.0,8.122652
25.0,10.045098
12.0,14.547395
6.0,8.519255
15.0,13.437481
12.0,9.953144
7.0,11.945833
9.0,8.346686
9.0,7.3827133
6.0,6.2228007
8.0,8.576383
12.0,21.270693
8.0,8.121612
5.0,6.0545673
7.0,7.702278
5.0,7.9853306
12.0,12.04258
5.0,6.4717875
18.0,18.356401
15.0,12.468945
7.0,7.2252836
14.0,14.563806
15.0,8.621697
18.0,17.519522
12.0,10.18449
7.0,8.090298
7.0,5.9648924
12.0,12.955619
8.0,7.2252593
7.0,7.9562125
8.0,6.379505
18.0,17.792906
8.0,5.8246317
5.0,9.349001
8.0,6.6205134
8.0,10.182884
8.0,7.1072145
12.0,11.15028
7.0,7.7237573
6.0,7.1045904
15.0,22.855902
35.0,31.503313
3.0,4.0746627
5.0,5.66606
8.0,8.2202
7.0,9.505686
6.0,8.049488
8.0,10.110404
8.0,7.403908
6.0,5.9671474
7.0,6.250067
9.0,10.770607
8.0,6.8552885
7.0,6.534139
5.0,5.3437037
7.0,14.029554
12.0,8.168499
7.0,6.4275637
12.0,17.21399
6.0,5.0140467
7.0,7.8185225
5.0,6.894718
8.0,8.448715
7.0,6.808255
8.0,7.215973
8.0,6.7804213
8.0,8.236835
7.0,7.165146
7.0,7.353674
6.0,7.3839216
7.0,13.401806
6.0,5.8926587
8.0,8.061722
5.0,8.019877
6.0,7.2662907
6.0,7.5840073
8.0,8.001741
8.0,8.518375
8.0,7.2175884
5.0,4.8605194
7.0,11.769865
8.0,7.9199443
18.0,14.275093
12.0,11.301773
8.0,15.629599
12.0,9.996817
12.0,16.703373
5.0,18.311514
12.0,10.533444
8.0,7.2268205
8.0,7.9819007
8.0,8.02067
8.0,6.587983
7.0,6.691165
8.0,6.977801
9.0,9.468033
6.0,6.4729595
12.0,12.42771
6.0,10.419534
28.0,22.359165
7.0,7.882718
27.0,12.470021
7.0,7.7057047
7.0,6.893043
8.0,8.91335
8.0,18.184946
24.0,14.334465
8.0,6.8975835
7.0,6.9897356
8.0,12.653715
5.0,4.500521
25.0,24.74718
8.0,8.006005
18.0,16.420639
7.0,7.7441955
5.0,6.153923
12.0,7.6112666
7.0,6.026978
12.0,8.33444
10.0,14.911923
6.0,6.8650727
12.0,7.6274204
12.0,8.190012
6.0,5.9350066
19.0,10.376646
6.0,5.4650636
25.0,23.901983
5.0,9.150473
7.0,13.350015
2.0,5.912566
23.0,19.240805
9.0,13.342997
5.0,6.3396635
34.0,14.285144
8.0,8.834341
9.0,8.313488
5.0,6.918146
13.0,9.250391
8.0,9.90398
8.0,8.025234
8.0,8.810181
27.0,12.27699
7.0,7.305913
6.0,6.0051017
3.0,4.270405
8.0,14.902408
8.0,8.037077
12.0,16.389486
6.0,6.2083135
8.0,9.259812
25.0,24.825672
7.0,7.640523
3.0,4.4769335
5.0,6.0622764
7.0,6.0712204
15.0,11.510988
4.0,7.095
8.0,6.5917697
6.0,7.3362412
5.0,7.1818876
6.0,6.331193
12.0,11.590582
8.0,9.0519495
7.0,10.421602
6.0,8.00442
9.0,8.503204
8.0,6.8970227
12.0,12.719247
5.0,6.8103685
9.0,7.768777
2.0,2.6910686
8.0,12.711112
8.0,6.9030914
8.0,8.354205
7.0,9.371912
23.0,13.38797
7.0,9.064121
6.0,8.865156
7.0,6.6778674
15.0,5.933269
8.0,6.6641808
7.0,7.252933
6.0,6.610832
6.0,6.976012
9.0,6.775885
12.0,11.51157
6.0,5.8528204
7.0,6.7005615
5.0,5.453718
7.0,7.42759
8.0,8.430196
6.0,6.1752825
8.0,6.5516725
10.0,7.660072
8.0,8.76242
8.0,8.552298
12.0,11.613683
8.0,7.0947394
7.0,8.597326
3.0,4.581125
6.0,7.0495605
6.0,6.53752
12.0,7.516388
12.0,13.29351
8.0,7.704635
15.0,10.180857
27.0,20.699041
8.0,7.2142086
7.0,9.143762
7.0,7.0627437
12.0,28.091282
3.0,3.9264612
7.0,7.430059
7.0,7.6511955
8.0,6.2508535
8.0,9.440087
12.0,11.500027
7.0,5.9265013
5.0,6.2147374
4.0,6.984376
7.0,6.2957635
28.0,17.685675
7.0,5.66869
6.0,7.2907853
12.0,12.650465
25.0,21.865854
8.0,8.151921
7.0,9.588928
7.0,17.966564
18.0,25.364906
6.0,6.7551045
6.0,7.504898
7.0,6.362929
12.0,13.225054
12.0,12.331588
8.0,9.952727
8.0,9.460843
8.0,20.14329
5.0,6.882483
35.0,20.168568
6.0,6.9940033
8.0,14.314837
7.0,7.328248
29.0,20.027515
7.0,6.1358595
8.0,7.109844
35.0,13.805787
9.0,15.770423
10.0,12.963676
8.0,14.056246
8.0,6.511462
12.0,15.6045475
6.0,6.5984898
7.0,7.0217934
9.0,8.440843
7.0,7.4055405
28.0,20.678135
5.0,3.8276558
8.0,7.745201
18.0,21.53136
7.0,8.232926
8.0,12.860875
5.0,6.3147593
12.0,19.759205
8.0,7.8572516
6.0,6.591905
5.0,6.9906034
6.0,7.7543983
6.0,8.538427
25.0,30.988943
15.0,13.986047
7.0,10.658018
15.0,11.058131
8.0,6.913171
6.0,6.95079
12.0,14.265794
5.0,10.27851
7.0,5.7558064
6.0,6.7569556
7.0,6.369855
8.0,9.059227
12.0,6.8626704
25.0,18.274097
8.0,7.513975
8.0,7.8389044
8.0,10.244366
8.0,13.873133
8.0,6.5497985
28.0,15.464884
6.0,9.409918
12.0,8.252706
6.0,5.598599
8.0,7.555464
15.0,10.89986
8.0,8.721421
7.0,6.5851436
12.0,8.203222
8.0,8.512217
7.0,6.497724
12.0,12.065353
6.0,7.1876197
7.0,9.245669
35.0,16.873466
9.0,9.090107
5.0,4.762058
7.0,6.756071
8.0,8.761724
3.0,5.454586
10.0,7.36989
3.0,3.3283403
9.0,10.683463
8.0,7.1802616
8.0,6.4224796
7.0,7.732445
6.0,5.441031
45.0,22.923624
6.0,6.544132
12.0,19.612686
22.0,26.173378
8.0,8.743881
5.0,6.695302
8.0,15.161448
32.0,20.57106
12.0,9.082669
6.0,7.6738977
8.0,7.127339
12.0,14.901667
6.0,7.4014735
14.0,18.319773
5.0,5.35894
8.0,10.483074
6.0,5.9533787
6.0,5.5935383
32.0,28.883202
8.0,8.968076
5.0,6.1211405
5.0,6.5300627
6.0,6.419778
12.0,9.2193985
2.0,4.1807747
7.0,13.654863
8.0,8.082292
8.0,9.314731
12.0,8.597275
5.0,7.402784
9.0,6.400848
6.0,8.495197
15.0,11.002446
7.0,5.984706
7.0,6.2697697
30.0,23.489418
8.0,10.698302
8.0,6.695928
32.0,20.373142
15.0,11.096582
12.0,9.2207775
10.0,15.560655
5.0,5.3382745
8.0,12.952312
12.0,17.316032
5.0,6.623863
3.0,5.128414
18.0,16.102844
7.0,7.543585
6.0,6.897117
9.0,9.29626
6.0,5.7445235
8.0,7.3189616
6.0,4.9429603
4.0,4.299531
12.0,14.122318
9.0,8.302761
8.0,13.277329
12.0,11.913039
5.0,4.344604
8.0,8.13408
12.0,13.347389
6.0,7.9155817
6.0,7.3673015
8.0,6.7888803
7.0,6.2571626
8.0,7.602665
8.0,8.425338
8.0,10.248184
6.0,6.8949986
8.0,7.302139
32.0,23.750477
8.0,16.649925
12.0,9.705381
5.0,7.316843
10.0,12.97212
12.0,10.456089
7.0,6.319094
12.0,11.734532
12.0,12.472037
12.0,10.254556
5.0,5.775004
7.0,9.020251
8.0,8.316577
7.0,8.926059
5.0,5.2640266
8.0,6.1042633
8.0,6.867805
8.0,10.3534775
5.0,5.398166
6.0,6.7241163
5.0,5.87119
8.0,10.325285
7.0,6.9804764
7.0,7.7985578
7.0,5.74791
9.0,9.146942
7.0,7.8081737
8.0,12.363197
6.0,6.9126744
8.0,7.2305098
5.0,5.7440705
8.0,10.858993
7.0,7.0590577
7.0,9.353054
15.0,16.16695
12.0,12.873564
22.0,15.829455
8.0,8.925911
7.0,6.535283
9.0,9.974508
7.0,8.502671
12.0,30.233862
5.0,5.9709888
12.0,8.023357
8.0,13.167524
5.0,6.099716
6.0,7.323468
8.0,12.102838
6.0,6.2995267
8.0,9.141318
9.0,8.418327
12.0,17.348377
5.0,6.0571294
6.0,6.5595226
8.0,6.6579933
9.0,11.365293
8.0,6.793397
5.0,4.768534
8.0,18.064793
27.0,27.318693
7.0,7.165034
15.0,21.20519
8.0,8.807771
8.0,10.620645
5.0,5.736853
8.0,8.670558
5.0,6.410632
15.0,10.31547
6.0,8.110977
27.0,20.375698
8.0,7.314711
8.0,6.734951
34.0,24.541998
36.0,18.96026
8.0,16.242714
7.0,7.4083853
6.0,6.4651637
9.0,8.465439
3.0,4.0516353
12.0,28.188665
7.0,6.479953
6.0,8.759054
15.0,12.479936
10.0,14.604821
5.0,8.293489
35.0,22.41273
12.0,7.4296694
28.0,22.245335
7.0,7.083896
8.0,9.115643
15.0,16.64715
12.0,10.39664
8.0,6.3091726
6.0,6.7699804
7.0,7.1447425
12.0,12.063026
7.0,7.910579
12.0,13.695047
3.0,5.7646294
8.0,9.540995
9.0,14.576877
5.0,7.472174
15.0,11.810024
32.0,16.853146
7.0,8.650744
8.0,13.109219
8.0,7.628197
8.0,5.9825187
4.0,4.091775
15.0,16.694029
5.0,4.469592
6.0,5.1807394
34.0,16.511354
12.0,10.960014
5.0,4.8101854
5.0,5.604498
7.0,6.8602624
12.0,17.980034
8.0,12.693249
12.0,14.322416
5.0,5.7966776
6.0,5.981213
8.0,8.076178
6.0,6.1801686
8.0,11.992571
14.0,24.66601
8.0,6.5598297
7.0,7.9083753
12.0,18.155548
24.0,22.109936
8.0,8.826601
34.0,19.540981
8.0,6.6440406
5.0,5.720028
8.0,7.248262
7.0,6.2053485
7.0,8.061946
5.0,8.379501
7.0,7.1484203
12.0,9.008502
8.0,10.4088745
5.0,7.1511574
12.0,16.88305
8.0,6.083558
4.0,5.974633
7.0,7.8805633
9.0,9.136814
9.0,12.273607
8.0,9.84218
25.0,8.375289
8.0,9.271358
5.0,6.6556077
7.0,8.243825
9.0,7.169637
15.0,13.383075
17.0,13.55448
18.0,17.001944
7.0,7.7451954
5.0,4.950629
7.0,6.1554823
8.0,10.94647
5.0,6.0662847
7.0,6.4701376
8.0,7.138733
5.0,4.444198
7.0,10.636129
8.0,12.564098
8.0,8.971724
7.0,7.3950944
12.0,12.36842
12.0,15.495684
7.0,7.211643
12.0,17.789383
12.0,8.06506
6.0,6.6639175
7.0,6.573327
9.0,7.4706163
5.0,5.158174
8.0,15.473792
8.0,8.127673
7.0,6.007645
28.0,19.29608
8.0,8.392363
27.0,20.860888
8.0,11.010707
15.0,10.871246
8.0,8.693288
7.0,12.172972
6.0,5.5334215
5.0,5.3715854
8.0,9.479491
6.0,5.223311
12.0,10.341998
8.0,15.418454
23.0,19.190443
12.0,20.120235
6.0,5.664428
7.0,8.334019
36.0,19.793247
5.0,6.015031
8.0,11.4723425
8.0,7.966181
8.0,7.7853928
9.0,6.7381854
9.0,8.249957
8.0,6.9794393
5.0,3.7845767
12.0,14.240026
12.0,16.400335
5.0,7.8817534
7.0,8.504312
12.0,12.771855
8.0,8.516068
12.0,8.516591
7.0,4.885106
9.0,8.89274
5.0,5.9760704
8.0,7.4275084
12.0,12.752812
8.0,6.866168
5.0,6.6830044
8.0,6.9921646
8.0,9.729461
21.0,17.159504
7.0,8.99492
8.0,13.682533
12.0,26.388721
5.0,9.178145
38.0,19.12969
18.0,8.623533
6.0,6.762718
6.0,8.450829
8.0,6.7987494
8.0,11.216254
5.0,5.825554
8.0,14.448505
8.0,8.762307
22.0,12.192764
8.0,11.719345
8.0,7.996893
5.0,6.788861
8.0,18.983791
4.0,6.12319
5.0,6.920489
8.0,6.960959
6.0,7.888867
3.0,3.95202
12.0,16.143604
12.0,12.997432
7.0,7.285408
10.0,10.470329
12.0,11.902485
6.0,5.824371
15.0,13.522694
5.0,4.89994
9.0,14.81906
8.0,7.3488708
7.0,9.924261
8.0,14.473586
15.0,11.631369
7.0,7.1093087
8.0,9.132044
12.0,23.089989
28.0,27.023977
7.0,6.4830027
7.0,8.8581085
7.0,11.594903
9.0,19.134636
8.0,8.22595
7.0,12.145088
5.0,6.252866
12.0,14.305543
7.0,8.017587
22.0,15.988869
14.0,18.381338
5.0,6.5137353
10.0,10.359207
36.0,22.217974
7.0,7.85023
8.0,10.806446
12.0,19.549082
5.0,9.527725
12.0,24.86688
7.0,8.440964
8.0,6.9030027
32.0,25.884293
8.0,8.570319
18.0,14.758084
8.0,7.9944406
12.0,10.456096
5.0,6.964512
12.0,10.471654
35.0,25.868322
14.0,7.669139
8.0,7.323972
18.0,10.279814
15.0,10.112231
5.0,5.878033
8.0,7.6136136
6.0,5.363712
6.0,6.241602
7.0,8.3411255
6.0,9.939562
8.0,12.370977
12.0,13.282493
7.0,6.4799623
12.0,15.612962
8.0,8.837053
9.0,8.439487
8.0,13.603996
31.0,22.843012
8.0,8.920236
6.0,4.9099503
5.0,6.0760536
5.0,5.624457
15.0,27.57871
8.0,18.635975
6.0,6.1555924
12.0,12.723883
7.0,7.352667
12.0,13.077347
5.0,5.2140317
8.0,11.995714
23.0,9.8120365
5.0,7.5675383
8.0,8.620965
25.0,26.679008
8.0,7.9180636
8.0,9.813318
7.0,8.595049
6.0,9.61387
5.0,6.3454204
6.0,7.283115
6.0,6.8691263
21.0,18.79533
6.0,6.521922
5.0,5.7365303
12.0,11.664664
7.0,6.116264
12.0,8.053181
9.0,28.492035
7.0,10.100106
10.0,12.151873
6.0,6.2557755
5.0,6.225299
25.0,21.791376
5.0,5.7683234
8.0,6.8159847
8.0,6.4920163
7.0,16.359703
5.0,6.4891663
8.0,7.727755
12.0,10.049713
8.0,16.553724
6.0,6.5695415
12.0,12.3569355
5.0,7.049217
8.0,8.365744
12.0,12.82178
5.0,6.1976733
5.0,9.710102
12.0,7.722148
8.0,9.357789
14.0,25.174131
6.0,7.368882
8.0,6.422136
8.0,8.910065
12.0,9.142889
5.0,8.38551
7.0,5.958814
3.0,5.5474496
12.0,12.388006
42.0,24.669823
15.0,15.848408
7.0,6.339919
8.0,7.0216494
8.0,9.926426
8.0,7.962145
3.0,2.936862
8.0,7.3248196
5.0,7.152491
7.0,8.507299
7.0,9.356956
8.0,8.789417
7.0,7.248398
8.0,10.046981
8.0,13.817984
12.0,10.047149
7.0,6.716617
12.0,14.968668
6.0,6.8365316
8.0,6.7096014
8.0,4.9159923
5.0,6.286778
12.0,7.327976
8.0,9.306429
25.0,10.923354
6.0,8.100107
8.0,6.7960954
22.0,17.162739
12.0,15.827926
8.0,7.585429
6.0,5.610547
5.0,6.2538395
8.0,19.941338
6.0,6.9658313
12.0,7.878271
6.0,8.1776085
9.0,7.00508
5.0,15.89619
6.0,6.7387905
5.0,6.435417
10.0,7.4854984
7.0,6.023199
32.0,17.428205
5.0,5.3295827
5.0,6.414871
12.0,10.114978
7.0,8.856907
7.0,7.4788737
7.0,8.569627
15.0,11.56524
8.0,6.698987
8.0,9.198694
12.0,9.350119
12.0,22.547512
23.0,27.505613
5.0,5.5744495
5.0,5.258885
7.0,8.1751
8.0,8.99591
18.0,8.850384
7.0,6.850982
7.0,6.649268
5.0,5.4054184
45.0,25.751316
7.0,6.941227
8.0,6.957746
8.0,8.01695
8.0,19.83525
7.0,5.8874254
7.0,6.954266
36.0,20.494812
7.0,6.4273305
6.0,7.072233
8.0,6.3124356
5.0,4.7238293
15.0,7.597535
6.0,8.895537
6.0,7.1602736
8.0,7.4087234
3.0,5.376795
12.0,13.721905
5.0,6.4390717
6.0,6.738883
18.0,21.255459
24.0,15.821051
8.0,10.225089
18.0,20.965883
15.0,20.456007
12.0,13.365897
7.0,6.765985
7.0,6.3413634
7.0,11.427766
6.0,6.173405
37.0,27.258581
18.0,11.301476
7.0,5.7935653
3.0,3.6055636
12.0,9.884294
7.0,6.3737955
8.0,6.7356076
7.0,7.5917115
7.0,7.6912656
6.0,6.579425
6.0,6.6474085
7.0,14.7879
6.0,6.038866
12.0,7.8400335
18.0,10.727318
12.0,11.805257
7.0,7.591327
9.0,8.677592
5.0,6.2126136
5.0,5.8888726
35.0,20.743649
5.0,7.4205885
8.0,5.826377
8.0,9.858592
5.0,4.7784395
18.0,15.765505
8.0,7.054066
6.0,5.7449365
9.0,14.089217
9.0,13.108555
15.0,11.038281
6.0,6.8444047
8.0,12.84694
5.0,6.202353
3.0,4.7297654
28.0,16.912903
3.0,5.155121
7.0,8.549079
6.0,9.280737
15.0,8.785401
7.0,8.568696
12.0,7.980876
8.0,8.037275
8.0,11.048885
14.0,15.375563
12.0,7.601594
27.0,18.428328
8.0,7.497019
8.0,6.4726048
7.0,6.6218586
8.0,10.031446
8.0,8.626853
7.0,6.3754544
7.0,6.541615
12.0,12.047574
8.0,9.37241
5.0,6.285011
9.0,10.756114
12.0,15.031118
43.0,24.241709
18.0,19.84912
12.0,25.131788
7.0,8.341962
4.0,4.2537513
8.0,7.9442816
6.0,6.3680325
15.0,10.301188
9.0,12.911457
8.0,8.0485
4.0,6.8038454
45.0,31.365637
12.0,12.888937
5.0,6.6788316
14.0,10.416744
6.0,7.3035655
7.0,14.341405
18.0,19.445566
5.0,4.9163594
12.0,10.558308
22.0,17.041725
9.0,8.643828
7.0,5.655456
35.0,23.103636
5.0,7.275275
7.0,7.764903
25.0,12.749338
7.0,7.513529
36.0,20.910326
7.0,8.4854145
8.0,13.548239
10.0,16.85541
5.0,6.2328596
8.0,7.112946
7.0,7.0900025
12.0,15.547036
5.0,5.977716
6.0,6.131313
8.0,15.258475
7.0,8.519799
8.0,7.8788686
8.0,8.660165
7.0,6.349909
5.0,5.134449
8.0,6.610194
9.0,7.889145
5.0,5.567889
3.0,4.61869
7.0,10.296978
8.0,8.106796
6.0,8.859322
8.0,6.109612
7.0,6.9373164
25.0,15.637646
12.0,10.692527
5.0,5.46123
5.0,6.561522
8.0,7.386465
32.0,19.66856
8.0,11.080958
12.0,10.475689
12.0,19.735044
15.0,9.663569
7.0,14.651027
6.0,6.5535297
12.0,13.070898
8.0,6.6347113
28.0,19.421873
15.0,14.940673
12.0,11.040152
8.0,9.842963
8.0,9.645636
8.0,7.793716
6.0,6.7869406
5.0,6.161164
8.0,11.784671
12.0,12.983654
7.0,8.229943
15.0,22.22998
6.0,8.257723
8.0,7.8015194
12.0,14.289396
6.0,5.1441813
15.0,15.47101
4.0,5.4929185
8.0,10.406031
7.0,8.282597
35.0,23.58663
8.0,8.156553
8.0,14.843746
14.0,26.025696
5.0,6.1090636
9.0,7.56231
8.0,10.753356
8.0,7.6607876
5.0,5.863233
8.0,7.894666
12.0,12.8553505
5.0,6.3603
8.0,7.500814
7.0,9.107445
15.0,18.038942
5.0,9.639066
6.0,7.425365
22.0,10.828735
14.0,22.73795
16.0,12.687037
27.0,21.098242
4.0,6.0152445
6.0,7.733035
15.0,9.761112
5.0,5.5676994
8.0,7.526087
9.0,11.315429
6.0,7.207962
15.0,17.4043
32.0,25.661642
8.0,9.247184
28.0,23.83055
7.0,12.364547
27.0,15.126748
5.0,5.6893277
8.0,7.231137
5.0,6.0500355
6.0,5.1396494
6.0,4.89266
6.0,6.0362234
23.0,19.411568
5.0,6.6064744
3.0,7.564475
8.0,7.227901
8.0,10.29324
6.0,18.996397
8.0,8.385557
7.0,6.94635
5.0,6.144858
7.0,8.521474
12.0,13.901472
7.0,8.299288
12.0,8.674969
7.0,8.10957
7.0,6.7489347
15.0,8.737874
8.0,8.084253
5.0,6.7195516
25.0,20.047247
4.0,5.2042847
7.0,9.416395
12.0,17.988249
6.0,6.0556135
8.0,8.066113
6.0,6.9437714
22.0,20.806412
8.0,6.8273544
9.0,11.7678175
6.0,7.3749065
5.0,6.1915007
3.0,5.2756176
5.0,5.4072156
12.0,12.686017
7.0,9.039404
18.0,11.092119
6.0,7.2612824
9.0,12.438689
6.0,6.717437
10.0,8.63927
3.0,4.974525
9.0,7.3278933
6.0,6.595696
8.0,6.8611155
22.0,18.147509
8.0,14.2022915
25.0,14.356899
12.0,9.41415
5.0,7.3492174
7.0,6.135412
22.0,21.69604
32.0,14.503895
8.0,6.8003125
7.0,8.248537
8.0,9.043306
7.0,6.1084967
11.0,8.478712
7.0,7.0990787
4.0,4.292645
9.0,7.5011444
7.0,7.853719
8.0,7.56031
8.0,8.54855
6.0,6.8884735
14.0,14.597889
8.0,11.295403
18.0,25.324402
6.0,6.0880437
7.0,8.494362
9.0,12.379532
8.0,6.8516665
12.0,14.639118
12.0,27.671156
8.0,7.497266
9.0,12.084927
6.0,6.196517
25.0,15.886451
7.0,7.1300073
3.0,5.2309027
5.0,7.6675234
7.0,6.050395
7.0,6.388793
7.0,13.050333
5.0,5.948197
14.0,18.969402
6.0,7.4790897
7.0,7.224692
28.0,16.77497
18.0,14.178662
7.0,9.954857
9.0,12.194654
32.0,23.089348
5.0,6.6627088
7.0,7.313793
6.0,6.2062836
8.0,9.636532
9.0,15.650784
6.0,7.2672544
5.0,5.7001176
4.0,4.5946074
12.0,12.345622
23.0,19.7484
8.0,7.2634363
7.0,7.263388
8.0,9.310023
14.0,8.0706415
15.0,10.420466
12.0,16.22908
8.0,19.62002
3.0,4.6137886
6.0,6.455589
7.0,7.3910193
8.0,19.447523
5.0,5.3287454
4.0,5.1159205
5.0,4.834151
12.0,7.977844
12.0,9.666293
8.0,8.505872
5.0,5.8926077
23.0,16.497837
8.0,12.495939
8.0,8.88551
5.0,5.270117
12.0,9.994726
7.0,5.6983275
15.0,17.807299
8.0,16.47172
5.0,5.3936496
5.0,5.8084316
8.0,9.068514
4.0,5.035191
12.0,16.703333
8.0,7.3794613
7.0,6.2312984
7.0,7.134079
12.0,10.56351
12.0,14.212165
9.0,10.512281
8.0,17.460817
5.0,7.0989704
8.0,8.852031
4.0,5.33486
8.0,6.7523093
9.0,15.884127
6.0,6.215992
45.0,9.444779
30.0,11.237706
8.0,12.295343
7.0,12.023816
12.0,20.302683
8.0,8.63255
7.0,9.452961
8.0,8.889896
15.0,11.219322
7.0,6.207824
8.0,12.047558
12.0,9.090893
6.0,7.105477
7.0,7.8751283
6.0,10.6390505
7.0,9.821574
7.0,11.732796
12.0,15.390864
7.0,6.0218835
8.0,6.704385
15.0,9.307318
9.0,12.567302
14.0,27.050348
6.0,5.2903194
12.0,13.552137
8.0,16.911808
8.0,8.5718565
27.0,19.931398
21.0,20.063803
12.0,21.345434
5.0,9.869084
12.0,13.074445
8.0,10.808423
8.0,11.998062
8.0,6.8577166
8.0,10.6936655
18.0,19.322092
12.0,7.2685566
7.0,6.7243714
5.0,6.4163074
8.0,7.6335187
3.0,6.301747
12.0,8.074804
12.0,20.687052
12.0,21.371893
6.0,6.867323
8.0,9.109441
7.0,9.191595
12.0,10.203515
8.0,8.539806
25.0,19.81827
7.0,7.1319695
4.0,4.3411536
42.0,25.735458
8.0,8.621409
12.0,12.231251
8.0,6.045933
7.0,7.519455
5.0,4.657302
22.0,21.30845
12.0,22.826744
5.0,5.0271745
7.0,13.317209
6.0,7.336866
12.0,12.168294
12.0,8.1368475
12.0,11.414747
12.0,10.483521
12.0,21.895699
5.0,6.476523
8.0,6.805925
5.0,6.072875
5.0,6.6724043
7.0,14.007101
6.0,5.563662
8.0,7.059501
5.0,6.4943805
7.0,9.187153
8.0,6.883693
8.0,7.8901353
5.0,6.8381424
5.0,6.4934087
25.0,35.04973
9.0,7.773794
5.0,5.433859
8.0,8.009114
23.0,18.100348
5.0,6.4608974
7.0,8.472285
6.0,6.4016733
7.0,7.272225
12.0,7.11638
5.0,5.988319
12.0,8.837117
8.0,7.000499
7.0,6.281568
8.0,7.6558065
8.0,8.782862
6.0,6.1892633
9.0,12.401833
7.0,5.213382
15.0,20.11488
8.0,13.939653
12.0,18.665968
8.0,7.1405044
2.0,2.8603969
9.0,8.839707
8.0,10.091267
8.0,6.7307196
8.0,8.896467
25.0,17.4416
15.0,14.207213
5.0,6.509844
8.0,6.0582905
8.0,7.2487693
12.0,17.267435
7.0,5.5479584
7.0,6.6175466
42.0,16.01007
6.0,7.158825
8.0,5.924774
5.0,5.4622965
6.0,6.2919827
7.0,6.1649704
10.0,4.7093697
8.0,7.752284
7.0,6.4065623
8.0,10.282632
6.0,6.2215223
7.0,9.208755
18.0,19.194439
8.0,15.340378
8.0,8.155891
18.0,10.172147
5.0,5.8864765
8.0,10.457044
5.0,4.909477
6.0,6.679775
8.0,7.433428
8.0,7.7995005
6.0,5.0465627
7.0,9.213474
12.0,5.0299907
6.0,7.658694
5.0,5.188846
12.0,8.172301
8.0,12.777376
6.0,6.374603
15.0,17.074629
12.0,21.783405
6.0,7.166797
14.0,17.750372
42.0,22.198568
10.0,9.297033
7.0,7.3081574
12.0,23.55286
7.0,7.470563
15.0,16.618628
9.0,6.6319838
6.0,7.234545
8.0,12.096616
8.0,6.347845
6.0,6.5201364
8.0,7.7045026
12.0,9.868434
6.0,6.544699
7.0,8.9429455
8.0,7.7511616
5.0,9.000697
7.0,6.9724693
10.0,8.321726
35.0,22.413937
5.0,6.0618134
5.0,8.035312
11.0,8.428685
12.0,7.6101894
32.0,23.89625
6.0,8.013845
12.0,25.241278
5.0,7.5991173
15.0,10.831077
28.0,22.962767
18.0,10.5743
8.0,14.9593725
8.0,7.997196
10.0,8.016592
8.0,10.015761
7.0,6.860986
5.0,5.9703197
8.0,15.46371
7.0,7.5175657
6.0,5.9809093
10.0,11.509184
7.0,7.9181104
5.0,4.3897543
8.0,7.6174855
8.0,8.037691
8.0,6.225644
8.0,7.7026362
7.0,6.1069794
28.0,13.6592655
7.0,8.147287
12.0,13.618984
12.0,8.526869
8.0,6.6768703
4.0,5.647676
12.0,10.239369
5.0,6.3024135
7.0,9.146464
6.0,5.573126
7.0,7.604236
5.0,5.894935
8.0,10.073502
15.0,21.658567
8.0,6.974497
15.0,13.999133
2.0,4.4193916
7.0,8.884785
8.0,11.833858
8.0,6.5787888
7.0,27.745783
22.0,15.503164
8.0,8.419912
10.0,7.9127274
5.0,9.584881
5.0,7.8445716
8.0,7.6471815
8.0,11.75107
7.0,7.4587517
12.0,13.26543
8.0,7.0405416
7.0,7.9652133
7.0,6.02627
8.0,22.844395
15.0,7.875724
8.0,7.3908377
6.0,6.5661407
5.0,7.169531
35.0,16.58975
8.0,10.621885
11.0,7.3615108
5.0,6.2944894
4.0,4.844159
7.0,8.641964
14.0,11.732009
7.0,16.28601
9.0,9.560545
8.0,17.50628
6.0,6.372662
9.0,7.218249
8.0,7.901003
8.0,9.841494
7.0,8.135619
7.0,7.793124
12.0,11.837915
7.0,7.3244734
18.0,13.058756
8.0,6.762984
7.0,7.808671
5.0,5.7352514
15.0,10.801014
8.0,7.331815
8.0,7.4601574
9.0,6.5729227
9.0,6.9637403
18.0,10.987309
8.0,7.39418
9.0,7.9738626
8.0,7.6611414
7.0,6.910525
9.0,10.352343
5.0,6.177383
6.0,5.6672616
8.0,8.808045
12.0,7.9184985
6.0,4.975766
7.0,7.8209405
7.0,6.1608253
5.0,6.2483068
18.0,10.940482
12.0,7.452162
6.0,6.1630445
7.0,7.823758
4.0,5.9904113
7.0,7.517205
5.0,5.6629763
6.0,8.137518
6.0,6.412761
7.0,7.2388005
6.0,5.3998327
32.0,31.495157
5.0,6.6322064
8.0,8.311207
7.0,6.3261447
24.0,15.035633
35.0,16.706358
8.0,7.1961164
15.0,15.524341
7.0,7.3994565
25.0,19.244818
6.0,5.7710037
15.0,13.466745
14.0,12.095706
12.0,19.268768
12.0,10.614318
12.0,6.5091844
6.0,6.2777276
8.0,7.844422
8.0,6.965189
12.0,7.032036
25.0,24.40554
9.0,8.260305
35.0,19.048975
12.0,8.959545
5.0,6.5485635
14.0,9.34775
5.0,6.429579
25.0,20.35126
8.0,15.068024
5.0,6.1263466
7.0,8.430235
12.0,9.318379
7.0,9.17578
8.0,11.564765
8.0,8.197972
7.0,8.711145
8.0,9.125186
7.0,7.6055427
18.0,12.222592
8.0,9.163389
8.0,7.8981304
24.0,18.483576
15.0,12.610054
6.0,8.215067
32.0,9.100706
5.0,6.8213825
5.0,5.3755736
28.0,24.197348
6.0,7.727604
8.0,8.536824
8.0,6.9680414
6.0,5.3901906
8.0,11.017107
7.0,7.243606
5.0,5.406769
10.0,7.613762
8.0,7.409574
15.0,13.835819
7.0,13.453341
12.0,8.047672
8.0,11.16146
28.0,21.512728
7.0,9.1189
3.0,4.478891
8.0,15.240743
8.0,7.9518256
5.0,4.6525545
5.0,6.848214
12.0,9.145028
7.0,6.553624
9.0,7.7810926
18.0,7.876688
2.0,4.030429
5.0,5.568492
5.0,5.5445604
8.0,6.547907
8.0,6.622658
2.0,2.6664855
6.0,4.9663296
14.0,14.839671
25.0,21.93152
8.0,9.645098
12.0,21.776619
8.0,9.343275
12.0,11.064128
14.0,8.800264
8.0,18.336569
5.0,6.9572496
7.0,6.8430343
7.0,5.770974
23.0,24.338463
8.0,7.42039
7.0,6.677991
7.0,10.4372
5.0,5.910234
8.0,6.423216
8.0,7.521636
20.0,12.577052
12.0,15.51637
6.0,7.5291343
8.0,11.072668
12.0,12.350795
8.0,8.852952
12.0,8.290939
7.0,11.488566
7.0,8.263316
6.0,5.955985
6.0,9.2871475
6.0,6.173308
7.0,5.661614
15.0,13.213398
8.0,8.783919
8.0,6.5392404
7.0,13.137874
8.0,9.181113
5.0,6.8756385
8.0,8.326462
8.0,6.922063
12.0,25.797369
12.0,12.207599
15.0,10.254703
6.0,7.616368
5.0,6.011466
8.0,10.949093
15.0,9.898719
15.0,12.322768
7.0,6.4060197
7.0,6.454539
5.0,7.331923
5.0,6.695405
6.0,11.810317
14.0,18.866262
5.0,5.228513
6.0,6.516927
7.0,7.130125
7.0,7.3281994
6.0,6.520928
8.0,7.873462
8.0,11.135404
5.0,6.7367125
14.0,11.609124
7.0,7.3748436
9.0,10.786217
12.0,14.113763
15.0,17.890768
3.0,4.68249
6.0,5.451062
15.0,8.90809
12.0,13.163534
6.0,4.651075
7.0,9.238798
8.0,7.9730763
15.0,23.354464
4.0,5.368765
35.0,32.75923
8.0,6.507685
6.0,7.3096833
9.0,9.952499
8.0,6.3342857
8.0,7.1274977
5.0,4.9801083
8.0,8.8609295
5.0,5.8285003
7.0,11.716164
3.0,4.744092
15.0,16.729984
7.0,7.307439
6.0,6.338026
10.0,12.768078
25.0,20.29984
8.0,12.644213
8.0,6.8388624
8.0,9.273261
12.0,16.363985
16.0,24.642641
8.0,9.123597
8.0,6.78599
5.0,5.6872005
6.0,7.322374
8.0,10.865394
12.0,10.002536
15.0,24.590921
8.0,13.670495
12.0,19.364992
7.0,7.9015822
5.0,5.4830875
7.0,10.831467
7.0,10.64571
5.0,5.6405783
18.0,18.361776
7.0,5.4071755
8.0,8.499386
8.0,13.3922
7.0,6.758824
4.0,5.9445477
5.0,6.1814537
7.0,8.160417
7.0,7.6794286
8.0,7.2041764
7.0,8.874649
15.0,16.963915
5.0,5.5743275
8.0,6.026765
8.0,8.184657
12.0,12.767001
5.0,5.9285235
5.0,6.295936
6.0,8.062982
12.0,11.675177
8.0,9.842078
35.0,22.649035
7.0,6.705511
12.0,10.362085
6.0,6.624142
15.0,16.735432
5.0,6.5092487
6.0,5.639675
15.0,10.0895195
8.0,6.922925
30.0,19.241615
6.0,7.531212
6.0,7.640345
7.0,10.199791
7.0,7.0552883
12.0,12.410525
7.0,14.076542
8.0,9.182362
6.0,7.0563145
5.0,6.414573
12.0,7.0900764
7.0,6.9913244
15.0,19.363531
5.0,5.3278713
7.0,6.74797
8.0,7.5820575
8.0,6.9273796
12.0,18.450722
8.0,9.462284
4.0,4.569653
12.0,13.802355
12.0,11.753598
6.0,5.5785627
7.0,6.261543
6.0,6.681328
7.0,8.043633
8.0,7.3515644
7.0,7.666173
8.0,7.5459623
6.0,6.6908836
28.0,15.9683485
22.0,20.781876
8.0,6.6631107
5.0,5.65055
12.0,9.987612
8.0,6.5523396
7.0,7.3382053
10.0,8.473943
7.0,8.372835
34.0,25.399866
9.0,8.208021
12.0,12.346405
5.0,8.171606
8.0,16.501602
7.0,7.816906
8.0,17.368803
12.0,22.294233
7.0,7.2586317
8.0,7.250744
18.0,29.845118
35.0,16.333563
15.0,16.32532
25.0,13.916077
6.0,6.7500553
45.0,13.515334
8.0,6.974854
22.0,17.050863
6.0,6.2714972
27.0,32.637344
15.0,16.17934
12.0,8.306845
12.0,8.9596405
5.0,5.8900948
8.0,17.42908
6.0,7.516699
8.0,8.065344
12.0,7.8801036
6.0,6.57645
5.0,5.269444
32.0,24.86548
5.0,5.0233607
7.0,6.0010943
8.0,9.328229
7.0,6.7619286
8.0,8.033108
14.0,28.052412
12.0,10.989335
7.0,6.4456596
10.0,22.869518
5.0,5.9866223
8.0,12.768012
7.0,5.7929225
7.0,10.264534
27.0,8.1161585
8.0,6.5488057
12.0,10.963358
8.0,6.6516786
7.0,9.519637
27.0,10.058881
6.0,6.17674
7.0,11.930476
8.0,9.795245
7.0,8.619725
28.0,30.022772
7.0,8.000731
34.0,21.395409
23.0,14.480026
8.0,7.590472
6.0,8.614627
8.0,7.2383246
7.0,6.7771544
8.0,9.089802
8.0,9.105314
8.0,7.075885
7.0,5.8707156
5.0,5.748126
7.0,7.0668983
8.0,12.318368
7.0,7.6300373
12.0,15.725021
8.0,7.820263
7.0,7.843741
7.0,6.9018283
12.0,7.1145153
8.0,9.060276
12.0,13.990158
6.0,7.8508267
12.0,13.818523
12.0,17.340456
5.0,6.1048546
8.0,12.633534
5.0,11.109983
7.0,8.352974
6.0,4.943711
8.0,8.042646
5.0,6.7298236
8.0,6.7143626
14.0,12.302135
23.0,16.615217
5.0,6.7273593
6.0,6.8235464
7.0,6.974446
12.0,15.3846035
12.0,11.232974
12.0,10.609288
12.0,8.9682865
7.0,6.5268645
6.0,9.2586565
8.0,7.55446
5.0,6.06009
6.0,7.085238
6.0,6.8920794
14.0,14.20307
6.0,6.5680933
22.0,8.510059
8.0,11.337619
12.0,6.54415
35.0,23.605227
4.0,4.4180164
15.0,13.330842
12.0,20.379618
8.0,7.269735
24.0,18.497454
7.0,19.367096
5.0,5.555
7.0,7.11538
8.0,11.380152
8.0,16.158318
8.0,9.485718
6.0,6.9680023
7.0,10.952469
5.0,5.8484683
6.0,5.483926
5.0,6.3929954
8.0,12.722512
8.0,11.080786
7.0,8.365481
5.0,6.3314295
7.0,7.8216596
5.0,6.84076
12.0,12.178797
6.0,7.987091
14.0,7.04487
6.0,8.464703
5.0,6.3309526
6.0,6.9085255
9.0,6.7634215
45.0,25.402893
7.0,5.6732483
8.0,8.129394
7.0,7.8230987
8.0,13.53849
23.0,14.626211
8.0,8.469563
7.0,7.5090275
22.0,21.188742
6.0,7.0752068
12.0,19.546
9.0,7.154401
8.0,11.739122
12.0,13.9536705
12.0,11.369431
5.0,6.9777584
8.0,7.8254585
8.0,7.1249757
7.0,7.107042
7.0,6.109999
25.0,19.134796
8.0,6.9724636
12.0,24.262785
5.0,11.250909
8.0,8.463667
25.0,20.51885
8.0,7.715166
7.0,8.026958
6.0,6.996126
6.0,5.4879813
6.0,8.027515
6.0,5.2413154
45.0,15.548619
12.0,8.834478
8.0,7.126931
8.0,6.808901
8.0,5.7486167
8.0,7.488398
8.0,8.623227
7.0,12.211467
8.0,10.836881
8.0,12.041943
6.0,7.2377396
6.0,6.9214225
12.0,5.7827687
12.0,16.119247
8.0,9.957115
5.0,5.156346
8.0,13.810432
9.0,7.080413
12.0,17.060452
8.0,10.5399
25.0,29.076977
8.0,8.30235
8.0,8.228935
7.0,6.66978
5.0,5.2918797
8.0,6.965486
22.0,12.109597
6.0,5.604183
10.0,9.004075
7.0,6.551811
5.0,7.3341713
7.0,27.641115
7.0,7.214448
8.0,8.908122
14.0,8.333168
5.0,5.151791
8.0,6.1124773
4.0,5.1298723
34.0,17.65108
25.0,12.239097
7.0,6.0894604
15.0,12.661297
5.0,6.408664
5.0,6.3866324
6.0,6.396004
9.0,7.4338064
6.0,6.825876
5.0,4.4605837
8.0,9.146867
8.0,6.966895
12.0,26.694113
7.0,12.433594
12.0,10.865364
8.0,7.3220754
8.0,13.675722
12.0,13.212779
8.0,12.113035
5.0,5.372276
7.0,7.1870985
8.0,8.320136
5.0,5.3947153
8.0,7.7599044
6.0,9.16695
8.0,7.4718966
6.0,13.509898
5.0,6.156883
12.0,14.9430275
18.0,19.649904
12.0,11.132227
7.0,6.6450434
8.0,8.10987
7.0,5.552283
7.0,8.193265
12.0,10.951658
5.0,6.0338254
10.0,11.6516485
8.0,7.0215144
8.0,8.397321
8.0,12.185527
7.0,7.41567
9.0,8.075402
11.0,8.178409
29.0,12.866843
3.0,4.3857865
7.0,6.499074
8.0,5.6612153
25.0,17.783596
10.0,16.034676
6.0,6.2406473
5.0,4.8612976
15.0,18.841988
23.0,23.331911
7.0,5.528106
15.0,22.36472
7.0,7.5936007
5.0,6.857419
7.0,11.824192
10.0,10.821028
8.0,6.85957
7.0,10.52127
12.0,14.469464
12.0,16.328922
8.0,7.725465
9.0,7.591233
8.0,6.6845274
8.0,13.610405
6.0,6.789881
8.0,7.1971583
8.0,15.652653
5.0,6.5646267
12.0,16.334259
6.0,6.932228
15.0,19.854109
27.0,10.006494
6.0,6.8337755
5.0,6.3383465
7.0,8.480304
7.0,6.682929
8.0,10.596924
9.0,10.929578
42.0,28.041273
7.0,6.947258
7.0,6.4508996
8.0,12.560493
7.0,7.629012
2.0,3.160043
8.0,9.402896
7.0,7.0555983
6.0,6.880872
8.0,7.884609
12.0,9.520587
19.0,18.879915
8.0,7.705857
7.0,6.075987
38.0,31.313097
12.0,10.368177
12.0,7.7964945
6.0,6.0984216
8.0,8.624003
8.0,7.908499
15.0,15.495867
3.0,3.864062
15.0,11.487414
8.0,9.18887
22.0,9.638798
3.0,5.302914
7.0,6.681943
12.0,10.927523
8.0,8.301501
12.0,23.239922
8.0,7.2297487
6.0,6.932873
8.0,7.5227757
7.0,8.338237
20.0,18.658232
5.0,5.2630463
7.0,8.624501
8.0,7.9652166
8.0,13.472672
8.0,9.595106
7.0,8.633351
15.0,8.954656
7.0,8.337734
9.0,7.857091
5.0,7.0303
12.0,8.044966
35.0,25.735352
8.0,10.020598
12.0,8.280017
20.0,10.754285
4.0,4.5257874
4.0,5.187177
18.0,14.532107
14.0,7.7869225
10.0,9.430499
8.0,7.1068697
7.0,7.9931655
4.0,5.103205
11.0,9.535935
8.0,20.533112
12.0,5.6866403
5.0,6.1450715
8.0,7.590328
5.0,5.4578757
15.0,27.716003
27.0,31.605433
8.0,8.916461
8.0,6.7805185
8.0,13.991215
35.0,21.596355
5.0,7.318784
5.0,6.0917263
12.0,17.021557
10.0,14.651787
7.0,14.445209
12.0,8.486234
8.0,8.916859
5.0,6.4398055
8.0,8.841864
35.0,26.175388
8.0,23.41194
12.0,7.685282
7.0,6.7030725
8.0,8.126394
32.0,32.118664
8.0,13.451783
28.0,22.615791
6.0,6.1915326
6.0,6.281633
7.0,7.798944
7.0,8.809824
5.0,6.399103
4.0,6.256523
18.0,17.88892
5.0,4.8437324
12.0,10.920359
6.0,5.4850426
7.0,23.890795
5.0,6.7275805
7.0,7.7379293
8.0,8.272473
7.0,6.6371756
8.0,8.0477915
8.0,15.398937
7.0,6.2772827
8.0,9.036646
7.0,6.955937
12.0,10.342712
14.0,15.487515
8.0,7.287782
35.0,18.027395
8.0,7.2558556
12.0,11.54731
5.0,5.479353
12.0,9.41915
8.0,7.706897
5.0,7.284755
28.0,22.355795
5.0,6.775368
8.0,5.9693103
8.0,11.359408
5.0,4.4529643
9.0,10.004275
8.0,10.320815
4.0,5.612364
34.0,11.284476
11.0,9.613837
6.0,7.5558014
7.0,6.9293685
8.0,7.303146
5.0,7.605832
32.0,26.875477
5.0,5.324853
8.0,8.018853
6.0,5.524998
6.0,7.3018994
7.0,6.379859
8.0,8.744764
12.0,10.265108
8.0,5.580965
32.0,20.726492
12.0,10.657531
7.0,7.3995833
8.0,7.2153144
6.0,6.252688
12.0,16.723015
6.0,7.5180855
15.0,8.42277
15.0,24.834951
7.0,5.218542
20.0,11.431386
4.0,5.360068
25.0,16.19644
18.0,25.69317
23.0,11.22471
4.0,4.884688
45.0,39.426
8.0,7.9179626
6.0,10.262721
8.0,7.2616744
27.0,19.469923
6.0,5.2583847
5.0,5.894244
4.0,7.052319
8.0,6.026552
8.0,8.626986
8.0,7.1614547
7.0,6.277475
8.0,8.975478
9.0,14.456419
5.0,6.0885334
12.0,17.784754
8.0,10.648031
7.0,9.787919
8.0,10.924339
9.0,8.686723
7.0,6.3639426
8.0,8.478369
7.0,7.426531
35.0,24.375908
8.0,7.7934027
8.0,9.961112
12.0,20.532331
8.0,7.221033
8.0,10.237779
8.0,6.6897454
9.0,7.547292
5.0,7.260358
7.0,10.968742
8.0,7.724813
9.0,7.9140196
9.0,15.910168
6.0,5.8996487
8.0,10.321947
6.0,8.059835
7.0,6.6650567
14.0,9.303107
29.0,29.975124
9.0,13.340412
6.0,8.64234
9.0,8.146252
18.0,11.076417
5.0,6.242966
8.0,7.016621
7.0,9.027082
11.0,6.5382733
8.0,15.859645
30.0,21.349543
27.0,18.578707
8.0,6.9700575
7.0,7.8059225
5.0,7.54773
12.0,10.021506
15.0,9.009962
6.0,7.098758
4.0,4.8870687
7.0,5.9709663
5.0,6.54765
7.0,8.811103
14.0,14.307106
23.0,14.584477
7.0,7.0380635
18.0,25.69265
7.0,7.105616
8.0,6.521865
6.0,5.7882366
8.0,7.1676807
9.0,8.358723
17.0,12.406891
7.0,4.9949646
12.0,16.334784
35.0,21.64427
8.0,14.079999
7.0,14.376425
2.0,5.5045896
15.0,16.10058
8.0,8.00193
6.0,7.989524
9.0,14.285398
18.0,11.716916
10.0,17.613876
12.0,15.032709
8.0,8.748419
12.0,12.1460495
12.0,7.94557
12.0,13.388941
14.0,13.173964
6.0,6.3679094
15.0,23.07749
32.0,14.158573
34.0,16.316881
7.0,6.9201655
8.0,7.903958
8.0,7.638296
4.0,4.8663936
7.0,6.714664
5.0,5.04246
25.0,10.728096
4.0,4.276643
9.0,16.393162
6.0,7.226116
8.0,10.5325575
7.0,6.6392994
7.0,9.192683
7.0,9.042622
12.0,8.322304
7.0,8.0111885
7.0,5.9216967
8.0,10.224759
12.0,8.266296
8.0,8.368665
6.0,6.318587
7.0,6.4511623
12.0,8.207259
8.0,10.445882
8.0,6.756696
8.0,8.026791
8.0,8.587112
8.0,8.886567
6.0,4.6933193
5.0,5.560084
12.0,19.653584
25.0,24.523592
18.0,21.280258
12.0,11.056068
7.0,9.844791
6.0,5.3253794
8.0,10.402865
7.0,5.9794416
12.0,23.998857
5.0,5.355185
35.0,28.711178
7.0,7.204859
7.0,6.5247097
8.0,7.78302
7.0,6.6973977
8.0,11.652756
7.0,6.7572203
35.0,15.195176
7.0,15.526817
10.0,10.740342
6.0,6.014521
9.0,9.781
6.0,5.9581366
7.0,7.189303
12.0,8.536251
6.0,5.91261
7.0,8.244229
12.0,7.601328
6.0,6.8992243
8.0,8.974789
8.0,12.762237
8.0,7.3134003
6.0,7.5472946
14.0,13.145185
5.0,8.54719
22.0,10.805988
2.0,2.8696384
25.0,18.236984
7.0,6.9735484
5.0,5.03676
6.0,10.876161
6.0,7.087496
37.0,25.032997
8.0,8.246042
6.0,7.5847874
9.0,10.452608
8.0,9.602614
6.0,7.2366753
22.0,12.905903
6.0,7.0831575
8.0,6.9882126
8.0,9.112783
5.0,6.0237746
8.0,13.402642
12.0,15.073017
6.0,15.4740095
7.0,8.706048
12.0,13.07077
3.0,4.0073695
8.0,10.331434
17.0,21.18221
8.0,8.968971
5.0,6.2308545
6.0,5.8697515
8.0,8.329477
8.0,6.911357
8.0,10.49643
14.0,7.0113363
25.0,18.106247
6.0,7.469594
8.0,8.288315
7.0,6.291192
5.0,7.068587
7.0,8.117617
8.0,7.901446
8.0,10.555211
7.0,8.127155
6.0,6.591421
7.0,9.870844
7.0,7.2383523
6.0,6.584811
15.0,16.312876
5.0,5.580406
8.0,13.23041
9.0,15.557788
5.0,5.8856707
12.0,6.0049047
8.0,8.784101
8.0,7.4302707
5.0,6.090172
12.0,11.740376
8.0,7.2139926
6.0,7.095654
5.0,5.83552
7.0,6.643355
6.0,7.553625
8.0,7.1646504
25.0,13.310568
12.0,20.82182
7.0,8.310678
5.0,7.5073333
3.0,4.947551
12.0,7.4082103
8.0,7.6601534
8.0,5.8576174
5.0,5.817627
5.0,5.619131
7.0,7.0062566
8.0,8.185174
10.0,9.757066
28.0,15.110729
8.0,8.852037
5.0,7.611304
3.0,3.8464172
12.0,16.360188
6.0,5.4478197
5.0,6.0243845
9.0,10.461126
8.0,7.054429
7.0,9.864165
45.0,22.055567
6.0,6.2752657
8.0,9.265067
7.0,7.0902534
5.0,6.415297
5.0,5.6057563
8.0,18.422115
8.0,10.68962
23.0,15.346627
10.0,18.479109
42.0,22.495104
7.0,8.735281
7.0,6.7305303
12.0,10.910515
6.0,6.2840533
6.0,6.815655
12.0,16.965185
4.0,5.72363
8.0,6.7564087
7.0,5.4102545
7.0,10.505624
12.0,11.626229
8.0,6.529625
8.0,7.5696793
12.0,16.031872
8.0,6.8818083
34.0,14.971131
28.0,33.38727
5.0,5.989325
5.0,5.4716563
6.0,6.3958116
8.0,12.578893
9.0,10.331589
6.0,6.575715
45.0,32.9085
6.0,6.7668767
12.0,11.962269
8.0,9.771551
5.0,5.758856
7.0,9.145544
18.0,13.544149
5.0,5.706104
7.0,6.1270676
7.0,7.2248235
12.0,14.020727
12.0,19.635946
6.0,6.0842276
8.0,7.2636204
8.0,8.806408
8.0,11.815799
22.0,29.155247
13.0,13.500435
9.0,7.5726805
25.0,20.294739
8.0,9.652734
12.0,12.642168
8.0,9.90748
7.0,12.556707
7.0,7.561862
8.0,17.298437
7.0,8.242948
7.0,7.0563006
7.0,7.0540986
8.0,8.369813
12.0,15.204768
12.0,20.962732
5.0,7.2086496
6.0,16.403646
8.0,19.6018
18.0,21.99345
7.0,14.013834
8.0,9.633602
14.0,8.450188
8.0,7.0246477
8.0,9.348494
6.0,4.913491
8.0,12.3755245
7.0,8.595404
15.0,24.494364
7.0,6.2544026
5.0,6.464595
8.0,7.3420877
8.0,7.778776
6.0,7.2743797
24.0,12.356065
9.0,7.7693977
5.0,6.0098953
4.0,5.356416
8.0,10.407534
9.0,11.886737
8.0,7.3021455
7.0,8.016605
15.0,26.076733
5.0,5.8240275
6.0,6.25582
8.0,7.451122
8.0,9.606689
7.0,12.614911
18.0,16.903696
8.0,11.253771
8.0,9.832148
14.0,8.709964
8.0,7.6854415
8.0,13.035837
7.0,6.874818
8.0,13.35494
10.0,8.599018
5.0,5.8692093
12.0,8.958603
5.0,6.423575
7.0,7.732757
8.0,9.105031
6.0,10.455322
12.0,16.473068
5.0,4.5804777
8.0,7.439597
7.0,8.810157
7.0,7.5065956
13.0,20.508726
8.0,6.8010817
43.0,17.161386
8.0,9.128532
10.0,6.9291716
9.0,11.047704
7.0,6.1421494
12.0,10.452079
5.0,5.288049
8.0,9.424133
12.0,19.24887
5.0,6.492313
7.0,5.644175
6.0,6.8607316
16.0,11.899607
7.0,7.945525
5.0,6.1955605
5.0,5.4595175
7.0,6.0181336
6.0,6.482936
6.0,7.1229053
7.0,8.6799
12.0,9.326179
5.0,5.170073
15.0,9.694314
4.0,5.480165
6.0,9.286034
15.0,10.788765
25.0,9.397519
8.0,9.3181095
8.0,13.130994
7.0,11.2445545
8.0,8.906501
9.0,7.7880654
7.0,7.350786
12.0,12.734967
6.0,6.0576696
7.0,6.418439
7.0,7.3103857
6.0,8.56134
8.0,6.548927
7.0,6.6662292
7.0,6.9598074
8.0,11.10406
5.0,6.1688476
5.0,5.445165
5.0,4.8082194
8.0,8.834534
35.0,16.621075
5.0,6.148992
25.0,17.472422
18.0,20.081377
7.0,7.4413695
12.0,9.670073
22.0,27.109423
22.0,13.864531
15.0,7.8761287
8.0,16.749302
6.0,6.150146
45.0,21.779762
8.0,7.507661
5.0,5.930431
6.0,7.6681986
5.0,9.120646
7.0,8.442592
12.0,16.266783
15.0,12.450586
5.0,5.8537464
12.0,19.240728
6.0,7.303817
6.0,6.7588015
12.0,8.574678
8.0,8.307022
5.0,5.627772
15.0,19.23249
8.0,7.845879
7.0,8.603756
8.0,15.268699
8.0,14.962362
8.0,7.43532
5.0,6.4340773
6.0,5.808442
7.0,11.152142
6.0,9.411528
32.0,14.643625
5.0,5.836729
6.0,9.881511
9.0,8.398825
4.0,6.4228277
8.0,18.027817
9.0,14.387353
12.0,22.251947
7.0,6.414106
9.0,19.125498
6.0,6.9266853
6.0,6.6244555
4.0,5.546528
6.0,6.6360917
4.0,6.756981
8.0,9.375924
9.0,9.629798
8.0,8.080952
5.0,5.9913
15.0,9.868106
8.0,11.717888
8.0,7.1459913
6.0,6.6335354
15.0,19.381598
29.0,17.640821
8.0,17.405762
9.0,9.525988
4.0,5.2174506
6.0,7.1968317
5.0,6.6487756
6.0,5.6392055
18.0,11.456682
21.0,20.468649
7.0,7.7221165
7.0,7.574268
8.0,19.913036
12.0,11.97842
6.0,8.40765
25.0,15.283908
8.0,12.049857
5.0,6.3331213
6.0,5.598226
7.0,6.7630835
4.0,5.6283865
24.0,17.101313
8.0,16.890276
6.0,7.669318
7.0,13.764479
8.0,9.793217
14.0,9.4472885
5.0,6.3952007
24.0,20.54476
7.0,6.645485
22.0,11.336767
9.0,15.510127
8.0,7.2577534
5.0,5.803367
12.0,11.814713
8.0,8.130419
7.0,5.740795
34.0,15.805147
5.0,11.984833
9.0,10.716451
8.0,8.528584
6.0,5.943391
12.0,12.715599
4.0,8.0313225
15.0,7.4166584
7.0,9.18153
8.0,14.149899
7.0,8.059401
5.0,5.369191
8.0,6.5118523
7.0,17.616108
8.0,12.370394
6.0,6.3381424
12.0,13.168194
5.0,6.9562736
7.0,7.473712
8.0,6.8031955
14.0,16.622656
12.0,16.014036
5.0,6.136243
8.0,7.964938
12.0,9.191052
12.0,13.280162
8.0,10.269399
8.0,9.066826
12.0,17.611408
6.0,4.6466465
12.0,27.894667
5.0,7.042923
8.0,11.255899
8.0,6.987773
8.0,7.5617623
14.0,16.931303
9.0,8.009692
9.0,11.084196
8.0,10.637306
8.0,6.644803
15.0,11.625745
8.0,7.888781
12.0,17.701107
18.0,12.484567
32.0,17.826902
12.0,11.888109
7.0,7.1600122
8.0,9.57806
9.0,10.272795
12.0,18.289286
6.0,6.7988844
25.0,19.790037
13.0,8.11347
7.0,9.349836
8.0,7.667212
9.0,8.551287
7.0,12.306698
5.0,8.780515
12.0,11.617068
12.0,24.384415
12.0,8.039798
6.0,7.0686083
8.0,7.5499454
5.0,6.292982
6.0,6.512349
6.0,6.182377
6.0,7.8348494
8.0,8.468756
8.0,9.016311
8.0,6.7753644
12.0,5.8976893
8.0,7.3944783
12.0,11.76813
12.0,20.523428
5.0,6.848604
9.0,7.539956
35.0,20.977713
10.0,11.092954
7.0,6.9961658
8.0,8.461153
7.0,10.678083
8.0,8.671866
5.0,5.324649
28.0,30.840359
12.0,9.693567
11.0,9.305694
7.0,7.537573
12.0,17.046265
7.0,10.795763
12.0,11.371996
8.0,7.2015204
5.0,6.399842
12.0,15.859474
38.0,25.949928
8.0,9.279356
8.0,14.451593
12.0,18.688797
12.0,9.988499
12.0,22.943712
7.0,8.947441
7.0,7.010235
15.0,17.914501
5.0,6.0786786
28.0,18.818987
9.0,9.471271
7.0,6.969809
5.0,5.951698
5.0,6.293184
6.0,6.6894784
5.0,6.884558
3.0,5.0670886
8.0,7.315639
7.0,7.792468
8.0,8.47091
8.0,12.188278
6.0,6.453805
12.0,22.667044
12.0,13.301596
5.0,5.641116
15.0,10.077519
6.0,7.4436617
7.0,22.323292
6.0,5.7877126
8.0,6.979558
7.0,8.89991
27.0,32.422108
12.0,21.255836
28.0,20.782625
7.0,5.864911
8.0,7.9249005
12.0,7.5694065
15.0,15.772973
7.0,23.398554
18.0,12.711257
7.0,8.7548
7.0,7.1939306
8.0,6.8040004
12.0,19.04552
7.0,13.394659
8.0,9.345152
6.0,6.5688777
5.0,6.792454
8.0,7.3044157
22.0,17.226982
18.0,15.073861
7.0,7.031916
8.0,10.069577
8.0,7.55332
5.0,5.9344406
7.0,7.056526
7.0,5.93822
7.0,6.320215
2.0,3.6824517
6.0,6.5484285
7.0,8.827778
22.0,14.351628
8.0,6.895111
6.0,6.488415
8.0,6.968156
6.0,5.8678393
8.0,7.25631
5.0,6.6389785
8.0,10.01382
8.0,6.194655
7.0,6.7750034
12.0,24.060232
6.0,7.0673046
26.0,23.982243
12.0,13.874784
12.0,14.735092
5.0,6.568252
8.0,8.08851
12.0,9.431443
5.0,5.278314
5.0,4.4719634
8.0,9.202625
12.0,13.378414
7.0,7.3462644
8.0,6.4413214
32.0,13.641966
7.0,8.679663
12.0,15.123015
7.0,8.16901
21.0,16.444977
8.0,7.6567283
6.0,6.182793
8.0,8.135244
5.0,5.3955173
14.0,10.124962
5.0,6.2182865
7.0,8.02279
24.0,16.00604
7.0,7.315436
4.0,5.536433
6.0,8.471262
9.0,9.6405
9.0,14.512013
8.0,11.234254
7.0,7.1431475
6.0,7.1556315
8.0,7.6897683
15.0,6.4603457
8.0,10.861367
5.0,4.2745466
14.0,8.283791
45.0,15.777298
12.0,11.64761
4.0,5.308253
12.0,11.77111
6.0,5.3144116
12.0,8.8777
7.0,7.660967
7.0,10.55645
7.0,9.025456
8.0,9.90675
6.0,6.790436
12.0,17.201536
9.0,11.898824
8.0,16.00975
29.0,16.415644
7.0,6.4115753
8.0,8.561241
8.0,8.394235
8.0,7.090614
8.0,11.397495
3.0,5.3945146
8.0,9.18632
12.0,14.927163
7.0,8.184152
7.0,7.939675
6.0,6.273067
7.0,10.555575
5.0,5.865546
5.0,5.8693957
7.0,7.11939
8.0,7.4401703
18.0,16.068409
22.0,13.523101
14.0,10.889918
7.0,9.434344
12.0,8.155736
23.0,13.085841
5.0,3.874183
7.0,9.325092
5.0,12.125758
4.0,5.1913896
5.0,6.448762
12.0,9.174233
28.0,13.857062
12.0,11.317572
8.0,7.2973404
8.0,21.914852
5.0,6.414983
8.0,27.023743
8.0,10.025384
8.0,9.537082
12.0,14.088808
4.0,6.0001116
7.0,7.0498543
7.0,6.4285674
15.0,18.567133
6.0,5.508789
8.0,10.30824
6.0,6.600204
12.0,15.836256
8.0,7.6700683
8.0,9.463121
7.0,6.971186
7.0,6.1651907
8.0,9.047974
22.0,11.966606
8.0,15.543276
8.0,8.91887
14.0,10.347784
8.0,8.017597
5.0,6.7268486
7.0,10.604626
8.0,7.0522137
5.0,5.3885827
7.0,6.5718465
8.0,9.141511
6.0,6.1933427
42.0,21.585835
5.0,6.0447717
7.0,8.016662
8.0,7.5869026
18.0,21.228502
8.0,8.928243
12.0,17.392788
6.0,6.173292
12.0,9.990031
12.0,12.329391
7.0,9.483009
7.0,7.1618547
6.0,9.229687
10.0,9.952277
5.0,7.159168
5.0,4.7345257
7.0,8.110934
32.0,15.293248
14.0,15.097795
15.0,18.654692
5.0,7.101474
10.0,10.711234
8.0,7.0648003
5.0,5.5026455
7.0,7.441502
8.0,7.5118656
8.0,6.655111
6.0,6.4021997
7.0,7.9864955
6.0,6.684387
9.0,15.795873
14.0,8.921125
16.0,21.322748
15.0,14.342887
8.0,12.121931
6.0,8.544151
8.0,14.886867
7.0,7.5244513
12.0,7.198637
7.0,7.3449793
8.0,8.543605
6.0,6.803865
8.0,7.644911
7.0,9.221354
40.0,16.039139
5.0,6.602422
7.0,7.923556
25.0,21.434238
15.0,12.8701315
12.0,12.890313
3.0,5.2541103
12.0,11.905581
9.0,7.8841543
6.0,8.0992775
12.0,7.7388387
5.0,7.7878265
15.0,8.651744
12.0,16.866915
25.0,19.616657
6.0,6.790598
6.0,5.1916513
12.0,14.940594
7.0,9.817005
5.0,6.186324
6.0,7.5422516
12.0,16.391907
5.0,8.873451
36.0,16.491201
8.0,8.019637
8.0,7.150227
8.0,7.551165
5.0,6.530925
18.0,8.994467
7.0,15.304401
12.0,20.521624
5.0,5.793896
12.0,14.383636
8.0,5.4028773
8.0,8.801594
12.0,8.796796
8.0,7.4033985
8.0,9.16194
42.0,33.31457
8.0,10.891735
5.0,6.966468
8.0,8.19482
12.0,11.70221
7.0,7.1164694
6.0,6.6702366
5.0,6.1869917
31.0,28.541176
5.0,5.8296604
7.0,8.885891
32.0,19.266796
5.0,5.731444
8.0,11.06078
5.0,6.0507
8.0,7.1028557
8.0,9.442425
6.0,5.830009
42.0,22.352303
5.0,8.242616
21.0,8.959831
9.0,7.912322
6.0,5.6931977
6.0,6.4943175
8.0,6.6363015
15.0,27.62414
9.0,9.54663
8.0,9.767281
45.0,26.512299
12.0,14.190407
9.0,9.270371
5.0,6.2226834
12.0,24.57665
6.0,5.71048
8.0,7.726829
8.0,16.70204
7.0,8.240204
8.0,9.20595
8.0,10.288837
10.0,8.079072
6.0,5.9075136
8.0,5.796825
8.0,9.848402
15.0,19.564032
7.0,6.0704412
35.0,20.661469
5.0,5.774172
5.0,4.8062563
15.0,28.953554
7.0,7.603772
6.0,5.7082925
7.0,7.665108
9.0,7.404587
12.0,14.439098
11.0,21.9436
7.0,12.090542
9.0,8.703672
5.0,9.685537
5.0,11.811314
8.0,6.5211897
7.0,7.614456
9.0,16.665003
9.0,18.201532
6.0,4.7843046
14.0,19.34009
7.0,8.152505
7.0,7.5414124
6.0,6.4388456
9.0,8.858603
8.0,7.868999
6.0,6.4385448
12.0,11.388996
8.0,6.0174174
6.0,6.5147095
9.0,7.908106
6.0,6.759276
6.0,6.0233374
8.0,13.9493065
8.0,7.1043034
8.0,9.884062
6.0,5.1465364
9.0,9.561917
7.0,7.0997295
42.0,21.974327
29.0,15.96332
7.0,5.70692
12.0,29.628258
6.0,7.5324574
8.0,7.970301
7.0,8.821659
8.0,7.658771
9.0,7.981303
8.0,6.782435
5.0,5.8871765
9.0,9.04501
15.0,8.08083
35.0,24.033865
8.0,6.482319
7.0,6.2824907
7.0,8.342939
8.0,7.272846
5.0,5.5546417
8.0,20.485062
8.0,9.704147
5.0,4.8922434
8.0,11.179054
12.0,10.746728
12.0,8.52642
6.0,6.8930655
7.0,12.390036
5.0,4.5064926
5.0,5.983566
8.0,8.1493635
8.0,9.748441
7.0,7.677969
5.0,6.243815
6.0,5.84943
7.0,9.174337
7.0,6.865301
5.0,12.855834
8.0,6.385947
12.0,9.535073
6.0,6.357252
8.0,10.080742
8.0,9.314423
14.0,9.096209
8.0,7.6888046
5.0,4.9581156
22.0,10.175067
12.0,11.91165
9.0,7.464916
18.0,7.3113194
6.0,10.423997
6.0,5.787096
7.0,7.9442663
8.0,5.9221616
8.0,7.660972
35.0,18.377407
5.0,6.932353
7.0,10.912581
4.0,5.0278535
22.0,20.490685
9.0,14.0454
10.0,15.697912
8.0,12.273855
7.0,17.479208
5.0,5.503318
5.0,4.99531
8.0,8.754851
6.0,7.6574516
9.0,16.258581
3.0,4.238212
7.0,5.9743614
6.0,8.660624
8.0,23.711607
8.0,14.584213
8.0,14.609652
4.0,5.0589123
5.0,5.8441916
4.0,5.7203193
7.0,6.812552
12.0,8.373094
4.0,5.684747
7.0,6.7527766
15.0,6.2129364
10.0,10.232782
8.0,17.921879
7.0,6.274888
8.0,6.882543
12.0,14.178637
6.0,7.311875
8.0,9.277503
28.0,13.657467
5.0,5.8956485
8.0,13.914564
5.0,4.552964
15.0,21.430433
15.0,7.9305944
8.0,14.909398
8.0,8.073165
8.0,8.975662
7.0,6.213044
8.0,7.662926
8.0,7.0994554
12.0,17.871641
8.0,7.3506017
5.0,6.8339925
5.0,7.8276896
10.0,13.096105
7.0,5.8727837
8.0,18.041801
12.0,13.945583
8.0,7.324552
8.0,6.8248005
12.0,10.206273
12.0,10.211794
15.0,15.230366
5.0,5.3723216
8.0,8.471189
12.0,8.426421
5.0,4.941843
7.0,8.785381
8.0,16.380007
18.0,21.18207
14.0,10.973542
15.0,23.912897
24.0,21.675924
12.0,19.18473
7.0,6.9142637
8.0,15.767807
6.0,7.1195216
21.0,13.657281
8.0,6.8101244
8.0,6.7022953
5.0,7.9543037
12.0,11.233457
9.0,8.747594
5.0,6.9021173
8.0,7.9443274
5.0,5.958105
7.0,7.5904055
7.0,5.867853
18.0,25.469833
15.0,20.45526
12.0,14.125819
8.0,7.6889935
8.0,7.9814563
18.0,13.372123
19.0,28.115234
5.0,8.512726
6.0,6.8961864
12.0,7.727166
6.0,7.5694685
7.0,8.374154
8.0,6.4238715
7.0,7.8654494
8.0,7.0445976
9.0,11.508068
12.0,11.257338
8.0,7.174735
8.0,8.575938
9.0,8.309142
15.0,8.773583
8.0,9.562914
7.0,6.9982424
5.0,6.435501
12.0,9.03578
8.0,16.987999
8.0,6.750129
32.0,25.299936
8.0,10.5643015
18.0,18.136951
7.0,7.8770957
5.0,5.7359533
5.0,5.6659193
5.0,3.6123192
6.0,7.9488645
12.0,19.745148
7.0,7.018833
6.0,6.3624935
25.0,17.158543
15.0,12.339441
8.0,9.074571
5.0,5.2577868
8.0,13.090915
7.0,8.809355
5.0,4.609017
8.0,9.657523
6.0,7.039144
12.0,20.742603
7.0,6.450066
8.0,12.118814
8.0,6.9358416
12.0,21.283247
7.0,6.850618
5.0,6.180794
8.0,9.40546
36.0,26.441153
5.0,5.3606415
5.0,9.154752
5.0,8.0311165
27.0,22.870121
6.0,5.891137
6.0,6.027669
34.0,23.029505
7.0,9.494635
8.0,7.8297877
8.0,9.391414
15.0,14.305795
8.0,8.292636
5.0,7.1294503
2.0,3.5331454
8.0,9.325427
8.0,7.5573072
9.0,8.492277
6.0,6.4821296
12.0,22.169006
29.0,11.662784
6.0,7.323399
6.0,6.766944
7.0,7.423884
18.0,9.354724
8.0,9.102059
15.0,30.088892
15.0,13.418524
7.0,7.357854
6.0,6.8568106
6.0,7.0765157
23.0,27.533354
12.0,9.981705
5.0,5.9204297
6.0,5.6515384
8.0,8.237133
7.0,11.191374
7.0,5.898536
8.0,7.0587068
7.0,7.1352253
7.0,6.0423884
8.0,10.151825
7.0,8.128693
8.0,9.913748
8.0,7.2627997
3.0,5.4640346
12.0,7.1166234
6.0,5.463786
11.0,10.682459
12.0,22.90075
37.0,23.26792
5.0,6.5670404
8.0,20.11998
12.0,8.477407
6.0,4.85376
12.0,7.2390914
12.0,22.603926
15.0,21.65966
5.0,6.955247
2.0,3.2690556
7.0,7.086976
12.0,7.0566106
8.0,7.805661
12.0,11.806608
5.0,5.732064
15.0,29.645658
32.0,24.736315
6.0,10.612489
8.0,4.975694
6.0,16.248928
8.0,16.930092
12.0,9.618404
5.0,6.3967113
8.0,7.3315616
7.0,6.908103
7.0,10.531802
4.0,4.6718717
7.0,9.527166
12.0,17.15953
8.0,8.758872
16.0,15.1066885
3.0,4.7938905
6.0,6.8592405
8.0,7.306198
15.0,24.845932
6.0,6.8981338
8.0,9.190708
5.0,7.426955
15.0,12.501926
7.0,6.9005713
12.0,11.781489
2.0,4.703315
7.0,7.444256
12.0,10.730202
5.0,5.8277817
5.0,6.7318964
4.0,4.94331
7.0,10.34213
4.0,5.915777
9.0,7.116385
6.0,6.3478355
7.0,8.406598
8.0,7.461838
35.0,23.949072
6.0,8.151278
9.0,18.473518
18.0,10.836947
12.0,17.461159
5.0,6.855667
6.0,7.14208
8.0,6.99612
7.0,12.332304
12.0,16.370796
16.0,23.813107
8.0,7.5401373
8.0,7.524167
8.0,7.3018785
28.0,18.161898
13.0,14.941615
8.0,7.182933
9.0,12.373231
12.0,9.384279
8.0,8.961185
12.0,11.669171
7.0,6.784606
9.0,12.942296
8.0,6.8383856
8.0,6.9415784
8.0,11.719554
7.0,6.879744
7.0,6.3599954
22.0,21.918137
8.0,10.850282
12.0,9.916702
25.0,21.163286
22.0,15.360687
7.0,7.827367
6.0,6.3375854
8.0,8.318905
29.0,20.458261
5.0,5.5813966
28.0,25.387106
10.0,9.827622
7.0,7.9056287
8.0,7.5535955
4.0,4.885522
4.0,6.056822
7.0,13.032514
6.0,6.299929
7.0,7.547097
7.0,8.822535
12.0,9.288453
9.0,21.467237
9.0,7.752031
5.0,6.958149
32.0,17.390985
9.0,8.700026
8.0,7.477679
6.0,6.6403217
8.0,9.298759
5.0,6.345581
15.0,15.172047
8.0,8.7776165
25.0,9.636725
15.0,17.043728
4.0,5.1238465
15.0,19.247496
7.0,9.176753
6.0,6.5257816
28.0,20.672976
8.0,14.430899
7.0,13.01915
8.0,8.280922
11.0,7.751002
8.0,7.6085668
39.0,24.111696
8.0,6.7703104
5.0,6.0595264
12.0,9.413022
12.0,11.23878
42.0,33.615044
15.0,14.10821
8.0,6.973013
7.0,11.822992
8.0,14.182136
8.0,7.9731026
28.0,20.827648
15.0,23.208502
5.0,5.966069
8.0,7.8348093
8.0,15.78805
18.0,16.471102
7.0,6.922436
8.0,23.064894
7.0,7.60891
8.0,8.331475
7.0,20.965893
6.0,5.6984596
8.0,10.673498
8.0,12.006355
7.0,7.2197876
22.0,17.32739
35.0,22.858606
15.0,9.586912
8.0,8.355972
7.0,6.6781325
8.0,7.9261584
7.0,14.377928
12.0,22.450909
8.0,8.087809
12.0,11.879452
6.0,6.441044
4.0,6.3697925
12.0,15.660083
12.0,19.462196
8.0,16.173382
11.0,10.838784
6.0,6.5491314
8.0,10.309022
7.0,5.8251915
12.0,7.69195
8.0,13.446019
8.0,10.395037
3.0,4.9298387
12.0,12.713068
8.0,8.465193
7.0,7.124854
8.0,9.91058
12.0,6.9611225
7.0,6.2935996
15.0,16.234972
9.0,15.179812
7.0,7.5976443
12.0,11.784959
9.0,12.4905615
7.0,9.154244
15.0,13.935279
8.0,13.392869
32.0,22.888372
27.0,27.814465
6.0,6.4520907
8.0,6.6594496
7.0,7.154657
6.0,6.736497
42.0,30.43571
7.0,7.1132803
12.0,14.276353
8.0,14.202241
8.0,15.710168
8.0,6.889681
28.0,26.695625
12.0,19.826605
32.0,16.754555
8.0,8.790074
6.0,6.129339
25.0,11.181945
35.0,28.040947
8.0,7.068427
7.0,18.312723
12.0,8.830808
6.0,7.015815
6.0,7.1965227
6.0,5.949749
4.0,5.7312284
5.0,5.937829
9.0,8.33386
7.0,8.120235
27.0,16.627804
9.0,9.053014
12.0,11.625217
5.0,5.825758
6.0,7.345889
15.0,11.843136
8.0,6.021729
8.0,6.440228
8.0,7.6679583
8.0,10.729597
8.0,6.867048
27.0,22.940222
7.0,8.100112
9.0,8.7104435
12.0,22.857674
8.0,7.8548985
12.0,13.115528
6.0,7.6219864
5.0,5.2184114
8.0,7.154483
9.0,7.457404
12.0,10.369821
8.0,7.161021
5.0,5.4785304
3.0,3.9214196
42.0,28.80566
8.0,7.772671
8.0,7.3555098
8.0,7.472027
12.0,10.873831
5.0,5.7232885
7.0,7.4678173
12.0,9.8405695
35.0,20.177189
32.0,25.64723
7.0,6.176163
35.0,25.669281
12.0,13.353771
8.0,8.195293
6.0,6.248529
12.0,14.555286
15.0,16.96924
25.0,27.249504
6.0,7.119429
15.0,23.861782
7.0,11.330224
8.0,8.17203
13.0,12.412947
5.0,6.149536
5.0,6.5181375
14.0,12.5697
5.0,5.988102
5.0,6.1127114
8.0,6.9227166
5.0,5.856421
8.0,6.6825976
37.0,22.53511
12.0,13.362545
12.0,8.8755865
8.0,8.377785
12.0,11.535525
8.0,7.5094075
5.0,5.0238934
7.0,8.848274
6.0,6.2005243
5.0,8.313112
12.0,17.891949
6.0,6.7905216
27.0,28.370438
14.0,12.331532
15.0,25.53577
8.0,15.838083
8.0,8.64575
12.0,20.898767
12.0,16.914045
8.0,16.065155
6.0,4.631521
29.0,27.47033
12.0,10.592503
8.0,7.3453207
4.0,5.546686
7.0,6.773132
6.0,6.584073
6.0,7.1420107
25.0,8.388973
5.0,5.2068567
4.0,5.3753505
7.0,6.6370654
6.0,16.235352
8.0,7.049139
6.0,6.559322
8.0,11.627295
12.0,24.217445
23.0,16.219076
8.0,8.466793
7.0,13.983697
25.0,17.551754
15.0,19.079561
9.0,8.28538
7.0,5.8950214
12.0,11.526629
16.0,11.841125
32.0,28.024904
27.0,19.60555
12.0,13.6047
7.0,9.807307
8.0,17.00631
8.0,8.038937
15.0,24.810184
8.0,7.052623
5.0,10.334805
6.0,6.7751904
8.0,11.143472
8.0,6.879994
12.0,17.529093
18.0,24.493578
4.0,5.3303523
7.0,6.789871
8.0,7.617667
3.0,4.0989394
5.0,5.609455
8.0,7.188773
30.0,12.023741
15.0,13.740326
8.0,7.8411217
10.0,12.726446
7.0,9.005093
12.0,13.561993
7.0,15.402088
8.0,6.7154636
9.0,8.320975
15.0,8.371447
7.0,7.206352
25.0,21.318275
8.0,9.69347
10.0,9.106085
12.0,7.9839516
12.0,14.478283
8.0,7.967676
7.0,7.6539297
12.0,16.872572
9.0,18.773787
12.0,9.089904
25.0,31.767828
6.0,11.610427
6.0,6.3338103
8.0,7.7044244
15.0,20.576303
12.0,9.083946
8.0,7.9531083
6.0,6.7349195
12.0,15.674296
9.0,8.223021
8.0,6.8635306
9.0,19.753944
4.0,6.395841
5.0,6.3619075
7.0,8.942986
9.0,7.648856
8.0,7.4367514
6.0,5.5193915
7.0,6.192028
7.0,11.641615
6.0,6.261017
32.0,20.81529
8.0,6.958398
5.0,7.0352488
35.0,29.180073
8.0,6.3476324
7.0,11.344043
5.0,5.742959
8.0,9.021181
18.0,11.709747
7.0,8.875343
8.0,6.469948
5.0,6.1687183
8.0,7.0506186
7.0,5.563911
22.0,15.472284
7.0,9.901699
12.0,16.017582
5.0,5.873561
6.0,6.15726
6.0,6.546318
7.0,7.60223
12.0,17.252604
8.0,12.616982
12.0,17.246283
5.0,7.07122
5.0,6.1465893
6.0,9.235397
6.0,7.766804
8.0,8.1467285
8.0,7.3527822
18.0,21.658459
6.0,6.7772517
9.0,14.129343
7.0,6.863762
7.0,6.9605336
5.0,6.933791
4.0,4.4223323
6.0,9.417749
7.0,5.8590107
8.0,6.971529
4.0,5.29732
12.0,11.178259
7.0,7.5281973
5.0,7.194965
6.0,6.2501574
7.0,6.8217063
12.0,8.637197
23.0,10.728221
5.0,5.9456964
6.0,6.600245
8.0,8.19312
10.0,9.216185
6.0,6.3118143
12.0,8.703422
7.0,7.6203527
3.0,4.827357
7.0,7.2958
12.0,14.747824
8.0,6.655551
7.0,9.495496
12.0,15.3608885
7.0,5.9091783
14.0,18.273989
8.0,25.261065
8.0,8.037513
8.0,6.898814
6.0,8.31267
7.0,7.2076325
6.0,4.8308067
12.0,19.066704
9.0,9.705373
5.0,5.502919
10.0,9.794349
8.0,7.494533
12.0,7.4925585
10.0,14.214981
5.0,8.356696
7.0,11.100699
7.0,11.40741
7.0,9.173363
5.0,3.642119
7.0,8.715779
6.0,6.92261
15.0,31.207859
8.0,9.728348
8.0,11.793834
8.0,19.888718
7.0,11.162495
5.0,8.475391
32.0,18.486809
9.0,8.943471
15.0,11.074037
7.0,6.257992
23.0,15.614241
8.0,9.089079
8.0,7.150359
8.0,14.292202
5.0,5.0931497
12.0,14.5337515
5.0,6.112242
5.0,6.004289
7.0,10.097088
6.0,7.0479164
7.0,7.771603
15.0,21.322378
7.0,7.4306226
12.0,8.433239
8.0,12.075461
25.0,15.921621
8.0,8.038925
9.0,12.054051
6.0,6.57889
6.0,6.407158
12.0,21.87215
18.0,14.321931
8.0,10.060968
2.0,3.578114
8.0,7.5961747
8.0,8.613159
6.0,6.09292
6.0,6.7186193
7.0,12.287319
5.0,5.4848633
8.0,7.8387136
5.0,6.5633545
12.0,16.06907
6.0,6.321785
7.0,17.85915
8.0,13.04705
5.0,4.994589
9.0,7.362645
8.0,12.595208
7.0,7.8119884
8.0,9.325178
15.0,11.347482
9.0,17.04232
12.0,10.336069
6.0,5.8734837
5.0,7.9269667
8.0,7.4629054
7.0,6.639175
25.0,15.795523
9.0,8.572808
15.0,12.033855
8.0,9.747018
8.0,12.085636
24.0,14.568994
8.0,9.164323
5.0,6.833647
5.0,5.195443
7.0,5.6206374
8.0,9.733817
8.0,7.599931
7.0,5.1849117
23.0,16.445448
7.0,8.571759
8.0,16.705317
8.0,9.796589
15.0,20.510723
7.0,10.746379
8.0,10.774273
7.0,6.729324
6.0,6.6781287
8.0,20.735138
8.0,9.172498
4.0,5.799929
8.0,8.235451
9.0,8.876486
8.0,7.1945996
5.0,7.420696
12.0,13.734951
4.0,8.441161
7.0,7.2393417
21.0,15.370722
7.0,7.3016386
8.0,8.071897
7.0,8.477414
12.0,12.824188
15.0,22.366705
27.0,23.296581
5.0,7.5834804
30.0,23.636335
7.0,6.850014
12.0,19.782171
12.0,12.846634
5.0,8.529803
8.0,6.736924
7.0,7.1960864
8.0,9.309389
30.0,23.11268
12.0,11.707032
8.0,10.385991
8.0,6.926154
8.0,9.747678
9.0,8.452221
5.0,7.1698513
8.0,6.395632
12.0,9.312068
6.0,8.680482
8.0,8.020462
7.0,8.38848
6.0,6.030916
3.0,4.1390805
12.0,21.347677
8.0,15.643398
22.0,24.560442
6.0,6.006323
12.0,12.282505
8.0,8.636281
8.0,6.9183755
12.0,12.076708
9.0,8.977658
5.0,5.3274593
12.0,5.5477786
6.0,5.564712
7.0,6.4896574
6.0,7.162788
8.0,7.419635
6.0,6.2872314
12.0,13.718714
7.0,6.1174145
7.0,5.9196644
5.0,7.2607613
4.0,4.912
7.0,8.39661
8.0,8.0361185
8.0,9.122483
9.0,11.038946
2.0,6.808952
12.0,12.5104065
6.0,6.3370433
10.0,8.777808
14.0,5.533615
8.0,9.228822
6.0,6.257369
5.0,10.911394
28.0,11.213181
6.0,6.524333
6.0,6.3384047
6.0,6.4756474
8.0,8.980682
8.0,12.094059
7.0,8.516744
8.0,8.78948
12.0,8.212567
4.0,5.876967
5.0,5.632623
8.0,13.164962
8.0,9.510417
9.0,7.546961
25.0,11.91064
6.0,6.6041303
18.0,26.108423
8.0,7.467252
8.0,9.835485
15.0,13.133429
7.0,6.5751824
12.0,14.115641
6.0,9.04854
5.0,5.916775
7.0,7.440718
30.0,25.052023
10.0,9.826355
27.0,25.567085
6.0,7.323142
5.0,6.819056
8.0,11.909478
28.0,24.962769
27.0,21.80634
8.0,7.0531325
25.0,17.757269
11.0,17.71171
8.0,6.641715
7.0,9.5630865
30.0,10.261953
12.0,16.505932
9.0,17.78885
12.0,5.628257
15.0,12.682572
5.0,7.0929165
8.0,7.0760612
15.0,17.215733
12.0,29.310957
6.0,5.80088
12.0,26.243546
35.0,26.934008
7.0,9.617513
3.0,3.1779652
8.0,15.054585
7.0,8.591509
12.0,8.4642105
8.0,12.396684
35.0,18.940832
7.0,7.3934994
8.0,7.7075834
7.0,7.8044295
7.0,7.211717
15.0,11.420069
28.0,19.666374
18.0,14.596041
11.0,11.011073
7.0,7.7462497
7.0,6.8896985
9.0,9.413502
32.0,17.903238
8.0,14.472402
15.0,11.322973
5.0,7.631159
32.0,23.988077
5.0,4.671748
9.0,7.510975
6.0,6.1367893
34.0,21.656895
7.0,8.612135
12.0,8.786455
8.0,7.5818925
6.0,8.889652
3.0,4.6764994
3.0,4.8097363
8.0,11.04129
8.0,6.939788
38.0,25.635483
8.0,6.9082823
12.0,23.707273
7.0,7.3433504
8.0,10.083717
8.0,8.863225
8.0,11.512226
6.0,6.3686624
37.0,19.004204
22.0,14.603262
6.0,6.047898
5.0,5.424822
15.0,7.573095
16.0,7.384416
8.0,24.40951
6.0,11.229906
8.0,8.341193
7.0,4.720228
8.0,11.880075
6.0,7.479952
7.0,7.544374
23.0,18.676912
9.0,7.988545
12.0,11.646865
4.0,5.7124357
6.0,6.8328853
12.0,9.13227
6.0,6.51344
7.0,7.1580887
4.0,5.031146
8.0,9.431319
5.0,7.4105196
8.0,7.8934784
8.0,7.940679
5.0,8.739145
8.0,9.088943
10.0,11.09857
5.0,5.1698246
6.0,6.9285507
15.0,8.228998
8.0,11.118756
6.0,6.4136925
8.0,8.548828
12.0,15.115423
5.0,7.485777
12.0,13.267107
15.0,8.947265
9.0,8.375439
8.0,6.167851
8.0,14.259251
8.0,13.6431675
7.0,7.016698
15.0,29.948133
5.0,6.0777864
6.0,7.045257
7.0,15.09374
5.0,6.909107
8.0,7.360212
5.0,5.8171034
25.0,10.423555
6.0,5.8210425
8.0,9.233216
5.0,9.717893
8.0,8.823053
8.0,8.777672
7.0,5.1664224
5.0,5.598599
8.0,9.047306
5.0,5.326166
7.0,12.9605255
8.0,7.6177616
12.0,9.362954
12.0,15.8316965
8.0,7.523951
7.0,7.2288394
12.0,22.001633
5.0,6.7988954
8.0,10.998945
12.0,9.390317
7.0,7.8437924
32.0,26.356842
12.0,15.659695
12.0,20.553543
6.0,6.00606
8.0,10.831509
21.0,13.27662
8.0,5.214672
12.0,5.3592687
8.0,8.892639
9.0,16.587572
5.0,6.263
5.0,5.556922
3.0,3.916515
8.0,7.390416
12.0,24.363039
7.0,8.618399
2.0,5.5527334
8.0,12.083614
6.0,6.500698
8.0,7.4531875
8.0,13.385813
8.0,7.9817157
12.0,17.952919
12.0,9.450177
6.0,6.5195537
5.0,6.5275416
27.0,13.287328
8.0,12.16767
5.0,6.1635776
5.0,4.937767
5.0,6.950137
7.0,8.119854
8.0,9.662329
9.0,8.434448
8.0,10.230084
8.0,11.043153
12.0,16.269915
8.0,13.059968
12.0,12.42238
8.0,9.364504
12.0,9.910731
5.0,5.962972
5.0,4.771218
8.0,10.999532
6.0,6.5470347
7.0,9.619321
8.0,8.914372
12.0,6.5689793
15.0,13.263906
12.0,10.132854
5.0,6.041371
3.0,4.8533926
7.0,6.5646067
5.0,13.805786
8.0,12.10287
12.0,26.97097
27.0,20.537518
8.0,7.2128606
6.0,6.551515
45.0,28.339529
12.0,8.835605
12.0,9.718406
4.0,6.1134567
12.0,6.2219267
7.0,6.382837
18.0,21.776766
8.0,9.247135
6.0,5.562557
2.0,4.038731
5.0,6.841744
8.0,8.184111
7.0,5.687135
8.0,9.505534
7.0,7.6910734
8.0,13.127344
5.0,8.7788725
24.0,15.28644
12.0,11.541379
9.0,7.6802325
12.0,10.770503
8.0,6.847123
8.0,11.761318
8.0,8.152886
25.0,17.73895
18.0,27.220873
12.0,15.660153
8.0,10.159647
8.0,6.381433
8.0,7.9328394
8.0,6.709334
5.0,6.9726586
7.0,8.509473
6.0,6.540921
8.0,8.192103
8.0,16.804842
7.0,7.507705
12.0,21.03511
7.0,8.333176
8.0,8.879702
38.0,31.72878
9.0,7.108782
8.0,8.21077
8.0,8.05421
2.0,4.2370424
12.0,10.153378
7.0,7.604659
8.0,7.234276
25.0,8.247331
7.0,7.72633
3.0,4.4704757
15.0,18.968328
5.0,7.1699505
5.0,5.0570064
12.0,9.396042
8.0,9.345958
5.0,5.4624615
5.0,5.3512545
8.0,7.3508096
8.0,20.20637
4.0,5.615831
8.0,12.589808
9.0,6.9038124
12.0,17.640112
8.0,9.186562
15.0,13.233979
8.0,7.010742
5.0,6.0856724
8.0,7.5668736
7.0,13.590773
15.0,18.510641
25.0,17.450048
7.0,5.8115797
12.0,23.393532
7.0,6.423552
12.0,14.023155
8.0,12.69626
7.0,11.046206
14.0,15.984352
4.0,5.850041
7.0,8.380995
12.0,10.646544
7.0,8.272113
10.0,7.205215
26.0,18.951517
12.0,15.878462
4.0,5.7948623
8.0,10.39884
8.0,6.9260974
4.0,4.93378
7.0,11.077011
7.0,7.070533
7.0,7.2326536
7.0,7.0989347
37.0,30.418026
27.0,16.178242
12.0,16.464317
5.0,6.1105824
8.0,8.131497
12.0,10.637466
8.0,8.126303
14.0,19.61004
8.0,6.3282666
8.0,15.748557
12.0,14.147449
8.0,10.941015
18.0,18.147131
12.0,16.618784
7.0,7.6589184
8.0,13.404547
12.0,15.219553
23.0,11.737034
3.0,5.939839
8.0,5.9687567
12.0,20.719055
8.0,9.203735
8.0,12.984775
7.0,6.199332
8.0,6.2025123
5.0,5.816579
7.0,7.591349
12.0,16.022854
6.0,5.525637
15.0,14.396763
8.0,10.276628
8.0,7.979943
8.0,10.180034
7.0,8.049676
8.0,24.512161
8.0,10.222466
8.0,7.590813
7.0,7.790992
6.0,6.2679715
32.0,19.8303
8.0,7.665582
5.0,7.5913115
8.0,11.4334755
8.0,7.9980793
4.0,6.1152606
14.0,23.97299
12.0,15.30489
8.0,7.5616474
4.0,4.6801376
8.0,11.409284
6.0,6.1483035
12.0,10.257807
4.0,4.7947035
28.0,6.868036
7.0,6.126504
10.0,10.941862
5.0,7.1799994
14.0,14.192228
8.0,8.643353
8.0,12.3106165
8.0,11.525023
12.0,17.478495
5.0,4.345966
12.0,18.25371
6.0,5.6831203
25.0,24.108458
8.0,24.13348
6.0,6.5863304
5.0,8.119046
29.0,27.71009
6.0,6.392555
8.0,8.182955
5.0,9.964298
5.0,6.9796066
5.0,5.6459575
6.0,9.58084
5.0,6.0034566
6.0,6.3643293
8.0,6.147473
24.0,17.394976
8.0,7.5919204
7.0,7.970114
8.0,7.3214793
36.0,17.949995
8.0,7.3876743
5.0,5.3105974
7.0,13.56499
7.0,9.949539
7.0,11.674061
3.0,5.1029396
7.0,6.2361603
8.0,8.405746
12.0,10.719662
7.0,6.7629414
9.0,8.203965
7.0,8.780386
3.0,4.509575
8.0,8.474503
8.0,7.814536
5.0,5.8905525
9.0,11.0701
32.0,17.81145
8.0,11.812151
5.0,5.935616
8.0,7.304881
5.0,7.171197
8.0,7.201828
42.0,17.8964
12.0,8.831969
12.0,9.279954
5.0,6.0565753
7.0,16.473673
36.0,18.798557
6.0,6.0712924
8.0,9.246563
18.0,17.314325
7.0,6.3511686
8.0,11.832349
15.0,18.425407
8.0,6.959426
12.0,14.589134
7.0,6.6982155
8.0,14.337809
4.0,4.4158454
12.0,8.857242
9.0,11.714634
3.0,4.5556703
25.0,13.980697
7.0,8.533656
12.0,10.057713
25.0,20.152811
7.0,7.196637
8.0,6.5530624
5.0,6.842901
7.0,7.013436
8.0,6.4627323
8.0,7.982716
5.0,5.3976107
6.0,5.770057
4.0,4.821306
5.0,5.61208
7.0,9.233212
38.0,18.473442
8.0,8.053383
12.0,25.325047
8.0,8.596525
8.0,10.746301
12.0,13.1862545
14.0,17.500933
7.0,13.447663
12.0,16.631144
19.0,17.592321
10.0,9.920562
8.0,20.037428
5.0,6.433637
7.0,6.04366
8.0,8.008568
5.0,8.27131
8.0,10.929067
6.0,6.8067274
8.0,9.228342
7.0,8.56472
9.0,11.07748
12.0,12.116718
12.0,18.387108
9.0,7.5938025
6.0,8.677092
24.0,16.110226
12.0,7.9760685
6.0,8.235258
8.0,9.854448
45.0,22.763073
12.0,15.250633
5.0,5.85404
14.0,10.431314
7.0,6.386205
15.0,13.090855
7.0,7.766737
5.0,6.74562
12.0,8.452994
18.0,12.110288
8.0,26.358734
12.0,14.084981
8.0,10.9216
4.0,5.5072756
7.0,6.1306906
7.0,6.4603267
8.0,6.8191605
5.0,6.4680533
8.0,7.523537
7.0,7.002928
8.0,19.894983
7.0,7.3286476
5.0,6.239547
8.0,9.355263
15.0,12.674453
6.0,6.9722824
22.0,14.821123
6.0,6.732688
38.0,13.646464
8.0,6.924357
5.0,9.529814
5.0,6.791041
22.0,14.93522
8.0,8.137618
12.0,8.520603
12.0,11.001874
4.0,5.61461
12.0,9.556663
6.0,6.3264337
8.0,9.05471
6.0,6.233882
6.0,6.4915304
28.0,20.971022
4.0,4.778689
8.0,13.2974615
8.0,10.97298
6.0,6.3290534
8.0,7.599893
8.0,6.9633036
6.0,6.7926497
8.0,6.3977566
9.0,8.948956
12.0,16.17415
12.0,16.515312
7.0,7.4290285
5.0,5.6059947
6.0,6.7352633
7.0,8.52118
15.0,21.286438
6.0,8.259604
8.0,6.593287
5.0,6.0391498
5.0,5.4787683
11.0,12.008192
27.0,26.733458
8.0,7.17584
4.0,4.8811073
7.0,8.198009
38.0,15.429801
9.0,9.8192215
12.0,10.09458
28.0,12.3035345
6.0,6.275754
8.0,8.020862
6.0,8.1002245
5.0,8.767357
8.0,6.95361
21.0,10.486942
6.0,5.813616
8.0,13.721049
45.0,16.174469
8.0,10.72311
12.0,17.159706
12.0,8.293176
8.0,9.457645
14.0,12.852375
8.0,7.7096257
9.0,8.252896
30.0,31.66595
6.0,7.3399167
8.0,8.576763
8.0,10.343927
5.0,6.0645
15.0,28.280756
8.0,9.596429
6.0,11.813078
12.0,12.346217
27.0,26.376642
12.0,13.875596
12.0,8.351837
7.0,6.622229
24.0,18.484943
8.0,12.274265
4.0,4.451225
8.0,10.464299
9.0,8.948975
12.0,4.9245143
12.0,14.932791
9.0,7.9907427
2.0,2.6503797
8.0,7.6085534
9.0,8.674567
5.0,7.507624
6.0,5.645405
5.0,5.8319798
6.0,7.4337697
7.0,6.4185457
5.0,5.975891
12.0,9.614683
8.0,8.790925
5.0,6.5785
6.0,6.1504216
8.0,8.0282
7.0,8.477912
6.0,6.1412163
5.0,5.386547
7.0,8.1389475
25.0,19.974838
7.0,6.8132863
6.0,7.2295055
7.0,6.929932
7.0,7.5739903
15.0,18.291725
9.0,8.479353
7.0,5.3918204
8.0,12.524778
7.0,7.4837875
12.0,11.901159
7.0,8.011103
8.0,9.166954
45.0,25.244522
12.0,24.73231
4.0,5.8088593
5.0,9.024164
45.0,29.188885
45.0,25.07384
6.0,7.8652153
8.0,10.076842
23.0,19.249233
8.0,8.843059
5.0,6.198627
12.0,14.156557
12.0,9.262474
7.0,8.130985
8.0,7.143587
7.0,6.206503
8.0,7.768779
12.0,9.364213
7.0,8.38538
8.0,11.944573
7.0,10.451939
12.0,16.20626
9.0,12.925751
8.0,5.3614445
5.0,11.499391
7.0,10.434224
6.0,6.564649
12.0,16.908941
8.0,7.289897
35.0,27.314026
8.0,7.614067
25.0,18.834219
7.0,5.8936033
28.0,27.307335
6.0,5.795084
8.0,7.7774487
8.0,8.954901
42.0,31.963167
8.0,9.248943
8.0,9.276422
6.0,5.2736187
28.0,25.74894
8.0,6.458181
6.0,11.6743145
7.0,6.0580673
8.0,7.2481985
32.0,17.869421
5.0,4.4593377
12.0,8.098952
8.0,5.945114
6.0,10.635369
14.0,10.954315
12.0,7.716716
12.0,15.894863
5.0,5.1460485
8.0,10.987826
7.0,6.5510726
18.0,7.7681117
6.0,7.8024397
7.0,9.94661
7.0,9.0965805
32.0,19.52284
5.0,8.408699
6.0,6.3448977
12.0,20.797516
6.0,6.8632846
7.0,5.3832917
5.0,5.4582295
8.0,7.016943
8.0,6.7282524
5.0,7.9404144
35.0,24.674671
15.0,10.693268
18.0,12.728146
6.0,9.146371
7.0,14.127826
5.0,4.649955
8.0,7.9290524
7.0,7.1439705
5.0,5.947483
6.0,6.881306
5.0,4.860054
8.0,7.8767204
12.0,12.000548
8.0,5.827732
5.0,5.1193085
4.0,4.3204355
4.0,5.8173113
8.0,15.103762
12.0,12.422924
3.0,3.4339736
20.0,14.779938
7.0,8.294336
7.0,8.874896
7.0,6.2241883
6.0,7.1472316
15.0,23.795015
7.0,11.256272
7.0,8.849405
6.0,6.2232842
6.0,7.4872684
7.0,6.0150533
9.0,15.865115
7.0,8.288932
8.0,6.7802525
8.0,10.192874
8.0,15.372835
8.0,6.842453
8.0,10.559505
8.0,8.426816
3.0,3.9802039
7.0,25.910135
12.0,7.9657807
8.0,5.819733
25.0,21.808807
6.0,5.8192334
6.0,6.782799
8.0,6.851531
5.0,4.953728
7.0,11.329919
12.0,6.384149
8.0,14.449188
15.0,13.027438
8.0,6.610053
8.0,8.071112
7.0,7.905672
7.0,10.208204
5.0,5.9704366
5.0,8.171915
12.0,7.7430263
25.0,19.829187
7.0,5.966997
6.0,6.3896527
30.0,14.709499
12.0,20.635435
8.0,7.3083076
8.0,8.1354475
12.0,10.314207
8.0,8.376585
27.0,26.690044
6.0,6.76733
12.0,9.295927
5.0,5.7818136
8.0,7.1617637
2.0,4.458266
5.0,4.8433976
5.0,6.152769
8.0,18.001959
7.0,5.9636106
8.0,9.939076
12.0,17.089462
8.0,7.5499625
8.0,8.581652
5.0,5.6583447
25.0,21.38074
9.0,8.539121
6.0,6.4695673
6.0,6.184387
7.0,8.074481
5.0,6.376796
8.0,8.318761
12.0,11.061021
15.0,12.557634
7.0,11.325489
8.0,15.463818
12.0,11.913549
7.0,6.2849417
12.0,9.085642
10.0,11.271749
12.0,7.6714563
22.0,10.730014
7.0,8.945202
6.0,6.1604767
8.0,7.931935
42.0,26.405136
6.0,6.76025
7.0,7.4783473
8.0,8.155086
7.0,6.9912663
45.0,32.315178
35.0,14.391123
6.0,8.241847
7.0,6.5251994
6.0,5.724488
6.0,11.788373
12.0,9.474799
7.0,12.650511
7.0,7.1497397
12.0,19.71313
8.0,6.954828
12.0,26.681551
12.0,14.072348
7.0,7.2575836
12.0,15.636316
6.0,6.802248
12.0,11.398644
45.0,23.699768
4.0,7.204907
15.0,29.697882
8.0,8.395259
5.0,6.2750654
9.0,6.587324
12.0,20.124098
2.0,3.131437
4.0,7.014237
5.0,5.9959393
8.0,24.738043
5.0,6.151302
6.0,7.379917
7.0,7.844149
8.0,5.626812
8.0,7.7026196
5.0,6.8507013
12.0,17.188625
7.0,9.258465
8.0,23.3458
12.0,9.126483
5.0,6.2036304
5.0,5.2735353
8.0,7.4158854
17.0,12.7879
5.0,7.6850667
27.0,20.03269
15.0,14.105466
8.0,17.326063
12.0,11.386264
23.0,9.739535
8.0,11.396081
5.0,6.5265455
8.0,6.8457904
28.0,25.941149
6.0,5.950657
8.0,14.900101
7.0,9.675061
12.0,12.265185
8.0,7.674204
5.0,8.58782
8.0,14.314687
15.0,16.021854
12.0,9.63917
8.0,7.2140446
18.0,12.313049
9.0,7.8435974
7.0,13.6593895
8.0,8.548198
8.0,7.336596
8.0,9.758818
9.0,9.450041
12.0,9.054156
5.0,6.1552114
8.0,8.552333
3.0,4.796408
8.0,7.6417494
7.0,9.537719
4.0,5.689655
8.0,8.275501
8.0,8.912024
27.0,24.11436
8.0,6.5847573
5.0,5.4399047
12.0,15.276127
6.0,5.9004683
22.0,21.333918
12.0,7.5301037
6.0,5.859003
8.0,9.966527
9.0,14.72234
7.0,7.623815
8.0,5.5445447
7.0,6.067035
8.0,9.66146
15.0,5.2830563
5.0,7.392538
8.0,8.221871
8.0,7.691164
15.0,20.345896
6.0,4.9033384
7.0,6.240781
12.0,13.76378
12.0,15.071346
5.0,5.404261
34.0,16.531841
6.0,6.13976
5.0,6.1015987
7.0,5.800038
7.0,7.066047
7.0,7.9576464
6.0,8.057729
18.0,11.835926
5.0,5.3915234
12.0,10.270833
3.0,5.2278986
8.0,8.023079
7.0,7.8205557
8.0,9.827901
7.0,7.0496154
7.0,8.025154
6.0,7.371928
8.0,7.491202
7.0,7.545149
5.0,4.6904645
7.0,7.9504323
14.0,9.989254
6.0,6.735529
8.0,9.473681
6.0,6.117426
5.0,5.427284
7.0,8.075068
6.0,7.7389092
8.0,5.7727933
6.0,5.995929
12.0,21.259005
12.0,10.504951
7.0,9.57235
8.0,19.223005
9.0,10.287074
8.0,7.4063797
15.0,14.832071
12.0,10.956538
8.0,6.8103766
15.0,8.750407
8.0,7.2964897
9.0,8.103963
37.0,21.21277
3.0,4.1751127
8.0,7.97508
9.0,8.831884
7.0,6.0180626
7.0,5.427428
8.0,6.7513223
6.0,7.2394447
8.0,7.6655903
7.0,8.6700735
8.0,7.4284377
8.0,8.285637
12.0,7.5513587
8.0,7.399296
6.0,7.649401
6.0,6.3686466
23.0,14.198858
3.0,4.6364245
6.0,7.7167435
9.0,9.54147
7.0,9.064167
12.0,8.034134
8.0,7.2646866
6.0,6.7550936
7.0,7.386545
8.0,7.3237257
12.0,23.271597
5.0,6.0906563
8.0,7.1532154
7.0,5.6315713
12.0,7.2470226
9.0,7.6257386
6.0,6.6473837
7.0,7.8005853
8.0,7.3344073
7.0,12.055227
8.0,8.963127
8.0,10.453472
5.0,7.042818
7.0,6.2765303
7.0,8.038726
5.0,5.652395
9.0,7.7854958
8.0,7.6042776
8.0,8.10046
8.0,19.789625
7.0,6.7805157
8.0,6.8805876
9.0,10.133019
8.0,7.3979683
7.0,9.131081
8.0,13.079072
6.0,6.1522064
12.0,7.138857
6.0,6.03723
6.0,5.7149873
8.0,6.41143
9.0,9.403661
6.0,7.1540585
8.0,10.170813
8.0,9.30126
7.0,7.736466
15.0,8.124794
5.0,5.772298
10.0,10.787578
8.0,8.520268
14.0,22.15022
5.0,6.4496646
3.0,6.234714
10.0,18.249346
12.0,18.219908
6.0,8.3124275
8.0,7.5392313
6.0,7.184142
7.0,8.433223
8.0,9.912409
28.0,11.651876
7.0,8.274034
8.0,9.292462
12.0,12.63315
8.0,7.2095356
12.0,14.890037
12.0,8.187257
7.0,7.7652826
8.0,7.6978445
9.0,15.457268
8.0,6.437597
7.0,6.1144648
18.0,19.957523
7.0,7.7755904
6.0,10.26822
8.0,11.30045
7.0,6.7212605
7.0,6.8384485
25.0,13.422218
24.0,16.983633
27.0,15.893298
7.0,6.838345
10.0,11.216302
8.0,10.578746
38.0,16.143229
7.0,9.267126
6.0,6.432312
5.0,6.1045084
48.0,20.144672
6.0,6.662132
7.0,7.007525
8.0,11.043021
8.0,8.635296
6.0,7.3515034
6.0,12.765003
5.0,5.5618825
7.0,7.3599024
12.0,9.614134
35.0,20.706167
8.0,7.6538653
9.0,8.62785
9.0,6.870132
35.0,20.822191
8.0,14.966314
8.0,6.4430046
18.0,21.699621
28.0,26.827488
5.0,10.528098
6.0,6.241837
12.0,9.318016
8.0,7.6396594
7.0,7.4505105
15.0,12.321149
8.0,7.934733
6.0,7.850436
2.0,3.104869
5.0,4.5654387
9.0,8.815543
8.0,7.222819
5.0,4.922084
8.0,8.082339
8.0,9.377447
8.0,11.430395
7.0,10.784854
8.0,7.8037806
7.0,11.260662
8.0,7.036021
7.0,8.152863
6.0,6.2833242
28.0,25.585623
7.0,15.530906
9.0,7.237587
14.0,11.315159
12.0,23.108986
7.0,7.9316444
8.0,6.8376427
8.0,8.633143
8.0,8.850391
12.0,7.570273
5.0,6.2599697
14.0,19.377249
22.0,11.677897
8.0,7.4773297
8.0,6.5111785
12.0,11.597231
8.0,7.110161
4.0,5.679863
8.0,17.477407
12.0,28.449808
15.0,7.8727384
5.0,4.924508
8.0,9.988482
9.0,9.614067
8.0,9.6918955
12.0,15.142573
12.0,12.126015
25.0,20.100794
28.0,24.154465
8.0,7.780386
6.0,6.0893116
6.0,14.170478
7.0,9.495971
8.0,6.6153746
12.0,10.567466
15.0,19.955145
8.0,7.3563933
7.0,6.5377874
25.0,11.377922
7.0,6.427414
7.0,8.325124
8.0,7.3900075
7.0,7.8765316
8.0,8.016992
7.0,9.25047
8.0,15.661963
5.0,7.483088
8.0,21.365541
5.0,5.901499
12.0,19.411417
12.0,16.778349
12.0,16.894733
9.0,17.660378
6.0,12.750679
4.0,4.740633
18.0,11.736851
8.0,7.082438
5.0,5.2835655
5.0,7.4253054
9.0,7.832211
8.0,6.946055
7.0,6.5994143
8.0,16.17987
6.0,6.870199
12.0,18.155958
7.0,13.293833
23.0,17.753214
8.0,9.767116
7.0,6.633248
7.0,6.531576
9.0,10.344913
8.0,8.312678
8.0,8.013907
5.0,5.8101993
8.0,8.175364
7.0,6.0569286
25.0,19.906067
8.0,15.418861
8.0,9.775678
5.0,5.319764
6.0,5.4816923
8.0,8.438723
7.0,6.9949956
7.0,7.622256
4.0,6.126985
9.0,8.366617
7.0,8.826262
8.0,6.934857
15.0,19.515572
16.0,16.167793
12.0,16.064686
8.0,10.301006
11.0,13.859734
25.0,23.073938
12.0,11.862459
15.0,6.953513
5.0,5.261078
6.0,6.8905177
8.0,18.892164
8.0,9.670646
7.0,6.7948613
12.0,21.264677
18.0,18.405937
7.0,7.9586883
7.0,8.442914
7.0,7.3013134
8.0,13.447196
6.0,7.695853
8.0,6.285027
12.0,21.152998
8.0,8.365441
12.0,6.649193
18.0,19.337112
8.0,7.4531045
8.0,11.504573
8.0,9.099195
25.0,16.29304
7.0,6.9434986
12.0,9.967065
15.0,10.501356
6.0,5.9624333
7.0,4.835246
8.0,7.7342997
4.0,5.4001994
12.0,9.126396
16.0,18.334892
12.0,23.966328
8.0,7.6533723
5.0,6.896268
5.0,6.410327
5.0,8.950556
5.0,6.3331866
7.0,7.664355
8.0,16.691221
7.0,6.5634613
8.0,15.41193
8.0,7.438814
7.0,6.7499757
7.0,6.804748
6.0,6.195231
12.0,15.818052
6.0,6.7093854
7.0,7.4125996
12.0,9.922833
8.0,10.492127
6.0,9.175082
9.0,7.6109037
8.0,10.51177
6.0,6.980345
26.0,18.819048
29.0,13.945378
6.0,6.9147015
8.0,7.508844
12.0,15.502792
5.0,5.0993633
8.0,8.888622
15.0,27.101362
12.0,9.351717
6.0,6.7364483
8.0,16.032898
7.0,6.9199023
9.0,7.1691637
7.0,6.5948653
8.0,7.505014
5.0,5.7741666
34.0,20.926056
8.0,8.866041
5.0,5.137886
6.0,6.2696257
8.0,6.600615
7.0,7.7736263
8.0,8.818229
5.0,7.16881
8.0,7.350919
5.0,6.4416475
5.0,4.991374
8.0,8.554471
6.0,6.1782465
8.0,13.256757
5.0,7.1961007
7.0,9.647697
8.0,9.129621
8.0,18.367863
9.0,8.222956
5.0,6.8766956
5.0,6.589989
6.0,6.718951
22.0,15.568149
8.0,6.9703016
7.0,6.7713966
5.0,6.531466
7.0,6.6116943
12.0,13.895033
6.0,6.228916
4.0,5.7798204
6.0,8.503517
12.0,18.162058
5.0,5.1743164
15.0,10.686842
7.0,5.604891
8.0,8.474595
7.0,6.397487
42.0,27.45217
8.0,9.395007
12.0,8.975061
12.0,16.921673
8.0,8.543284
8.0,12.1249485
6.0,7.673506
15.0,11.937603
14.0,10.074051
6.0,4.6857996
6.0,6.3951416
8.0,13.654676
12.0,13.746634
12.0,12.451998
7.0,6.7549787
14.0,20.68317
12.0,16.81252
7.0,6.557488
8.0,8.511059
8.0,9.047381
5.0,6.3215857
8.0,7.370636
4.0,4.976994
35.0,13.781055
12.0,10.932977
42.0,22.734499
7.0,6.087691
7.0,6.1466546
8.0,7.116855
12.0,10.792704
9.0,11.111648
8.0,7.014938
9.0,8.416142
22.0,13.413059
7.0,7.8996544
12.0,8.438003
12.0,14.104942
18.0,10.234222
27.0,13.008149
8.0,9.01812
8.0,12.080787
7.0,7.402816
28.0,21.263784
8.0,22.031334
6.0,6.128639
12.0,13.109298
8.0,8.32278
8.0,10.548946
7.0,7.3514576
16.0,10.499141
5.0,7.1113176
21.0,18.945461
6.0,6.260337
8.0,7.718796
12.0,7.7871704
12.0,11.743779
7.0,7.236717
35.0,18.591766
8.0,16.520689
12.0,21.662485
34.0,17.48658
22.0,31.417295
8.0,8.417372
5.0,6.7853684
15.0,11.038235
9.0,7.2709594
5.0,6.0416465
4.0,4.1003
25.0,21.295565
12.0,10.864345
8.0,6.8742995
7.0,7.0062456
6.0,7.4911256
12.0,19.81601
6.0,6.26596
22.0,21.753916
12.0,10.777279
7.0,11.5814495
9.0,11.216197
12.0,15.848609
18.0,11.20175
12.0,7.731359
32.0,24.261288
5.0,6.4101195
6.0,6.0850506
19.0,17.837831
12.0,17.855839
10.0,10.817263
6.0,5.1247754
8.0,9.664394
8.0,7.789603
6.0,5.4217405
5.0,6.996367
7.0,7.8199415
12.0,9.30001
7.0,11.108496
7.0,10.306353
32.0,30.523705
7.0,6.676173
16.0,14.236729
9.0,6.7028837
12.0,9.522806
5.0,7.4077454
5.0,6.985991
8.0,8.357455
8.0,8.524711
7.0,7.5586057
5.0,5.6629972
22.0,27.823853
18.0,13.66393
7.0,8.3933935
6.0,6.091074
12.0,9.978932
6.0,7.7470746
9.0,8.954278
7.0,7.357814
6.0,7.934057
5.0,7.584094
12.0,11.845567
8.0,9.032881
5.0,4.890518
7.0,8.393719
12.0,21.102184
8.0,6.233554
35.0,25.959414
15.0,10.584011
5.0,6.6025343
12.0,11.602257
3.0,7.725422
8.0,10.529758
8.0,7.330152
7.0,6.2235246
8.0,6.5960855
25.0,24.829494
7.0,9.524418
6.0,9.288808
12.0,26.765684
5.0,5.9839234
8.0,9.03426
5.0,5.6986814
7.0,8.237781
8.0,8.058541
12.0,7.4718885
8.0,8.510652
15.0,7.9616704
8.0,8.366974
7.0,8.39417
5.0,6.7903337
8.0,7.9917364
8.0,8.341827
12.0,15.527156
45.0,17.539375
29.0,22.845978
6.0,5.7337155
5.0,4.8382635
8.0,7.7562857
8.0,9.498264
8.0,9.096275
12.0,15.485708
7.0,7.787363
6.0,5.9502325
8.0,6.4762273
5.0,7.601113
7.0,16.703608
6.0,5.137723
4.0,8.380011
45.0,27.527311
8.0,7.890351
5.0,7.44726
7.0,7.479264
12.0,6.955518
8.0,7.258099
11.0,13.229064
5.0,5.147486
8.0,13.248205
8.0,7.2017026
12.0,8.756887
10.0,10.914919
9.0,13.865172
5.0,6.0841665
6.0,5.6626186
7.0,5.462761
7.0,7.3732524
8.0,7.7375975
12.0,10.291329
7.0,15.884954
7.0,7.50401
5.0,6.503138
8.0,14.774837
5.0,6.407693
4.0,5.1155953
7.0,8.591124
8.0,6.997687
6.0,6.2654834
8.0,6.118927
6.0,6.2153583
6.0,22.847694
8.0,9.88313
7.0,11.374187
12.0,10.306217
7.0,6.002165
6.0,4.9551907
12.0,11.87719
15.0,18.085064
22.0,10.0181465
8.0,8.995341
25.0,17.813635
19.0,11.462986
7.0,8.694357
8.0,8.470661
5.0,5.6578817
8.0,8.91342
8.0,12.752732
7.0,7.2518334
6.0,16.826292
6.0,7.2518225
8.0,8.786007
5.0,6.1201653
7.0,11.097744
5.0,6.9567585
7.0,18.309544
12.0,17.813913
12.0,9.333656
5.0,6.032694
8.0,6.2628374
12.0,8.354582
21.0,17.381966
10.0,10.466286
7.0,7.0954747
7.0,6.8822956
5.0,20.972488
8.0,7.358842
8.0,9.1063175
8.0,9.02449
7.0,9.492791
7.0,6.051756
7.0,8.589022
7.0,10.967982
6.0,7.1470466
7.0,12.580308
8.0,7.298908
27.0,14.341584
8.0,13.622925
8.0,11.27772
7.0,6.651398
7.0,6.250032
7.0,8.2147045
8.0,8.357528
23.0,15.38031
12.0,14.53634
8.0,16.060507
12.0,13.906461
8.0,7.420715
7.0,7.014168
5.0,7.7355113
8.0,10.383368
9.0,13.252188
10.0,12.1538105
7.0,7.7682233
12.0,7.654705
7.0,7.151316
8.0,8.625013
8.0,6.3622227
7.0,6.3476353
8.0,6.878042
5.0,6.6948466
12.0,5.971799
4.0,3.8888197
5.0,7.8628693
7.0,9.134577
8.0,8.430706
8.0,9.465626
5.0,5.6357813
8.0,9.462529
12.0,21.195925
12.0,17.549109
2.0,3.9760244
7.0,7.109317
7.0,7.8906484
5.0,5.7930655
12.0,15.041095
8.0,10.6938715
22.0,21.774618
35.0,22.163654
12.0,10.554046
3.0,6.3683505
4.0,7.264913
6.0,6.909492
5.0,6.6432695
8.0,9.268386
6.0,5.7108827
8.0,8.710922
5.0,7.162403
2.0,3.0157254
4.0,4.7395086
14.0,9.991121
5.0,5.250695
6.0,7.208633
12.0,11.501433
7.0,6.5626383
12.0,10.306667
4.0,4.5776634
7.0,7.924658
9.0,8.879329
7.0,7.071797
7.0,7.788807
8.0,7.035665
7.0,6.6291
7.0,10.685804
7.0,9.722218
34.0,22.841267
12.0,9.111145
5.0,6.52416
5.0,5.4404893
5.0,11.057115
8.0,7.8979044
8.0,6.605014
8.0,7.306003
8.0,8.6345825
6.0,6.32956
5.0,5.946638
5.0,11.646784
8.0,8.067696
6.0,6.800335
7.0,8.746668
12.0,10.526032
27.0,16.448215
7.0,12.403124
7.0,9.516822
9.0,8.352427
9.0,10.332333
28.0,20.138939
22.0,17.061455
12.0,14.452959
8.0,6.6640487
9.0,9.299764
12.0,10.509376
6.0,5.995241
14.0,14.862782
8.0,11.20623
8.0,7.845225
8.0,6.4996357
8.0,7.2100058
8.0,6.8217144
8.0,8.02302
6.0,9.548642
15.0,16.319954
15.0,8.29207
6.0,7.7979956
15.0,24.691772
12.0,25.416906
25.0,11.25412
25.0,19.26521
12.0,17.49506
8.0,12.872862
12.0,8.970849
8.0,10.708659
12.0,12.870827
8.0,7.5217896
6.0,7.466526
28.0,20.14667
8.0,15.3495
8.0,6.9702506
9.0,9.544412
8.0,8.640855
7.0,8.470178
5.0,5.4675126
5.0,6.0773726
8.0,11.472519
8.0,9.515575
8.0,6.149453
8.0,7.5696177
6.0,7.0360465
12.0,7.5125947
18.0,18.661594
12.0,8.829726
6.0,6.346145
39.0,14.818885
45.0,14.448403
5.0,7.027074
5.0,5.6121507
8.0,7.6454854
9.0,8.852256
12.0,8.007698
8.0,6.4447894
15.0,20.9488
4.0,4.727886
8.0,8.638205
7.0,7.861426
12.0,14.441554
23.0,17.71953
19.0,11.151167
8.0,7.0895343
7.0,7.638755
6.0,6.7905064
22.0,22.062805
7.0,5.9842515
7.0,7.3671355
15.0,13.782082
6.0,5.8360887
8.0,7.638541
7.0,6.9370866
7.0,8.185863
8.0,6.7336545
6.0,7.134655
32.0,28.697866
8.0,12.787376
9.0,12.901953
5.0,6.1555996
7.0,8.796019
8.0,7.632011
8.0,6.0698757
12.0,12.168166
9.0,8.017879
7.0,6.5073404
12.0,13.785008
9.0,8.488491
7.0,7.974039
7.0,6.723697
8.0,8.351947
6.0,6.2708926
5.0,4.41938
4.0,5.99751
45.0,33.425697
5.0,6.421615
5.0,6.0124555
12.0,9.6654825
6.0,7.649163
12.0,13.387798
8.0,8.669611
8.0,8.001853
18.0,21.101845
5.0,4.2894354
8.0,7.4251556
24.0,18.920626
12.0,10.686826
9.0,9.798834
27.0,26.923716
8.0,8.497024
8.0,7.711786
8.0,12.15837
7.0,9.509299
8.0,10.164366
12.0,9.592021
5.0,6.6731095
12.0,13.156202
12.0,6.5061717
21.0,15.824277
10.0,9.329545
7.0,8.06271
8.0,7.173517
7.0,6.931092
10.0,14.8541155
5.0,6.161772
12.0,36.85533
8.0,8.088718
5.0,8.042634
8.0,8.382475
9.0,8.574963
8.0,13.770347
5.0,5.498109
7.0,7.5629954
5.0,6.6091223
12.0,9.747006
5.0,5.715838
8.0,11.901155
12.0,10.358045
12.0,10.967954
12.0,11.842149
15.0,20.635738
8.0,6.2312946
12.0,9.738468
5.0,8.820891
5.0,6.0402346
8.0,14.405915
8.0,9.092303
6.0,9.171114
8.0,21.997126
7.0,7.0749907
18.0,20.118673
8.0,14.304932
6.0,6.9360104
6.0,5.6924405
15.0,20.588787
7.0,7.7434926
18.0,20.25971
8.0,8.987347
8.0,8.715343
6.0,6.0149007
6.0,6.1960998
7.0,8.385384
8.0,9.052868
32.0,28.671276
4.0,6.368144
32.0,23.653173
8.0,8.329519
8.0,8.498415
12.0,19.093624
7.0,9.890802
12.0,22.018513
7.0,5.9238005
9.0,11.726619
12.0,9.184205
7.0,10.726219
8.0,11.557936
8.0,13.0444
7.0,6.0749846
12.0,8.491195
10.0,10.568618
8.0,8.831472
6.0,6.479948
8.0,20.523037
15.0,10.84542
7.0,7.600669
5.0,6.1153398
22.0,17.971815
8.0,9.613567
8.0,8.755326
12.0,11.83891
5.0,6.986121
12.0,23.843887
7.0,7.524658
7.0,8.047094
9.0,7.3789334
8.0,7.5256596
9.0,12.527292
14.0,11.571112
12.0,9.529929
15.0,10.374129
7.0,8.367681
5.0,4.6956596
5.0,7.4523897
8.0,9.485466
7.0,9.088481
8.0,15.877036
5.0,5.92043
15.0,8.443183
5.0,16.066021
8.0,6.798367
6.0,5.869398
7.0,7.442011
4.0,6.265787
8.0,6.8327465
8.0,7.6099715
7.0,7.705102
4.0,6.0100317
7.0,6.750476
23.0,27.087921
32.0,13.497725
7.0,9.213889
6.0,7.1502132
14.0,9.580354
9.0,9.120937
7.0,6.7539563
9.0,9.164622
6.0,6.420323
5.0,7.6409035
18.0,16.179335
8.0,7.908679
7.0,7.012249
6.0,8.728815
35.0,14.56802
24.0,12.584683
6.0,6.1622443
12.0,16.064474
8.0,10.880969
4.0,5.230021
8.0,11.367006
12.0,11.566336
7.0,13.819474
12.0,8.281457
5.0,5.9697776
25.0,18.278576
7.0,7.434037
7.0,7.746461
6.0,7.12357
8.0,7.77903
7.0,16.348589
8.0,8.60691
12.0,10.594733
12.0,18.960377
8.0,5.8005157
8.0,11.139517
7.0,7.1871777
8.0,8.11366
11.0,9.103444
23.0,16.001524
15.0,19.866472
12.0,20.030693
6.0,8.323691
8.0,7.118348
6.0,6.5788884
8.0,7.792172
8.0,7.2518034
12.0,16.666573
7.0,9.252824
35.0,17.158789
7.0,6.841986
7.0,10.3878145
8.0,7.0116005
8.0,10.859493
18.0,14.597738
12.0,14.212433
12.0,13.626381
4.0,5.014654
7.0,10.021215
12.0,13.075595
14.0,9.217651
8.0,7.564357
6.0,7.4039955
12.0,21.915913
7.0,13.456281
23.0,13.963789
7.0,7.4747186
5.0,5.1804757
5.0,5.227328
7.0,9.11442
7.0,10.815781
3.0,4.5259094
8.0,8.978094
7.0,7.0164313
5.0,6.164804
5.0,5.7351103
12.0,7.348993
8.0,10.269376
15.0,27.233736
8.0,6.819161
7.0,6.834488
12.0,7.9425135
7.0,6.3039436
32.0,20.112482
8.0,10.034858
5.0,5.95363
8.0,6.110751
7.0,9.817472
7.0,8.009574
8.0,8.076214
7.0,13.481739
8.0,10.980331
35.0,30.25649
8.0,8.287416
8.0,6.727312
7.0,8.105384
7.0,6.9638515
8.0,6.730569
8.0,7.4387593
27.0,13.528283
7.0,7.2740545
8.0,9.768322
35.0,29.55341
8.0,8.80142
9.0,22.307419
5.0,6.831909
6.0,7.2226796
9.0,17.697172
15.0,17.820208
14.0,13.615679
7.0,5.490312
6.0,7.716542
8.0,7.2290535
24.0,12.487042
8.0,7.1751637
8.0,6.8068194
8.0,8.414057
8.0,7.5824056
5.0,8.068772
12.0,16.073933
12.0,12.737673
7.0,6.7135744
12.0,10.370764
8.0,12.879634
18.0,11.472566
7.0,6.4510446
8.0,7.633143
9.0,10.272789
32.0,19.29849
8.0,7.4937162
32.0,29.821806
7.0,8.136136
24.0,18.01647
7.0,14.719704
7.0,6.957107
8.0,9.293805
34.0,12.67105
8.0,8.453752
8.0,16.79664
5.0,7.585356
6.0,10.144165
25.0,19.534487
8.0,11.091223
12.0,8.17841
12.0,11.735479
15.0,15.914981
12.0,12.392984
7.0,7.6024003
5.0,4.3100486
15.0,17.466084
3.0,3.6571243
4.0,6.4833584
8.0,7.830072
8.0,8.010089
6.0,6.5415115
8.0,8.631614
7.0,5.7417336
7.0,10.364006
6.0,6.458322
6.0,6.453974
7.0,9.424689
6.0,6.5959826
12.0,24.393305
6.0,5.9841466
12.0,19.169336
12.0,14.192025
7.0,8.011061
12.0,10.539977
6.0,6.4263134
8.0,8.784685
12.0,16.44184
6.0,7.3594666
10.0,7.058256
6.0,5.5106306
28.0,18.834295
23.0,15.159109
5.0,5.542617
8.0,8.628472
7.0,7.0452385
6.0,10.128018
6.0,7.1601725
8.0,6.539419
32.0,20.966341
11.0,5.1907005
6.0,5.554163
8.0,18.530214
7.0,6.7647095
6.0,7.0311847
8.0,14.409147
6.0,7.886694
8.0,8.503944
7.0,5.7194295
6.0,8.157806
12.0,14.5078125
7.0,9.036672
28.0,14.0745535
5.0,5.226664
45.0,22.558825
45.0,24.204447
7.0,7.2065096
12.0,10.152232
8.0,7.6103606
8.0,7.766155
8.0,7.1104827
5.0,6.042194
8.0,18.397062
10.0,11.53604
12.0,9.819931
5.0,5.65168
8.0,12.735339
8.0,19.388958
12.0,13.736164
18.0,19.436882
3.0,4.4098706
12.0,8.4773245
4.0,5.6482234
8.0,5.4981008
7.0,8.966049
7.0,8.483585
6.0,5.815582
22.0,17.138601
12.0,12.466056
14.0,14.095364
6.0,5.933674
8.0,7.6159267
5.0,5.919776
8.0,8.142345
9.0,8.363272
5.0,3.1725085
5.0,5.465712
5.0,7.419524
12.0,10.11039
22.0,17.597229
7.0,8.014601
7.0,6.3999786
8.0,6.471571
7.0,8.491814
8.0,10.345411
6.0,6.366774
12.0,16.169233
5.0,4.9240007
24.0,16.85209
8.0,9.161467
6.0,7.2383976
6.0,6.3449926
6.0,5.7701793
13.0,8.355639
15.0,20.186861
12.0,12.037359
6.0,6.2466626
8.0,11.948323
6.0,5.733864
22.0,22.427193
7.0,6.480456
3.0,5.4422355
7.0,6.5575867
8.0,8.338441
5.0,5.158743
8.0,15.892546
8.0,9.88852
7.0,9.495282
5.0,7.024933
8.0,7.1764436
23.0,14.2490225
5.0,6.110021
7.0,6.5998225
8.0,7.252806
7.0,6.8806505
30.0,21.309574
6.0,9.255719
8.0,7.6510587
8.0,9.323396
12.0,15.158174
4.0,4.359421
7.0,16.631268
9.0,9.852526
15.0,16.337717
7.0,6.0498586
5.0,5.7058887
7.0,8.24571
8.0,6.7790093
7.0,8.060859
32.0,31.303423
6.0,6.439694
6.0,6.1363235
25.0,16.374163
6.0,6.0786486
6.0,7.598538
8.0,7.826023
8.0,9.9671335
6.0,9.686225
6.0,7.1962514
12.0,20.56039
5.0,6.8757553
5.0,6.9591627
7.0,6.6802645
6.0,6.716029
7.0,18.095932
7.0,8.858957
8.0,7.1203103
5.0,6.233871
12.0,14.504783
3.0,4.337291
8.0,12.750277
8.0,7.5449176
15.0,8.234522
6.0,7.147224
9.0,19.148163
5.0,5.7362947
6.0,5.4287896
7.0,6.9478655
12.0,7.324755
5.0,6.561814
12.0,18.964752
5.0,4.7186403
12.0,20.1703
32.0,27.750818
15.0,8.551521
12.0,22.775826
5.0,6.7014575
12.0,14.14399
8.0,25.160515
24.0,13.464747
7.0,6.849393
5.0,4.587486
8.0,7.5298285
45.0,28.126713
12.0,9.080542
9.0,8.838723
12.0,13.34081
8.0,8.130364
23.0,18.53871
12.0,15.168383
8.0,7.859651
7.0,6.6847463
7.0,6.6358337
8.0,7.073101
8.0,6.830293
5.0,5.318261
6.0,5.840975
29.0,23.905293
6.0,7.203917
8.0,7.2151885
7.0,6.532119
4.0,5.8518066
8.0,7.9902167
7.0,7.7173214
7.0,6.284328
16.0,18.334768
6.0,7.4156094
15.0,22.024628
15.0,14.357592
6.0,6.546964
7.0,6.9443207
7.0,6.5450854
4.0,4.775859
8.0,9.858548
9.0,12.702007
12.0,8.013418
7.0,7.010238
15.0,12.977307
27.0,25.06504
8.0,10.536888
7.0,5.8064117
24.0,22.248379
8.0,10.708753
4.0,5.2421527
12.0,10.216857
7.0,10.439018
8.0,10.239057
5.0,6.0745144
12.0,7.500311
12.0,9.582057
11.0,12.739563
12.0,20.249933
10.0,7.3142233
6.0,5.977027
35.0,26.66423
12.0,9.981766
8.0,12.045068
7.0,9.166259
7.0,7.5734763
8.0,8.626052
8.0,10.6651745
8.0,7.9590745
38.0,20.072676
6.0,6.77152
6.0,5.9520106
5.0,8.017963
8.0,6.1244097
5.0,7.4927692
5.0,6.993005
8.0,10.135309
8.0,6.1185613
23.0,16.368174
7.0,7.5018573
12.0,11.8656
12.0,10.805981
24.0,13.356103
5.0,5.2191887
6.0,7.5999193
8.0,7.635129
7.0,6.124012
8.0,7.8015337
6.0,6.5067153
5.0,5.588434
6.0,7.115241
7.0,10.714336
8.0,7.5957584
9.0,9.582939
18.0,11.003806
5.0,6.498636
6.0,5.8683224
7.0,7.2877927
8.0,11.993272
14.0,14.33204
12.0,6.5920672
34.0,33.84605
7.0,7.054308
4.0,5.666272
3.0,4.678604
12.0,25.907104
7.0,12.078057
7.0,7.669023
6.0,7.502063
5.0,6.1433268
8.0,8.798636
7.0,10.386061
5.0,5.888641
6.0,6.6613197
7.0,8.275788
8.0,6.6323647
22.0,19.500767
24.0,14.4220915
7.0,7.93701
7.0,7.2739973
12.0,15.073006
4.0,4.944255
8.0,6.9865046
7.0,8.726306
8.0,9.765399
7.0,6.7447104
7.0,7.52386
7.0,7.3203053
6.0,7.0718822
5.0,5.9823513
15.0,18.183043
12.0,9.266969
12.0,10.429131
5.0,6.4884067
8.0,7.855668
12.0,16.534784
12.0,17.162468
9.0,8.359659
7.0,7.5109963
12.0,10.088099
6.0,5.5893598
7.0,7.5060344
6.0,6.475525
5.0,6.3673
8.0,8.4243355
8.0,7.105802
6.0,6.090735
16.0,11.838835
7.0,12.080101
8.0,10.726839
7.0,8.779483
8.0,9.396512
8.0,16.733778
9.0,20.252851
8.0,9.085455
6.0,7.0453753
32.0,26.977732
5.0,8.994763
9.0,7.7624965
5.0,7.0166264
8.0,9.939283
8.0,14.580639
8.0,8.685539
8.0,11.135359
8.0,8.625827
7.0,6.489664
24.0,12.770715
12.0,9.13144
7.0,7.6716223
8.0,8.55137
7.0,8.916954
7.0,6.354664
8.0,7.6653323
24.0,21.049706
14.0,26.096922
7.0,7.93757
7.0,5.740423
7.0,6.5022426
29.0,16.944336
5.0,6.0195093
6.0,7.3555746
7.0,5.4986715
6.0,6.85875
5.0,6.9738135
7.0,6.786102
5.0,5.0677342
16.0,20.607285
8.0,13.374719
8.0,6.4963045
7.0,7.686571
35.0,18.955734
5.0,6.755537
5.0,5.640014
6.0,7.8863378
5.0,16.074308
2.0,4.1955476
8.0,7.4224916
7.0,9.671489
8.0,8.990221
24.0,18.77564
22.0,11.997037
6.0,6.002631
7.0,10.556924
8.0,12.484597
29.0,18.568398
5.0,7.329004
5.0,6.2248363
8.0,7.1709213
7.0,7.431395
15.0,10.94381
6.0,5.0232215
12.0,14.04985
12.0,13.314103
26.0,21.330128
5.0,6.062439
8.0,6.382751
8.0,6.3993535
18.0,14.046487
9.0,13.8365345
8.0,9.409063
9.0,7.931477
12.0,8.895384
7.0,5.268998
8.0,6.147111
12.0,13.73265
14.0,12.106559
6.0,6.9214325
7.0,8.656128
12.0,17.950783
7.0,7.2230325
6.0,7.0319023
6.0,4.5987124
12.0,17.320005
22.0,25.41205
12.0,10.677319
8.0,7.6762075
8.0,11.19993
8.0,7.9319186
9.0,8.11013
10.0,12.501818
8.0,10.016813
32.0,11.939911
45.0,24.60609
9.0,12.144105
7.0,5.9971657
12.0,12.336096
12.0,9.0210905
18.0,15.493103
10.0,14.7773075
12.0,18.66038
6.0,6.268392
8.0,13.443263
5.0,5.609475
7.0,10.936334
4.0,5.902919
9.0,8.801051
7.0,7.3270655
5.0,10.735366
35.0,22.324291
12.0,9.265674
8.0,15.716746
12.0,12.451808
7.0,9.749497
6.0,7.486932
8.0,8.789072
7.0,6.534004
12.0,8.952488
8.0,5.065356
8.0,10.900874
8.0,7.59303
47.0,25.50898
8.0,6.285389
12.0,11.3465805
8.0,6.9753633
7.0,12.227299
12.0,11.732618
5.0,7.1935053
7.0,8.599318
4.0,5.091989
7.0,6.763108
12.0,8.767153
5.0,6.8938828
5.0,6.747654
23.0,11.819548
7.0,7.424875
6.0,6.182056
7.0,6.9604406
26.0,26.73513
7.0,9.275166
6.0,7.0187173
8.0,9.611679
8.0,7.2745113
23.0,14.232752
12.0,9.291013
12.0,8.703622
8.0,10.3392315
5.0,5.6733646
8.0,9.089905
4.0,3.991074
14.0,11.46131
15.0,15.784446
6.0,4.983909
6.0,4.3039236
7.0,5.764309
12.0,9.76861
32.0,14.468663
8.0,7.803266
9.0,8.481237
45.0,29.944273
35.0,21.030905
23.0,10.749571
8.0,9.686684
8.0,6.569756
15.0,17.6847
12.0,7.029565
8.0,23.382288
7.0,8.45084
6.0,7.0592217
8.0,11.90549
7.0,11.3098345
7.0,9.117102
8.0,7.376939
7.0,7.78979
3.0,5.1941757
5.0,5.1270194
12.0,19.890804
6.0,6.341648
15.0,9.495638
6.0,5.2822824
12.0,10.258237
6.0,9.2549095
7.0,7.1258965
32.0,12.291516
16.0,17.79837
8.0,9.88265
7.0,6.537855
7.0,10.656144
8.0,13.949447
7.0,7.4921074
5.0,6.670249
6.0,6.9900417
15.0,18.64625
5.0,5.695168
12.0,15.331281
7.0,6.6071687
7.0,10.928109
15.0,5.471165
6.0,6.4133315
8.0,7.792165
15.0,19.730331
8.0,12.53979
9.0,11.59823
6.0,8.775351
5.0,6.80504
8.0,8.19501
6.0,4.969147
7.0,9.240204
7.0,6.422081
7.0,6.426743
7.0,6.3628073
12.0,11.296677
7.0,7.058731
12.0,8.48541
5.0,5.8968043
7.0,7.9341946
4.0,5.8166313
27.0,17.345844
8.0,7.2051406
8.0,10.922031
7.0,6.6937943
24.0,16.74183
12.0,12.687152
12.0,8.527504
8.0,8.261532
8.0,7.5342965
8.0,6.9463115
7.0,6.8527975
12.0,16.581076
45.0,18.968315
12.0,11.928173
8.0,7.301331
8.0,9.625814
3.0,3.6071835
12.0,6.797514
7.0,8.017419
7.0,10.543885
8.0,6.5968957
8.0,7.5758753
5.0,7.247208
8.0,8.992724
22.0,23.303848
7.0,6.9372516
3.0,3.2054145
15.0,15.9742365
6.0,6.945202
5.0,5.395966
6.0,6.692424
7.0,7.582812
35.0,13.00201
8.0,8.64984
16.0,13.697228
6.0,6.9589415
5.0,10.518848
9.0,9.5395565
5.0,6.6541705
7.0,6.7756886
7.0,7.1294
8.0,7.809427
7.0,6.68418
15.0,8.105842
5.0,7.1534963
7.0,7.9274664
8.0,10.137562
14.0,16.11573
8.0,8.639811
5.0,9.589981
9.0,15.811997
7.0,6.288207
7.0,11.675863
6.0,6.7185607
35.0,30.159744
8.0,9.700243
6.0,7.800702
5.0,9.286419
12.0,10.112787
7.0,8.064551
7.0,5.8530974
8.0,5.93312
6.0,5.6193056
8.0,8.392475
35.0,18.78549
8.0,15.099329
8.0,9.168699
28.0,12.543485
7.0,7.453417
6.0,7.412067
5.0,6.501982
35.0,18.813454
9.0,7.304127
8.0,6.3266563
8.0,7.663713
6.0,8.06272
22.0,20.366974
12.0,13.235201
12.0,8.280225
9.0,19.834265
34.0,18.926765
7.0,6.4171515
7.0,8.015554
7.0,6.262238
6.0,5.4746275
25.0,27.369287
8.0,10.741065
7.0,6.3928
12.0,20.812897
8.0,9.135898
10.0,7.8690395
6.0,7.152831
24.0,13.917862
4.0,6.1206255
8.0,6.7019043
12.0,7.6558332
10.0,10.345551
3.0,5.113851
15.0,9.199921
7.0,8.866242
4.0,5.4222755
12.0,18.690506
7.0,16.925991
8.0,12.146737
7.0,6.696616
6.0,9.515267
4.0,5.6502347
7.0,9.761159
30.0,16.400782
4.0,5.831112
8.0,6.828509
12.0,14.175107
25.0,21.605984
12.0,11.431276
7.0,7.6070156
7.0,9.473586
8.0,9.228254
12.0,13.826936
8.0,7.793613
15.0,17.010462
8.0,8.275961
23.0,17.666471
12.0,7.381974
5.0,5.5951943
5.0,5.8966517
12.0,8.563885
4.0,4.540028
5.0,7.1422567
8.0,7.7856197
8.0,8.825378
7.0,6.908172
22.0,11.139758
15.0,7.8902063
6.0,8.756653
7.0,6.466049
5.0,5.792039
7.0,11.248326
8.0,8.738674
7.0,10.861315
7.0,6.374244
8.0,8.578165
5.0,6.191809
12.0,10.628683
28.0,9.182108
12.0,13.195805
7.0,8.272095
5.0,6.5778255
17.0,17.91765
12.0,16.760622
8.0,6.0162435
7.0,5.72559
6.0,9.342456
12.0,16.308369
7.0,9.982744
5.0,6.4905295
12.0,14.165035
6.0,6.8256907
12.0,15.38278
12.0,18.581827
35.0,29.078983
9.0,8.813692
8.0,6.675707
5.0,5.0597095
29.0,16.668642
8.0,7.695362
8.0,9.560167
6.0,6.2007027
7.0,7.243524
22.0,19.998493
7.0,7.592144
9.0,10.389945
8.0,7.6412506
27.0,11.17636
3.0,6.471199
25.0,20.38127
8.0,11.314803
6.0,7.6957893
4.0,5.6289134
8.0,18.986683
8.0,9.081822
8.0,15.429961
8.0,6.153496
6.0,6.2836704
12.0,13.359862
7.0,9.030478
18.0,11.918204
3.0,9.54879
6.0,7.065345
12.0,12.121027
8.0,16.4508
8.0,7.991631
8.0,9.359979
12.0,9.156623
8.0,8.154699
8.0,9.076626
8.0,7.6980877
5.0,5.1800685
12.0,15.072012
6.0,7.1818275
7.0,7.1379876
8.0,6.668506
7.0,6.428015
12.0,7.7079196
7.0,6.299253
8.0,6.242579
5.0,5.2386847
6.0,6.938241
8.0,8.04303
5.0,5.7592525
8.0,10.352782
7.0,7.5693254
5.0,5.215653
8.0,6.6586585
7.0,7.2958226
27.0,17.040363
6.0,6.4412885
8.0,8.40068
6.0,6.3537464
6.0,6.790133
12.0,8.117243
8.0,7.3783174
8.0,7.123261
8.0,8.196036
9.0,20.123941
6.0,7.3203864
12.0,10.045073
8.0,6.1072855
5.0,12.073093
7.0,6.4257836
6.0,9.997802
12.0,10.373178
8.0,6.9467735
8.0,13.699691
12.0,19.884363
12.0,9.114579
8.0,8.577363
5.0,5.80469
7.0,10.869363
7.0,7.2142773
8.0,8.518948
25.0,16.96542
8.0,8.247021
8.0,7.1195607
7.0,7.305538
28.0,10.767121
5.0,5.389394
12.0,24.038195
15.0,14.899497
9.0,7.986474
8.0,11.071556
8.0,16.002733
7.0,10.818502
22.0,14.804121
9.0,6.5706515
7.0,7.1884174
4.0,9.639705
4.0,6.409943
4.0,6.7024927
5.0,5.788671
22.0,29.123512
4.0,4.769534
7.0,6.601906
22.0,11.912134
10.0,7.9217086
5.0,7.359411
5.0,10.331739
14.0,14.880478
8.0,8.981177
24.0,16.868431
6.0,6.832095
5.0,5.808324
12.0,8.383979
8.0,23.548712
10.0,16.07062
15.0,12.693038
10.0,9.917054
3.0,4.161561
5.0,5.886255
8.0,6.8185167
10.0,15.171445
12.0,13.805384
5.0,15.295309
12.0,26.051079
15.0,17.729296
15.0,19.322336
6.0,5.724713
5.0,6.260189
10.0,15.799849
12.0,23.445309
7.0,5.8908997
5.0,6.9131474
15.0,15.015161
8.0,6.37226
8.0,6.349215
6.0,6.7093782
8.0,8.239393
8.0,4.9673367
12.0,24.404009
15.0,18.111265
7.0,7.0133057
8.0,12.198392
7.0,7.3427787
7.0,28.639471
7.0,7.1701665
6.0,8.565609
12.0,12.8817215
7.0,5.8165326
7.0,6.849334
8.0,6.5330086
8.0,7.596188
8.0,10.101336
8.0,7.1466246
13.0,6.871363
6.0,7.334986
12.0,10.398367
12.0,13.372131
8.0,25.873749
6.0,10.4063635
15.0,19.003868
8.0,7.8287115
8.0,7.0166993
15.0,15.648944
12.0,9.943287
8.0,6.8408933
4.0,6.4695992
7.0,6.554681
4.0,7.364512
7.0,7.691344
8.0,6.8758006
5.0,4.2104397
6.0,7.2606454
8.0,12.179574
5.0,6.2430677
15.0,17.460367
6.0,7.2535057
18.0,22.752565
8.0,9.912494
4.0,4.66206
8.0,8.0651245
5.0,5.3070207
23.0,19.85807
4.0,3.9413183
5.0,6.433575
5.0,5.4833045
5.0,5.6815886
7.0,7.686896
8.0,9.865965
6.0,5.8956695
12.0,14.528337
7.0,6.774914
8.0,13.582587
9.0,12.018045
7.0,10.497599
8.0,9.188054
8.0,7.7865744
7.0,7.3859878
7.0,6.829837
8.0,14.459549
10.0,9.667027
10.0,7.875378
24.0,18.126678
12.0,8.150882
7.0,7.253212
7.0,8.838769
5.0,5.858321
8.0,7.3089185
6.0,5.017969
5.0,7.447935
12.0,9.412296
35.0,12.49978
8.0,7.743911
31.0,24.197222
12.0,5.5052023
12.0,20.663292
7.0,7.763664
12.0,13.324565
12.0,23.327555
8.0,7.8743415
6.0,7.5455236
7.0,9.150199
24.0,16.979612
6.0,6.6762
7.0,7.880588
7.0,7.786928
7.0,7.8961334
6.0,6.725251
25.0,21.861876
23.0,24.712984
45.0,19.145786
5.0,6.1826835
7.0,6.560579
9.0,13.096612
8.0,13.663579
8.0,8.722426
35.0,20.416483
8.0,6.04591
5.0,5.8859158
8.0,7.19664
6.0,5.918658
8.0,6.943131
9.0,7.7392387
35.0,18.440453
35.0,25.739946
8.0,6.761879
8.0,7.8219557
7.0,6.972475
6.0,9.287963
12.0,17.021502
12.0,14.682353
10.0,12.932717
5.0,5.388661
12.0,5.9361496
14.0,7.9628916
12.0,21.792849
15.0,15.592818
8.0,8.5893955
8.0,9.186535
8.0,7.116309
5.0,7.1606636
8.0,10.431149
8.0,16.101324
5.0,6.4130173
7.0,8.652515
8.0,8.777212
8.0,12.377576
18.0,12.016369
8.0,7.6237454
17.0,17.000025
16.0,10.659935
7.0,6.5104256
4.0,5.3606668
8.0,11.343316
7.0,7.129224
29.0,24.166906
7.0,7.151572
8.0,8.94971
8.0,7.574844
7.0,7.3097286
7.0,7.2138453
6.0,7.240342
12.0,17.36301
5.0,9.123347
12.0,11.180794
7.0,7.4138618
12.0,11.597818
8.0,7.2431116
8.0,8.865336
12.0,16.866682
3.0,4.7313433
22.0,13.33026
7.0,8.301983
6.0,6.320207
8.0,8.2040825
12.0,10.207583
7.0,7.736888
9.0,21.223999
8.0,5.4858236
8.0,7.4378123
7.0,9.745886
12.0,16.582659
35.0,22.993015
15.0,9.174791
12.0,23.23905
45.0,22.311983
5.0,9.864098
8.0,7.439289
8.0,7.634945
9.0,8.227553
38.0,27.826939
7.0,9.985834
7.0,7.8354
8.0,8.361319
7.0,6.9688787
7.0,8.583019
5.0,6.6530714
12.0,12.351523
5.0,8.3566885
9.0,7.4024825
29.0,22.431559
7.0,6.4659076
19.0,11.365664
16.0,15.193846
7.0,7.686051
12.0,18.825027
5.0,7.5822444
8.0,11.961184
8.0,5.1744485
6.0,6.0004387
8.0,7.77788
5.0,6.001048
4.0,5.53707
28.0,11.531844
5.0,6.2964554
8.0,8.475113
8.0,14.527635
6.0,6.3672724
8.0,8.709544
7.0,9.181507
8.0,8.401014
6.0,6.3510137
5.0,5.6231294
8.0,8.615771
9.0,21.832457
8.0,6.059861
5.0,6.320764
7.0,11.571723
15.0,12.620022
9.0,6.9281287
7.0,7.848315
8.0,6.030344
8.0,14.07083
12.0,20.752703
8.0,13.055712
5.0,7.1944275
18.0,19.668985
15.0,14.033248
8.0,5.451686
8.0,7.131259
6.0,5.347956
7.0,7.064513
22.0,23.995377
6.0,6.7183075
6.0,6.378707
34.0,19.25334
12.0,10.290162
10.0,14.817753
12.0,11.748137
12.0,10.172773
8.0,9.855122
12.0,15.911312
8.0,14.915775
15.0,9.518882
8.0,6.6820273
7.0,9.592738
8.0,17.811304
6.0,5.697624
7.0,7.099233
18.0,20.311329
12.0,10.160681
7.0,13.249015
29.0,22.13558
8.0,11.11788
7.0,5.1174726
7.0,6.9637566
10.0,13.851577
8.0,8.809361
12.0,14.89944
5.0,7.917054
8.0,6.3712854
5.0,6.952671
6.0,5.527788
12.0,16.07119
8.0,8.00218
6.0,7.4137893
8.0,7.0416617
4.0,7.3687882
6.0,7.402949
8.0,10.847754
12.0,26.604376
38.0,21.00916
25.0,21.404438
12.0,22.101461
7.0,6.8655615
35.0,19.57426
5.0,6.044731
22.0,11.640551
6.0,7.3022146
7.0,8.435692
8.0,23.0384
8.0,7.001586
8.0,9.979243
8.0,7.174828
8.0,8.59221
18.0,12.810646
6.0,6.626799
36.0,25.087564
5.0,6.522049
9.0,9.1391945
8.0,7.404034
3.0,5.706245
7.0,7.833436
6.0,6.55655
7.0,7.580549
9.0,9.293771
8.0,9.058923
6.0,7.4231462
7.0,6.7701716
7.0,6.963832
35.0,20.661083
18.0,19.237722
8.0,8.51048
7.0,13.799767
14.0,13.899165
5.0,4.7119536
15.0,9.13802
7.0,18.314857
6.0,5.7897954
8.0,8.476429
42.0,31.49946
8.0,16.154842
5.0,6.9764624
5.0,5.1716413
5.0,7.6248407
12.0,10.671895
9.0,8.718759
5.0,5.793469
12.0,13.492133
8.0,8.95983
7.0,7.0220814
25.0,24.455198
7.0,5.99763
7.0,6.828205
7.0,7.9102473
8.0,9.714767
6.0,5.958668
12.0,15.301118
10.0,14.099399
12.0,9.823252
9.0,10.241118
7.0,8.29209
7.0,5.277553
6.0,9.077281
8.0,6.8016276
8.0,12.516356
8.0,7.88341
12.0,7.0584645
7.0,6.1682615
7.0,7.8784227
7.0,6.697018
9.0,9.335951
6.0,6.837436
12.0,24.42293
14.0,10.0801115
21.0,13.811502
7.0,8.5194435
8.0,9.079535
8.0,11.798868
32.0,29.168419
5.0,5.7849045
15.0,22.760168
7.0,7.005231
5.0,5.969677
7.0,8.478409
7.0,6.293969
5.0,7.5651627
6.0,6.187053
7.0,7.534635
6.0,7.344888
12.0,11.786053
7.0,9.721842
7.0,6.606195
15.0,16.3301
8.0,10.832233
8.0,7.7015204
8.0,9.10952
5.0,5.3841634
5.0,6.1716037
6.0,6.708477
5.0,7.172921
23.0,22.846823
15.0,12.710867
18.0,14.73362
8.0,6.2085505
7.0,5.784633
7.0,6.302869
8.0,20.793594
9.0,10.9412565
22.0,13.795596
27.0,19.40312
3.0,3.359629
5.0,5.359749
6.0,6.1404076
7.0,10.396261
8.0,8.89077
4.0,4.630102
9.0,8.919813
15.0,13.793053
8.0,7.1944294
12.0,13.99757
7.0,7.9434443
7.0,6.925591
5.0,6.568766
12.0,17.899364
4.0,4.0788403
7.0,7.9977922
10.0,10.038346
2.0,3.274817
12.0,10.553743
12.0,7.91618
6.0,8.248524
8.0,9.547888
5.0,7.2363815
8.0,7.889843
15.0,14.616051
5.0,6.4065294
8.0,7.4331217
12.0,12.854269
5.0,5.8066087
5.0,5.9079943
7.0,7.8282776
8.0,8.552943
12.0,8.276035
9.0,14.528059
8.0,13.286636
28.0,14.121655
12.0,12.805048
7.0,11.963124
17.0,9.212739
7.0,7.3118887
23.0,30.427761
12.0,14.070568
7.0,10.793239
8.0,8.045233
7.0,7.0508633
15.0,30.847452
8.0,9.107742
7.0,5.893607
8.0,11.939854
8.0,19.044117
27.0,18.040203
8.0,8.122397
8.0,7.492606
32.0,26.980192
12.0,10.11704
12.0,7.654629
7.0,8.669029
15.0,23.25669
12.0,23.861
7.0,7.1725826
6.0,7.2263823
12.0,7.240318
8.0,8.541219
8.0,7.342216
7.0,5.929084
9.0,10.580219
8.0,7.5571733
6.0,6.71843
35.0,26.407934
75.0,29.22221
8.0,7.065333
22.0,16.715137
5.0,5.9846425
5.0,6.358986
8.0,13.621903
8.0,6.438249
8.0,14.316103
15.0,17.484476
15.0,15.947588
8.0,10.202034
8.0,6.8385363
5.0,6.531369
8.0,6.9767675
6.0,6.210163
12.0,12.164644
5.0,5.5867224
12.0,8.213867
7.0,7.595623
7.0,7.330964
7.0,7.456083
8.0,7.61819
8.0,11.8365135
29.0,32.872116
6.0,6.4838057
8.0,11.111949
7.0,6.4227114
8.0,7.1619473
38.0,17.506588
12.0,12.751205
8.0,8.405812
12.0,19.055996
6.0,5.7600145
8.0,10.561167
7.0,8.3831415
7.0,8.841071
45.0,14.955426
7.0,7.7260823
7.0,8.695271
8.0,6.739765
9.0,20.094276
12.0,18.84264
7.0,9.010719
3.0,4.5023637
12.0,22.542414
8.0,7.797821
8.0,13.341612
5.0,5.6199436
7.0,7.8613386
12.0,15.748747
14.0,10.946547
15.0,10.059662
12.0,8.0184355
8.0,10.961638
8.0,9.042677
5.0,4.7804914
8.0,7.596116
7.0,5.904437
27.0,7.9242463
8.0,6.950185
8.0,14.738219
5.0,5.2454095
8.0,11.723264
8.0,7.9228253
6.0,5.447624
10.0,9.20031
8.0,18.353485
12.0,15.508247
16.0,10.62059
8.0,11.272818
8.0,16.499298
14.0,9.971655
6.0,6.424296
7.0,8.9964485
12.0,15.177448
8.0,6.7635517
8.0,8.63896
8.0,8.319977
25.0,20.585623
7.0,13.692545
12.0,13.0439415
12.0,8.49665
6.0,6.3973985
8.0,9.309076
8.0,8.73943
12.0,7.4648786
12.0,8.394122
18.0,16.542377
7.0,7.2122374
32.0,26.676668
5.0,6.1864715
12.0,11.335275
8.0,5.88698
7.0,7.5444093
6.0,7.8883247
6.0,5.6102314
12.0,7.217153
7.0,8.400074
7.0,7.358109
6.0,6.917967
8.0,18.125196
8.0,9.029043
45.0,31.075756
32.0,19.09169
5.0,5.3570185
7.0,6.157636
7.0,7.062124
8.0,15.315273
25.0,12.054706
5.0,5.785227
5.0,7.1134033
12.0,25.502783
12.0,14.218944
5.0,5.5962143
6.0,7.3000984
8.0,16.938812
7.0,6.641896
5.0,6.6004033
7.0,7.4615645
22.0,9.753773
12.0,17.237284
8.0,8.137816
2.0,5.146661
8.0,6.862355
7.0,8.210851
12.0,18.101696
12.0,3.5398982
12.0,15.128189
6.0,6.17637
8.0,9.59397
6.0,5.4554343
6.0,6.2871776
8.0,9.832949
3.0,3.3072164
15.0,15.635198
35.0,16.107878
12.0,23.22032
15.0,18.34646
8.0,7.0159745
7.0,11.77429
8.0,7.462614
12.0,11.146469
6.0,7.1346645
6.0,6.1036906
12.0,10.231346
12.0,29.665066
6.0,6.3107996
8.0,7.7555118
7.0,10.77457
8.0,8.3194
8.0,7.44306
28.0,20.845552
8.0,8.288106
32.0,21.948385
9.0,17.78263
7.0,8.370056
7.0,6.532465
15.0,18.853655
7.0,7.211256
8.0,7.4277964
8.0,9.776459
10.0,9.831824
16.0,24.207779
6.0,6.542778
5.0,6.030856
8.0,10.448768
23.0,9.795278
8.0,6.564745
8.0,7.635313
5.0,7.8844547
7.0,7.550251
8.0,7.0002823
8.0,8.79409
9.0,7.368452
6.0,13.05669
15.0,14.042451
7.0,6.361121
5.0,6.138973
9.0,10.1958
28.0,23.36757
8.0,20.924551
15.0,23.32766
8.0,8.099131
8.0,6.8369937
7.0,7.6149817
7.0,8.744625
8.0,7.470147
5.0,6.0584574
6.0,7.1541595
5.0,8.72112
8.0,15.551615
6.0,6.4849014
8.0,9.395127
6.0,7.1446357
6.0,6.754454
8.0,7.102787
5.0,6.3827653
8.0,6.6841145
7.0,6.0848603
6.0,5.920677
8.0,13.753612
8.0,7.181292
23.0,21.325586
6.0,6.7687826
6.0,7.186757
6.0,7.2053432
8.0,7.2156734
8.0,6.0240993
7.0,6.8733826
6.0,9.007883
8.0,11.432047
8.0,9.037329
6.0,6.611256
12.0,12.932914
25.0,22.164652
12.0,14.096716
12.0,11.472132
8.0,12.939207
7.0,7.899763
8.0,6.3412623
8.0,9.639512
15.0,10.492285
12.0,11.197602
8.0,15.049211
2.0,3.314403
12.0,10.387077
8.0,7.1740117
23.0,9.602652
7.0,7.6617045
7.0,7.3873606
8.0,11.931571
8.0,16.190897
7.0,6.9900756
8.0,7.813344
12.0,18.43982
8.0,8.353882
21.0,20.079836
8.0,7.8219624
8.0,7.059243
8.0,8.281906
15.0,16.227306
15.0,15.979603
8.0,7.533263
6.0,5.49084
12.0,8.534505
7.0,7.6720886
5.0,8.3347025
5.0,7.2167315
7.0,6.724798
5.0,5.914433
5.0,6.5026674
4.0,4.9767256
12.0,17.889023
5.0,5.1867614
5.0,6.761494
5.0,6.8484483
7.0,17.641054
10.0,10.7724905
10.0,12.736453
5.0,8.222415
8.0,11.96836
8.0,10.391128
5.0,8.649866
12.0,18.518019
42.0,27.435907
8.0,7.811611
6.0,6.1880474
6.0,8.121049
8.0,6.280975
7.0,11.553368
35.0,14.696443
8.0,17.164055
4.0,5.7925034
8.0,9.016115
9.0,11.581072
8.0,10.964901
8.0,6.1277914
6.0,8.204996
6.0,6.6301746
12.0,15.542782
12.0,20.376179
5.0,5.6841483
12.0,12.38945
12.0,8.6041975
8.0,19.847372
5.0,7.131156
7.0,11.184504
3.0,3.8820994
12.0,8.13973
4.0,5.0303426
27.0,10.341091
8.0,7.5862603
12.0,14.029291
8.0,8.199382
15.0,16.80308
15.0,26.56672
27.0,24.815397
5.0,5.8185816
8.0,7.861473
12.0,22.106037
12.0,12.666981
6.0,8.830231
7.0,7.6325526
5.0,6.136529
8.0,9.596471
5.0,4.8897376
5.0,6.338038
8.0,18.965767
23.0,28.684717
6.0,6.5924015
8.0,6.676969
6.0,6.3620014
7.0,16.379662
8.0,7.8924975
9.0,8.457149
7.0,6.537332
5.0,7.92821
12.0,8.698041
4.0,5.645256
7.0,6.8398457
8.0,7.44894
7.0,6.977482
12.0,8.381633
12.0,17.676863
6.0,7.18038
18.0,18.861647
5.0,3.6691387
8.0,6.9808817
38.0,18.894247
7.0,5.981458
7.0,6.750163
8.0,9.98883
6.0,7.0096297
12.0,6.890126
7.0,12.500653
5.0,7.090537
5.0,9.212834
5.0,6.828261
25.0,18.213512
12.0,13.033812
7.0,8.518814
8.0,8.910311
7.0,9.569096
14.0,13.182662
6.0,7.4751787
7.0,6.9573193
7.0,6.647997
8.0,20.07624
7.0,6.4789705
8.0,6.1315293
4.0,5.1274166
4.0,4.7157216
3.0,3.9797924
6.0,6.139607
7.0,13.964799
8.0,6.196746
12.0,10.349788
12.0,6.1606207
5.0,5.7593246
6.0,5.3563714
8.0,9.68489
12.0,6.5957155
9.0,8.305623
8.0,6.324541
7.0,7.290766
9.0,7.0719104
8.0,5.517014
12.0,6.9594054
15.0,11.520726
8.0,8.719428
6.0,6.5888143
25.0,19.684725
7.0,6.4397955
8.0,8.271043
7.0,5.9916854
8.0,9.06342
8.0,7.081341
9.0,7.867643
10.0,8.953897
7.0,8.952045
7.0,7.881365
7.0,5.5956755
5.0,6.3582087
9.0,13.986698
25.0,18.300272
8.0,12.538673
12.0,6.280739
6.0,8.359904
6.0,6.5624914
8.0,7.349823
15.0,17.379314
8.0,9.113458
6.0,6.6317534
14.0,32.622692
6.0,6.60872
7.0,6.453311
25.0,32.399094
18.0,20.072071
15.0,14.532458
10.0,8.679767
30.0,12.2088
8.0,7.27281
12.0,16.861116
8.0,10.569023
7.0,8.422364
5.0,6.0436583
24.0,32.552704
8.0,8.771093
8.0,11.179716
6.0,5.807092
8.0,6.8838806
8.0,11.366548
28.0,13.693407
7.0,9.115221
12.0,8.415474
6.0,7.237228
45.0,22.222736
5.0,6.0010386
6.0,7.866983
12.0,18.601856
23.0,22.422165
6.0,6.4200487
7.0,6.4599385
15.0,10.031499
14.0,10.880848
8.0,7.5439987
12.0,12.29747
25.0,20.006409
8.0,14.028938
8.0,10.590838
8.0,8.340133
29.0,34.083923
3.0,3.2374022
7.0,6.8094826
12.0,8.35082
8.0,21.529375
12.0,7.3480883
15.0,26.078438
12.0,7.2167306
8.0,8.163265
6.0,5.8229833
25.0,9.307847
5.0,6.5198946
8.0,8.11688
10.0,12.958337
7.0,7.4248195
7.0,7.7465987
8.0,8.206169
12.0,9.435495
12.0,12.7638
28.0,17.385866
8.0,9.97747
5.0,5.9104047
12.0,23.745415
6.0,6.7347507
8.0,7.2892194
7.0,9.407098
6.0,6.6561704
8.0,9.054912
8.0,6.446375
3.0,4.229916
18.0,26.072542
5.0,13.861908
8.0,10.727104
7.0,7.217199
5.0,6.5868783
7.0,6.868433
22.0,11.639921
22.0,15.173443
8.0,9.674355
6.0,7.793979
8.0,12.175534
8.0,8.07686
7.0,6.9917226
3.0,2.9671986
5.0,8.150572
6.0,7.6335506
9.0,6.1504717
32.0,22.707071
8.0,15.934397
12.0,8.645493
8.0,10.303309
8.0,9.441524
5.0,6.4742517
12.0,19.76637
8.0,7.4128766
13.0,14.486586
7.0,5.848336
9.0,7.632169
9.0,12.4904995
6.0,7.2521386
8.0,5.8351445
8.0,8.124546
8.0,18.422518
8.0,6.2859054
4.0,5.517792
7.0,7.2139597
22.0,23.262964
12.0,18.720552
6.0,5.5602207
12.0,10.075577
5.0,7.275088
12.0,15.967611
12.0,33.93454
7.0,6.07697
27.0,19.966415
4.0,9.693153
7.0,7.099074
7.0,6.590343
7.0,6.4362445
6.0,4.9990225
8.0,9.303248
8.0,8.536043
5.0,5.504267
5.0,6.14174
9.0,14.84397
10.0,6.4506373
8.0,9.589465
6.0,9.957803
12.0,7.7080317
12.0,15.140582
8.0,7.2026334
5.0,5.706114
5.0,4.0801635
6.0,6.320949
10.0,8.939741
7.0,7.505136
8.0,19.49623
7.0,5.9143624
7.0,6.546076
8.0,7.6227083
8.0,7.3339505
8.0,8.953835
8.0,10.620595
4.0,5.6365743
15.0,19.33016
6.0,6.33503
7.0,6.536919
8.0,10.090059
38.0,34.8963
7.0,8.086963
7.0,7.59615
8.0,8.440751
5.0,5.958414
6.0,7.592571
8.0,11.675245
8.0,8.641483
27.0,11.156515
5.0,5.962538
8.0,8.301296
15.0,16.308037
27.0,22.707779
7.0,6.965558
9.0,8.884371
10.0,9.06123
8.0,6.6448402
8.0,6.715086
8.0,7.4504747
8.0,6.400423
5.0,5.3585334
8.0,11.335718
7.0,6.0081816
8.0,7.294751
42.0,13.637358
8.0,11.775219
7.0,6.163048
8.0,9.95554
34.0,16.967247
7.0,9.11684
8.0,10.78151
14.0,9.035873
15.0,9.927879
10.0,11.270479
8.0,6.3407445
6.0,11.283364
6.0,6.9252725
5.0,6.1136007
4.0,5.272793
9.0,8.113454
12.0,9.450794
5.0,6.2228127
8.0,8.135985
25.0,19.432518
5.0,6.6094604
12.0,17.100998
8.0,8.485738
9.0,11.315616
5.0,6.3653255
15.0,11.290085
8.0,7.0547633
8.0,6.815728
7.0,10.873924
8.0,6.017424
7.0,6.8416657
7.0,9.072022
18.0,18.287256
8.0,12.8597555
12.0,25.003927
18.0,17.918829
7.0,7.2983336
9.0,7.902341
9.0,15.547962
12.0,14.438082
35.0,20.20309
8.0,8.48936
6.0,8.217188
8.0,7.2510133
5.0,7.0318713
5.0,5.0433636
7.0,7.557227
23.0,12.757452
12.0,10.772028
8.0,8.0818405
7.0,7.08825
3.0,5.11683
12.0,14.345948
8.0,7.4049335
14.0,15.742411
8.0,8.335405
6.0,6.913811
12.0,15.83522
8.0,9.114811
7.0,9.117385
8.0,10.550953
7.0,6.4459486
38.0,22.23049
8.0,7.286507
7.0,7.782211
5.0,6.4593925
12.0,19.903717
8.0,8.457392
24.0,13.177016
8.0,6.894133
8.0,10.77362
8.0,7.7119737
3.0,6.1103315
12.0,10.439792
7.0,7.3467464
5.0,6.714186
7.0,6.458169
6.0,6.060526
5.0,6.7156057
15.0,11.453909
9.0,11.157275
8.0,8.079284
5.0,5.14884
6.0,5.429879
14.0,12.454382
8.0,13.740814
8.0,8.199101
8.0,11.690901
7.0,9.081833
15.0,11.8978815
7.0,7.4434047
8.0,6.2687044
16.0,17.971092
9.0,11.625231
8.0,13.183235
5.0,5.858161
5.0,7.248388
7.0,7.757849
29.0,17.37982
8.0,7.3224053
27.0,32.889954
35.0,13.958326
6.0,7.14997
6.0,7.819939
8.0,7.4605637
6.0,5.109099
32.0,20.65462
9.0,7.8869095
15.0,15.666182
7.0,9.135996
5.0,5.3888154
13.0,13.944353
6.0,9.158652
8.0,9.547582
8.0,9.807085
7.0,5.8487267
5.0,7.1941404
25.0,19.602732
21.0,22.418749
6.0,6.2134795
4.0,5.5561566
15.0,7.067769
2.0,3.8356996
8.0,19.504663
8.0,7.6620736
8.0,8.264395
12.0,9.694778
5.0,5.270145
5.0,11.787416
5.0,5.22554
12.0,13.332751
35.0,18.812708
37.0,27.631357
8.0,10.011524
8.0,9.36699
9.0,6.6520386
5.0,5.933427
45.0,20.98057
6.0,6.147785
7.0,9.055608
6.0,6.498964
9.0,9.511813
14.0,21.04137
5.0,6.308104
5.0,6.3018165
5.0,5.1309605
8.0,8.834801
12.0,16.075743
7.0,6.5432973
23.0,18.057842
7.0,24.4355
7.0,6.451857
15.0,10.854945
8.0,10.411201
2.0,2.6098938
8.0,7.370123
15.0,9.965966
8.0,9.816021
5.0,5.035078
7.0,6.9554462
16.0,18.023073
7.0,10.375137
5.0,6.5247684
8.0,12.239476
7.0,7.1384487
7.0,6.993994
12.0,7.3087783
6.0,5.476089
7.0,5.820966
6.0,7.042552
24.0,17.988691
7.0,11.964913
8.0,8.2212
7.0,6.326197
8.0,6.7970166
24.0,25.747282
12.0,32.367577
28.0,31.6106
8.0,9.688368
6.0,8.164949
3.0,8.417005
8.0,7.7659354
14.0,17.336115
7.0,8.019057
7.0,6.249811
8.0,7.3850274
8.0,8.168367
15.0,11.486686
38.0,25.739601
8.0,13.32932
12.0,15.37786
8.0,7.818402
37.0,17.712173
35.0,26.236782
8.0,6.880118
8.0,8.883628
8.0,10.515561
8.0,7.310711
14.0,13.415374
12.0,13.614887
7.0,7.5474987
6.0,6.3897815
8.0,7.7805305
6.0,6.753923
12.0,10.8986845
5.0,7.6776886
8.0,15.633455
21.0,21.948816
22.0,18.543194
6.0,7.0815015
7.0,6.8395896
7.0,5.1525893
8.0,7.5713344
15.0,8.486627
5.0,5.7985945
8.0,10.128929
30.0,18.034039
7.0,7.1012287
7.0,5.706962
8.0,7.7052593
7.0,6.4549003
9.0,8.552239
7.0,10.346596
7.0,11.232719
8.0,5.830525
8.0,9.7618475
8.0,8.476704
7.0,6.325319
32.0,15.899563
9.0,8.840743
8.0,7.397653
12.0,10.434509
7.0,10.294986
5.0,5.2324896
15.0,12.10786
8.0,9.675023
12.0,6.4317665
8.0,8.664313
12.0,12.029618
4.0,4.6604066
8.0,7.052739
8.0,20.80171
8.0,8.057495
15.0,10.894921
7.0,8.540417
24.0,20.717857
6.0,6.119479
9.0,7.9480653
7.0,6.8117943
12.0,13.530359
7.0,6.556018
8.0,9.47202
6.0,6.8914733
25.0,11.477707
6.0,5.9920135
15.0,11.0618
7.0,7.809736
8.0,7.404387
8.0,9.185513
8.0,7.458719
8.0,7.383849
7.0,9.230765
8.0,7.278121
6.0,7.269409
9.0,9.020144
7.0,10.98427
8.0,15.51946
7.0,6.990895
6.0,6.3344555
8.0,7.236719
15.0,16.41705
12.0,10.664962
12.0,6.8817196
8.0,7.844202
12.0,9.501546
14.0,21.662722
8.0,7.4047093
5.0,6.2249174
8.0,8.764468
25.0,23.330933
8.0,6.615938
12.0,7.5125914
7.0,6.7762856
5.0,6.1500425
12.0,12.301135
6.0,6.798316
5.0,6.5700073
12.0,7.7137823
12.0,7.374421
8.0,9.698876
5.0,12.266559
6.0,7.037582
7.0,7.3743596
7.0,9.311468
12.0,16.263733
32.0,24.926208
9.0,8.558052
10.0,7.133057
5.0,6.0974207
7.0,5.6716547
6.0,7.423421
9.0,11.384093
8.0,7.239424
35.0,16.167114
7.0,7.776983
5.0,5.5807714
12.0,8.055492
15.0,18.974083
6.0,6.3679595
8.0,12.398022
6.0,6.7869687
12.0,12.251146
5.0,5.8187933
8.0,20.154713
12.0,29.457024
6.0,6.169531
12.0,11.278957
7.0,6.570717
8.0,16.199596
8.0,7.3498707
8.0,12.098913
7.0,6.4041924
8.0,6.5439453
7.0,14.225805
5.0,5.7939715
4.0,5.1040244
15.0,12.447085
18.0,13.357603
12.0,11.069746
12.0,12.292219
10.0,8.5072155
15.0,14.599447
5.0,6.9506464
22.0,18.091019
5.0,5.822873
8.0,9.742929
7.0,5.1001325
8.0,6.900093
4.0,5.322176
12.0,7.658011
8.0,7.8711305
28.0,18.910017
8.0,6.242137
2.0,3.9699974
6.0,7.07405
5.0,5.5990915
8.0,11.585038
7.0,6.218895
9.0,10.703948
12.0,10.363518
7.0,7.0691247
12.0,12.921008
12.0,14.325529
7.0,8.956535
7.0,7.523513
7.0,7.1392393
6.0,7.2244663
9.0,11.820709
7.0,7.21458
8.0,16.775028
5.0,6.0694156
5.0,9.236266
7.0,5.785686
8.0,11.503509
6.0,6.2414474
5.0,5.067513
8.0,8.680479
6.0,6.4639544
27.0,23.765379
7.0,7.6330285
8.0,7.3070035
5.0,4.9564476
4.0,5.004638
9.0,13.271159
6.0,6.604742
7.0,7.3163223
12.0,10.050914
23.0,22.919716
8.0,8.488832
6.0,7.440328
8.0,7.182032
23.0,14.34621
6.0,11.573635
25.0,19.40596
4.0,5.58368
12.0,29.45158
12.0,7.775543
5.0,14.964829
5.0,4.7218633
5.0,6.8534317
6.0,6.5986476
5.0,7.168497
7.0,6.5887
9.0,8.921319
6.0,7.864787
8.0,11.922662
12.0,10.015162
30.0,18.589123
12.0,11.53277
8.0,8.084717
6.0,6.9610896
12.0,8.81666
12.0,27.386602
15.0,11.322155
8.0,10.648602
5.0,6.1251473
7.0,7.2524424
12.0,13.191732
24.0,26.485561
8.0,11.370705
8.0,8.266114
8.0,15.380163
12.0,19.100254
7.0,6.9668508
6.0,7.1271515
8.0,6.904102
8.0,12.507624
8.0,7.7965007
12.0,21.715057
6.0,6.2214565
8.0,11.180538
6.0,5.9156704
8.0,7.8197865
7.0,8.004666
15.0,15.093668
12.0,12.219087
6.0,6.5199986
5.0,6.8845162
5.0,7.2067733
7.0,19.285755
8.0,10.551956
9.0,8.818677
5.0,6.3667426
5.0,6.0205617
9.0,8.826784
8.0,9.075641
26.0,13.743547
8.0,7.7026215
8.0,6.3366065
5.0,7.399086
7.0,6.547188
8.0,11.216935
8.0,8.358372
9.0,11.533349
8.0,7.3034425
8.0,7.7036138
8.0,7.4869676
5.0,5.348947
12.0,13.491121
6.0,7.332351
15.0,11.262873
35.0,24.218494
5.0,4.37815
7.0,19.346333
42.0,16.43067
9.0,10.073787
12.0,8.835487
12.0,9.890056
8.0,8.779788
12.0,13.379853
8.0,7.430833
8.0,8.53604
21.0,26.318586
9.0,7.6326504
25.0,21.13029
6.0,6.4571834
9.0,13.228755
7.0,8.134737
12.0,13.692446
23.0,18.594677
4.0,4.913119
44.0,20.116098
6.0,6.849607
7.0,7.9916177
7.0,12.987509
8.0,21.700485
6.0,8.001862
12.0,7.5385356
7.0,7.238693
8.0,7.681516
27.0,19.7878
8.0,8.085493
9.0,9.318744
8.0,7.9179316
6.0,6.2691617
5.0,5.5395045
8.0,7.6093254
8.0,8.580173
12.0,14.748111
7.0,7.9444437
5.0,5.886287
7.0,7.400479
7.0,7.8635745
7.0,7.8133454
12.0,17.946426
7.0,7.186455
12.0,16.567472
6.0,6.0472355
8.0,7.9348693
5.0,4.924011
6.0,7.182961
7.0,9.00563
8.0,10.760061
8.0,9.4647665
8.0,7.5771494
6.0,7.3453965
5.0,6.1780806
8.0,8.99331
15.0,17.481028
5.0,6.3965592
3.0,4.7627378
7.0,7.3687496
9.0,8.63983
15.0,8.9308405
7.0,7.200532
8.0,7.122192
12.0,9.309769
4.0,5.3270082
5.0,7.005378
6.0,6.7243247
12.0,11.32942
12.0,13.210007
8.0,16.239574
8.0,9.003931
5.0,5.0353866
25.0,15.803733
12.0,17.314333
5.0,11.231596
10.0,18.920158
6.0,7.627153
5.0,5.244642
10.0,12.696654
8.0,7.208203
8.0,6.86115
42.0,31.86444
8.0,11.721672
12.0,7.6419754
5.0,6.813529
5.0,4.1818943
8.0,7.400583
29.0,21.101019
5.0,6.0367312
8.0,12.569517
8.0,8.798499
45.0,28.161955
8.0,14.553502
6.0,5.5553885
9.0,8.494781
8.0,6.9774027
8.0,8.934491
8.0,18.560081
8.0,7.6432343
7.0,7.661389
7.0,7.0529733
12.0,17.209114
18.0,10.698079
8.0,7.2205415
7.0,8.670153
12.0,15.617536
8.0,8.017723
6.0,7.2093105
8.0,7.503705
17.0,18.984747
5.0,5.573571
8.0,8.999563
8.0,11.307096
9.0,12.667376
12.0,14.567337
4.0,6.0746603
15.0,11.292569
6.0,5.419936
9.0,7.038646
36.0,18.977797
8.0,10.605506
5.0,6.081944
8.0,7.883267
4.0,5.896024
12.0,13.07026
25.0,24.424915
5.0,7.4133596
8.0,5.324946
45.0,26.558985
12.0,8.726415
8.0,8.504135
6.0,4.5009985
5.0,5.9070926
8.0,6.131354
22.0,15.73148
7.0,5.836078
5.0,6.9202566
12.0,8.067334
12.0,18.359436
15.0,11.012421
4.0,6.50769
12.0,14.868385
12.0,14.371657
7.0,6.447054
6.0,7.059827
18.0,19.527472
7.0,7.817965
8.0,6.786591
15.0,10.874413
8.0,8.490843
7.0,9.387848
12.0,7.911396
8.0,17.91755
5.0,5.828163
6.0,6.445335
5.0,6.622291
8.0,9.374676
6.0,5.5538273
12.0,9.051761
5.0,5.567506
7.0,7.523381
8.0,9.145463
12.0,8.501888
8.0,12.169395
8.0,6.3408074
7.0,8.889134
8.0,8.767951
8.0,7.2411423
10.0,9.182748
7.0,7.2677526
8.0,6.5200768
7.0,6.5084577
8.0,5.7943797
8.0,7.846079
6.0,7.4029183
8.0,8.836433
6.0,6.333425
27.0,12.627489
5.0,8.045638
12.0,11.754887
5.0,5.2043667
7.0,6.762307
5.0,6.866504
30.0,28.956911
5.0,6.311779
22.0,13.74831
7.0,6.3221145
6.0,6.136521
7.0,7.580392
12.0,7.908577
8.0,7.8865
8.0,7.4423285
7.0,7.3994465
8.0,7.191073
8.0,7.7918525
22.0,21.861855
6.0,7.1769795
12.0,10.320504
7.0,7.191552
24.0,8.884285
8.0,14.305302
15.0,16.841211
35.0,26.850693
8.0,7.2710648
15.0,16.420225
5.0,6.488215
7.0,6.626418
8.0,16.302744
12.0,9.205399
5.0,4.794778
8.0,14.714147
8.0,6.3471894
23.0,26.195429
7.0,6.8195953
18.0,11.90626
7.0,6.6371117
12.0,17.617416
8.0,7.369472
3.0,5.3939266
38.0,19.264732
8.0,6.272288
8.0,12.410896
18.0,18.783209
6.0,6.2824507
9.0,8.710276
5.0,5.521727
24.0,20.871157
8.0,8.845284
7.0,6.2822137
8.0,14.745785
9.0,10.151285
8.0,8.298984
8.0,15.248935
8.0,8.926558
8.0,7.1925316
7.0,7.911971
3.0,4.794857
9.0,12.894212
6.0,7.093316
42.0,25.777395
4.0,5.167691
8.0,9.240122
7.0,7.3078523
27.0,24.724735
8.0,5.596907
8.0,11.024094
28.0,24.393171
8.0,7.828198
5.0,4.9079466
7.0,8.954946
6.0,7.1556797
5.0,5.837345
6.0,6.409433
7.0,6.590682
10.0,8.025359
5.0,6.5312204
12.0,12.362165
6.0,4.979531
9.0,13.732775
7.0,6.2414546
8.0,10.334935
7.0,6.388128
7.0,6.500286
8.0,5.7486076
5.0,6.555723
7.0,8.689356
8.0,9.719873
8.0,8.972973
8.0,7.270279
6.0,6.61599
7.0,13.980503
7.0,7.4908085
12.0,10.409624
8.0,12.945637
12.0,21.696821
6.0,5.4811845
8.0,8.558906
8.0,7.3996305
8.0,8.940645
7.0,9.439298
7.0,6.260038
7.0,28.33461
10.0,9.30199
12.0,17.948578
6.0,6.07923
8.0,7.3377523
5.0,6.747408
5.0,5.8617587
8.0,8.325484
45.0,28.542294
8.0,9.280972
15.0,19.10586
38.0,24.908422
7.0,5.0130515
7.0,10.15327
25.0,15.042498
6.0,6.4522605
8.0,7.4162173
8.0,8.183869
8.0,9.044949
6.0,5.952805
8.0,8.221525
7.0,6.91123
7.0,11.199484
8.0,7.577941
12.0,8.49633
12.0,15.592628
14.0,14.506995
8.0,10.645265
42.0,17.836842
8.0,8.0713005
12.0,19.61335
6.0,6.022311
8.0,7.61465
6.0,7.0468946
7.0,7.31702
5.0,8.092464
8.0,7.664329
7.0,8.785994
22.0,26.728956
9.0,12.412216
8.0,9.906192
12.0,9.244902
5.0,6.2925453
15.0,19.658937
15.0,8.77252
8.0,21.613783
12.0,10.700875
5.0,5.241164
9.0,22.8357
8.0,7.8098674
7.0,7.5480943
25.0,25.611712
15.0,21.61104
8.0,9.064522
9.0,8.33948
7.0,8.837614
8.0,9.785089
8.0,9.048991
5.0,6.752467
15.0,21.271402
7.0,8.128498
7.0,7.9755735
5.0,9.459555
8.0,8.925101
5.0,6.407597
8.0,5.946749
12.0,17.069176
22.0,10.90609
5.0,6.3946443
8.0,6.072443
8.0,8.741377
8.0,8.61361
7.0,7.796165
8.0,11.192914
9.0,10.254376
8.0,9.798061
7.0,6.8498583
16.0,20.620644
5.0,4.9695168
5.0,6.118384
6.0,7.0288067
7.0,6.666961
7.0,9.10277
12.0,16.354578
12.0,9.851506
9.0,9.441256
20.0,14.217866
8.0,8.056939
8.0,7.1565666
5.0,10.121426
7.0,7.4777246
8.0,9.424249
8.0,8.135037
5.0,7.6401834
12.0,10.745152
5.0,5.794461
5.0,6.0474157
5.0,5.7813597
8.0,12.455483
12.0,11.587011
5.0,5.37962
12.0,13.1126995
10.0,9.530306
7.0,11.19547
5.0,4.6375566
8.0,8.108701
6.0,6.4011683
5.0,5.895433
14.0,25.249247
7.0,7.290386
8.0,9.29325
12.0,18.622719
7.0,5.8850994
12.0,14.951422
12.0,8.827108
5.0,6.921449
9.0,10.999944
34.0,20.380596
25.0,19.450045
7.0,9.170869
8.0,15.668695
15.0,17.74938
35.0,28.480934
7.0,6.5477586
5.0,5.8114285
5.0,4.290678
7.0,7.123013
7.0,5.6601286
15.0,13.851566
7.0,7.029037
8.0,8.427136
8.0,10.358441
8.0,7.249975
16.0,11.208254
4.0,5.6426024
8.0,8.33284
8.0,7.301842
12.0,8.086677
8.0,6.914776
3.0,3.6312754
12.0,14.73868
6.0,7.41994
6.0,9.124918
8.0,7.5429125
5.0,5.622996
7.0,7.5962214
6.0,6.6905603
4.0,4.863097
8.0,12.505603
20.0,8.83046
5.0,6.411762
5.0,6.748257
6.0,6.2748384
8.0,5.6759086
24.0,19.30635
7.0,7.3967557
25.0,11.417917
12.0,10.595202
8.0,6.503355
12.0,20.552206
9.0,7.615781
7.0,6.8725696
22.0,22.396173
5.0,4.2032146
15.0,9.69479
6.0,5.959599
8.0,12.842513
38.0,29.828451
6.0,7.2541842
8.0,7.462969
9.0,8.499188
12.0,11.527765
7.0,6.8645606
8.0,17.724838
45.0,18.942125
7.0,4.8409696
6.0,6.9640493
8.0,8.982287
12.0,20.315775
9.0,16.49338
15.0,15.084021
8.0,11.280544
7.0,9.3069935
7.0,8.033114
15.0,8.516268
32.0,17.793306
18.0,16.399214
8.0,18.463068
6.0,5.746437
8.0,7.3206153
10.0,8.993315
7.0,9.619363
12.0,16.632788
8.0,6.1575875
8.0,9.118702
12.0,9.256961
5.0,7.359149
7.0,10.299958
7.0,7.660547
8.0,7.231018
8.0,7.622029
8.0,19.184755
12.0,13.57646
25.0,13.849522
8.0,7.797915
8.0,10.41128
12.0,20.063656
24.0,16.298506
8.0,6.959421
5.0,6.1351852
12.0,14.545349
35.0,21.351545
12.0,15.193418
8.0,6.9205585
12.0,19.810877
6.0,6.827959
37.0,24.960852
25.0,10.038434
8.0,8.233703
8.0,12.531414
6.0,10.171155
5.0,6.94356
14.0,9.610122
8.0,7.900766
7.0,6.4548063
8.0,7.183629
6.0,7.3075833
8.0,8.000024
34.0,23.875986
7.0,6.6947737
4.0,5.710253
7.0,9.129266
12.0,7.44052
8.0,8.013841
27.0,19.713894
8.0,25.042002
8.0,7.702874
15.0,13.416627
6.0,6.3928638
6.0,6.625622
10.0,10.259507
14.0,14.423902
6.0,7.141942
6.0,6.859142
5.0,8.274155
5.0,7.330301
8.0,7.715131
12.0,9.44087
5.0,5.699473
12.0,8.447585
8.0,20.08977
8.0,12.795141
8.0,8.249723
35.0,25.673498
8.0,19.517904
12.0,21.309277
12.0,8.755457
16.0,12.899157
11.0,14.231031
18.0,16.154469
8.0,17.269491
7.0,8.86101
27.0,15.927183
7.0,9.094673
8.0,6.4454355
8.0,9.950321
5.0,5.366106
7.0,8.022309
9.0,13.900949
8.0,7.4669304
8.0,8.099826
8.0,10.674411
6.0,12.966114
12.0,21.077135
8.0,9.291786
8.0,9.864187
18.0,16.890453
12.0,9.616545
8.0,7.9147015
8.0,7.1909013
8.0,7.304374
24.0,17.369223
7.0,11.276689
7.0,9.883694
8.0,12.005707
7.0,9.736916
2.0,3.3545282
7.0,6.301969
8.0,7.058284
12.0,8.242179
8.0,6.532184
12.0,7.035308
7.0,11.178014
7.0,8.87101
7.0,8.135418
3.0,4.7840548
7.0,8.767563
6.0,7.5446696
8.0,11.00973
5.0,6.169345
5.0,5.52075
15.0,8.243287
6.0,5.988835
5.0,6.3960752
8.0,9.702029
12.0,21.782412
8.0,8.523172
15.0,14.780993
5.0,4.955017
12.0,11.841033
15.0,13.225974
8.0,9.448615
8.0,7.7529564
5.0,9.838034
7.0,15.906349
8.0,7.650955
9.0,8.125119
8.0,7.9122076
24.0,25.968212
8.0,10.864249
10.0,7.1358814
5.0,8.058949
9.0,12.058283
5.0,5.3660975
7.0,6.4187193
8.0,6.9656644
9.0,20.769985
5.0,3.9149482
8.0,8.027043
7.0,8.714053
7.0,8.142286
8.0,6.2907133
8.0,8.221204
22.0,13.592738
7.0,7.0306954
15.0,16.649853
12.0,6.9518247
7.0,12.961979
7.0,6.797792
8.0,8.024106
8.0,9.938978
6.0,6.8904667
7.0,10.751784
12.0,11.213348
5.0,6.947201
19.0,20.272123
7.0,6.530291
6.0,7.407948
14.0,14.083286
23.0,14.4556675
7.0,8.003521
12.0,19.326746
4.0,6.2295294
12.0,15.931204
6.0,6.389445
12.0,7.2906427
8.0,8.384173
12.0,7.9706173
12.0,8.832099
7.0,11.4474125
8.0,7.8543644
6.0,6.4200544
7.0,6.588178
15.0,24.021532
38.0,23.245754
9.0,16.13991
5.0,6.1873736
9.0,11.762537
6.0,5.4363627
15.0,21.805225
35.0,23.034006
8.0,7.462257
12.0,11.3314495
7.0,19.408463
6.0,7.758743
8.0,16.940334
8.0,5.6888824
8.0,7.7076726
7.0,6.96464
5.0,5.5061455
8.0,8.415525
5.0,5.1818557
5.0,5.960594
5.0,5.6170506
8.0,6.7124596
12.0,12.76107
7.0,7.8283563
8.0,20.566557
18.0,11.562942
12.0,7.631954
9.0,7.976526
8.0,7.288489
7.0,8.771162
5.0,5.1980133
5.0,4.929498
5.0,6.433105
5.0,8.192225
7.0,8.297315
6.0,7.5346456
5.0,6.2982516
8.0,7.664506
12.0,9.06156
6.0,7.5546484
5.0,8.14465
7.0,8.225727
8.0,7.3779573
8.0,7.952621
5.0,6.1977806
6.0,6.2314916
5.0,6.1754875
7.0,9.070433
12.0,12.015578
35.0,18.52254
6.0,9.156149
12.0,10.248497
8.0,7.920169
5.0,5.581294
8.0,9.290502
13.0,13.116874
12.0,6.3785014
7.0,10.39912
6.0,7.057445
6.0,5.524379
12.0,12.830938
8.0,7.3276973
22.0,11.36237
8.0,6.946625
14.0,9.664364
18.0,14.550178
24.0,17.051954
8.0,14.968816
9.0,9.585862
9.0,8.447002
12.0,18.613834
6.0,7.133719
6.0,6.4698343
23.0,17.453268
8.0,11.571264
7.0,12.87676
6.0,5.614526
8.0,21.518324
12.0,9.751693
18.0,18.604013
7.0,7.859717
15.0,15.1807785
7.0,7.0661144
5.0,4.548473
12.0,23.95099
6.0,9.397669
8.0,10.513656
13.0,15.336838
12.0,13.26097
7.0,12.737259
4.0,4.5177884
12.0,22.14871
22.0,16.087997
6.0,6.260979
8.0,7.9278927
7.0,7.53655
12.0,13.949577
6.0,6.3419156
7.0,8.325043
6.0,6.601286
5.0,5.6229277
12.0,23.314344
8.0,7.533213
9.0,8.306514
5.0,5.5623846
8.0,6.558248
20.0,15.565553
8.0,13.462034
5.0,6.227411
5.0,4.970725
9.0,6.838578
7.0,7.896573
6.0,7.0060563
3.0,9.963824
6.0,4.728961
5.0,7.131613
15.0,18.941824
7.0,5.9366565
7.0,7.132989
8.0,9.118601
12.0,7.350908
4.0,5.8115387
9.0,6.57879
10.0,8.635358
15.0,9.67022
7.0,7.4137974
12.0,7.8732576
8.0,7.418399
15.0,22.0098
7.0,6.7521276
6.0,5.65897
12.0,9.165726
8.0,9.896091
15.0,13.309997
6.0,5.9489326
5.0,5.933028
7.0,7.490037
15.0,18.72627
8.0,7.2736654
4.0,5.612739
9.0,14.382822
8.0,14.839397
8.0,9.005886
28.0,21.262482
12.0,12.019219
6.0,7.179035
35.0,23.114079
7.0,7.349772
7.0,6.1091914
15.0,7.9884715
12.0,12.207424
7.0,6.1835947
5.0,7.172511
12.0,10.105411
8.0,17.356134
8.0,6.197321
6.0,5.8884883
5.0,6.6306725
10.0,8.33341
5.0,8.914274
12.0,9.027614
7.0,7.2331853
7.0,7.524552
6.0,5.016837
8.0,10.125623
8.0,6.0678453
12.0,7.824327
6.0,6.4645214
9.0,8.79398
10.0,9.347273
5.0,6.4815054
23.0,21.733162
5.0,7.0683837
12.0,13.884046
22.0,20.821764
12.0,13.897856
18.0,16.57309
8.0,6.290067
8.0,7.9483137
5.0,5.92759
7.0,10.310884
5.0,6.4154844
8.0,8.857493
8.0,10.489628
12.0,13.242091
25.0,16.917969
5.0,6.67935
29.0,11.269985
6.0,5.9791336
18.0,23.30211
23.0,25.453579
5.0,9.533386
17.0,22.706854
8.0,7.357718
6.0,6.9391084
12.0,14.278801
23.0,13.858118
3.0,4.4025846
15.0,11.975575
8.0,7.7027845
12.0,10.221553
5.0,5.2948647
8.0,12.743833
6.0,5.903479
5.0,6.3475237
8.0,12.5960455
28.0,18.562056
7.0,15.890928
15.0,21.781599
7.0,9.665613
7.0,9.909706
8.0,6.97595
12.0,9.386911
7.0,10.623474
12.0,9.402219
15.0,5.6136413
8.0,9.390057
12.0,8.995444
8.0,6.537081
8.0,6.747071
6.0,6.3205
24.0,17.494955
7.0,6.7478533
8.0,10.484062
8.0,8.691218
7.0,6.753094
5.0,5.5991106
8.0,7.4452095
12.0,6.933229
8.0,5.5543094
12.0,16.214273
10.0,7.1944013
25.0,21.482613
3.0,5.042656
9.0,6.8502393
5.0,5.189145
2.0,3.6017742
15.0,14.253324
8.0,15.588906
12.0,8.833031
7.0,7.105012
8.0,13.010488
15.0,21.813162
12.0,19.49293
7.0,5.8561687
8.0,6.307704
6.0,5.8690553
7.0,7.261507
7.0,6.2850027
8.0,4.8311734
6.0,6.652895
5.0,5.4912186
8.0,9.156853
6.0,6.3944845
15.0,13.232275
22.0,9.0352745
12.0,13.047436
8.0,11.176744
6.0,5.344534
8.0,9.665452
7.0,5.4999595
6.0,6.270196
7.0,7.63544
12.0,14.614239
6.0,5.4016085
9.0,12.150948
9.0,9.713974
13.0,12.739033
8.0,6.8265953
10.0,8.344698
10.0,9.920787
8.0,16.559124
7.0,11.498869
12.0,20.822084
5.0,5.0516205
8.0,14.239158
8.0,10.65971
8.0,8.669031
9.0,13.074646
15.0,24.744205
