y_true,y_pred
5.0,6.586748
8.0,8.373747
7.3333335,7.6878757
8.333333,8.044387
6.4,11.109917
4.733333,5.2393494
17.5,17.48996
6.3333335,6.9364815
5.6666665,7.1072516
6.6666665,7.2874236
4.3333335,4.77842
4.6666665,5.456899
18.833334,14.217155
9.666667,11.272903
5.0,6.5366235
4.5,6.2471514
7.3333335,8.602916
7.3333335,7.7873063
2.7333333,3.981189
13.666667,11.731153
3.6733334,3.8985472
6.0666666,6.423819
5.8333335,7.144611
16.0,15.468633
7.6666665,8.190857
15.166667,16.653938
3.6666667,4.6953945
4.0,4.901296
11.833333,12.451309
10.833333,10.734974
10.4,10.898303
9.166667,7.633892
12.0,11.246834
10.666667,9.258335
6.733333,8.305928
4.733333,5.6853657
16.166666,16.6641
9.333333,8.802642
8.5,8.605537
6.0,6.2859697
8.333333,7.8255334
7.5,10.320784
14.166667,11.458607
13.666667,10.407165
4.3333335,4.154319
5.0,6.0196815
10.666667,13.0938015
13.833333,14.528216
8.166667,12.679688
6.733333,9.3215275
4.6666665,5.174878
5.3333335,6.386322
4.3333335,4.8387566
10.166667,11.071484
9.166667,7.2892175
9.333333,8.110626
2.7333333,4.0771117
9.0,7.958191
7.3333335,8.244877
8.166667,17.054693
9.666667,8.643778
8.666667,9.406232
10.5,8.279265
6.5,9.226347
8.833333,8.773513
6.3333335,7.256734
6.8333335,7.4990196
2.3333333,4.912824
12.166667,13.324357
5.1666665,6.13771
4.3333335,6.8931904
7.0,7.9588003
2.8333333,3.5327013
7.3333335,5.5468874
5.6666665,7.160607
6.0,6.0363135
10.666667,9.768425
5.1666665,5.1998825
10.833333,10.244009
15.166667,15.922644
10.666667,12.036004
3.3333333,3.4529405
9.5,9.116388
6.0,8.241294
4.4,6.633574
10.766666,13.920741
10.4,8.804245
5.8333335,7.6078434
4.6666665,5.215139
10.833333,14.267447
18.4,19.415182
5.3333335,6.5052342
11.666667,10.413537
11.666667,11.195591
11.666667,9.910644
9.333333,7.0600977
4.0,4.6864734
11.5,13.720411
4.6666665,4.172022
21.833334,14.107238
7.0,8.993024
4.5,5.301837
5.6666665,7.3980665
3.7333333,5.159914
1.6666666,2.392051
4.6666665,7.9140444
1.6666666,2.3322206
9.0,10.862161
9.333333,10.274511
5.6666665,5.9187393
15.666667,9.340122
5.0,4.7593822
9.333333,10.495853
5.5,7.384674
13.666667,11.784459
11.733334,12.595827
7.8333335,7.3740363
5.6666665,7.2058735
7.6666665,6.068406
10.5,10.940015
6.9,10.171884
6.5,7.8486037
11.5,11.656981
17.066668,14.393385
6.6666665,7.7628517
11.666667,8.206011
4.4,5.535737
5.0666666,7.022269
11.0,13.3207
4.3333335,5.764911
9.0,8.147704
9.333333,9.9739895
8.4,7.3108363
3.1666667,4.1252546
7.1666665,7.142901
5.0,6.1026535
3.0666666,2.9406745
14.1,15.667278
3.3333333,3.9978678
8.0,6.8531346
18.066668,18.347221
3.8333333,4.764124
4.6666665,5.2848725
3.8333333,4.395255
6.3333335,5.8119774
10.666667,16.85314
11.066667,10.511133
3.8333333,5.1992426
5.6666665,6.110648
8.833333,7.070156
7.8333335,7.5312448
5.6666665,6.9934793
6.3333335,6.9128957
10.833333,15.021961
8.0,6.711493
4.3333335,4.5134854
9.333333,9.082883
7.0666666,9.298708
10.0,8.868353
10.833333,11.118408
6.1666665,6.825202
7.0,8.228666
14.166667,13.1261425
4.3333335,4.7196445
10.4,9.370073
6.3333335,8.480282
11.166667,14.007192
19.333334,12.411324
9.333333,9.171741
7.6666665,8.192539
5.3333335,6.7376714
5.6666665,6.847895
11.4,13.734656
4.1666665,5.5803666
13.5,16.446262
7.0,7.3903403
11.733334,17.84106
4.35,8.906677
8.0,9.144974
9.333333,8.827414
10.666667,13.101079
6.0,7.3245397
9.333333,12.482701
9.333333,10.654524
9.066667,13.909555
6.0666666,6.48245
7.1666665,8.652564
4.3333335,4.492964
13.666667,9.080159
5.3333335,5.624854
11.666667,10.57384
2.1666667,4.37634
5.6666665,5.8062963
6.6666665,7.197078
3.3333333,3.8196068
2.3433332,3.5591836
4.0,4.743277
13.833333,16.2337
8.333333,7.156221
7.6666665,7.927693
6.0,7.5666904
5.3333335,7.165692
8.166667,10.50849
11.666667,13.260099
22.733334,15.807396
5.6666665,5.9112997
9.5,9.172049
4.0,5.1003366
14.733334,14.909119
18.5,14.394814
5.0,4.906995
4.8333335,6.2842374
12.833333,11.923072
10.0,7.9013405
3.3333333,3.702768
9.0,7.287317
6.3333335,7.922534
12.833333,10.993015
4.6666665,4.535255
7.8333335,8.614584
14.5,12.746102
7.3333335,7.38705
4.1666665,5.678835
10.833333,12.789247
2.35,2.0728443
7.0,8.063219
8.166667,7.496348
9.166667,11.609607
2.8333333,3.5866594
3.3333333,3.844579
6.1666665,7.427818
1.6666666,1.4324367
9.333333,7.9945893
2.7333333,4.0481877
15.066667,13.49761
6.3333335,6.284441
10.833333,12.485854
8.0,10.290799
7.6666665,8.254421
7.0,8.885524
4.0,4.6079936
4.3333335,5.847092
11.9,12.2404375
3.6666667,3.7223732
6.0,7.4056644
10.833333,11.980344
5.1666665,6.789608
10.833333,11.888949
9.0,8.57161
6.3333335,7.0254135
6.6666665,7.546626
4.0,5.5214877
8.0,7.8520575
9.5,9.617118
10.833333,15.208919
8.5,7.2660685
11.733334,9.391575
5.1666665,4.061256
7.0,8.100241
9.5,10.929196
5.5,6.6730123
8.733334,10.813737
5.3333335,6.503263
14.166667,10.516866
4.6666665,6.608356
23.666666,14.972647
5.6666665,7.103953
16.066668,11.416256
5.8333335,7.6311707
13.0,8.163014
4.6666665,5.859262
8.833333,8.7705965
4.3333335,6.5963817
9.666667,10.214902
6.0,8.380599
11.733334,16.087498
7.3333335,7.58857
7.0,6.9567924
3.0,4.3855677
4.5,5.4438
7.3333335,10.843997
12.0,12.058765
9.4,6.1407537
9.333333,9.939669
10.833333,13.657126
5.3333335,5.968291
5.5,6.503387
12.666667,16.863293
10.666667,8.141636
9.5,8.448062
4.5,6.0484548
7.5,9.079821
8.333333,8.029123
5.6666665,7.1448402
5.3333335,6.5913243
3.3333333,3.89967
10.666667,9.376199
9.333333,8.365678
5.1666665,4.6770573
5.3333335,5.5025744
4.6666665,5.1438594
9.833333,11.8457
10.666667,10.71061
9.833333,8.690517
11.5,11.750829
9.766666,13.02486
7.1666665,9.271865
4.6666665,5.5024505
5.8333335,6.886394
6.3333335,7.8870163
6.3333335,6.883273
4.1666665,6.199645
5.3333335,6.6735697
9.5,11.686616
7.733333,10.782775
5.3333335,6.483063
4.0,4.5752587
2.8333333,4.384148
8.0,6.979827
10.266666,13.830477
4.6666665,5.210984
6.6666665,7.6868057
9.0,6.0512385
9.833333,9.445037
4.0,5.34349
2.6666667,3.3313575
9.833333,8.158249
15.833333,16.174046
15.166667,10.827089
4.6666665,5.708695
8.6,10.21387
10.833333,10.721919
7.733333,12.760842
4.0666666,5.714218
8.0,7.7271085
6.3333335,7.865617
7.8333335,11.4967575
5.6666665,7.171683
5.0,5.826615
10.4,9.041156
9.6,10.873566
10.733334,13.861048
5.0666666,7.374978
12.833333,10.798024
9.833333,9.547512
7.4,8.233382
8.166667,13.248865
5.0,6.284069
16.5,12.568116
4.6666665,7.0305324
9.166667,9.546374
17.5,14.507089
9.333333,12.219228
6.0,7.4685373
5.0,6.101666
9.5,14.709333
6.733333,4.316341
7.733333,12.906632
6.3333335,5.457171
17.066668,15.631334
10.833333,9.090116
3.7333333,4.89666
11.833333,15.2423725
7.4,8.559708
16.833334,13.050814
6.3333335,6.9340906
5.5,6.4961057
8.166667,10.748435
23.933332,25.517338
7.6666665,9.873371
11.666667,13.175848
6.733333,8.092891
7.4,7.667994
2.5,3.3236723
9.5,10.089965
9.5,9.644857
8.5,11.205179
7.8333335,7.816718
8.0,10.635693
6.6666665,6.522824
4.3333335,5.6014285
9.5,10.044154
5.1666665,6.2860694
6.0,6.2432704
5.3333335,6.6165338
2.3333333,2.2796466
6.6666665,5.425013
3.6666667,4.019721
12.166667,10.369603
4.0,4.5652785
3.0,3.4661655
7.0,7.319853
5.3333335,6.390744
17.333334,13.954919
6.0666666,6.7165704
11.066667,14.684995
5.3333335,5.1583734
5.6666665,6.8337555
5.0,5.2653065
4.5,5.6972337
6.0,9.123262
10.666667,10.440641
7.0,8.047052
8.666667,6.9549575
6.5,7.86353
6.1666665,6.9821978
6.3333335,7.0960665
20.166666,15.111604
7.0666666,8.294959
9.333333,11.95818
8.0,11.750313
7.3333335,8.202243
8.166667,9.283773
9.333333,10.948808
5.0,6.004991
3.7333333,5.0029383
8.666667,7.795036
7.4,9.775039
5.0,6.588153
4.0,4.8263
4.733333,7.2678246
6.6666665,5.1542945
10.833333,13.730135
9.166667,10.5574
10.833333,14.43307
15.833333,13.444069
2.0033333,4.2037206
4.3333335,6.048807
18.333334,16.5099
7.6666665,9.13451
15.166667,15.683847
9.166667,11.580654
20.833334,15.443498
8.066667,8.272198
4.6666665,5.846997
8.0,8.092741
7.6666665,6.788736
5.1666665,7.0299654
8.0,8.269593
8.0,6.636808
4.0,4.265812
9.5,9.687172
7.5,8.112115
5.0,5.7817082
4.6666665,5.091939
4.8333335,6.8225784
8.666667,7.1545997
8.0,6.6901765
10.666667,11.692154
5.3333335,6.1762314
9.5,11.9221
5.1666665,6.4807515
8.166667,7.8885665
8.166667,9.161296
9.333333,8.622902
8.5,7.9086304
22.433332,17.766375
5.0,5.897342
7.6666665,7.1158805
17.166666,15.715092
6.0,8.343344
15.0,12.439753
10.833333,14.285888
7.0,7.289841
9.833333,11.650553
3.3333333,4.001419
11.733334,12.66248
9.5,7.6255465
7.0666666,8.362732
9.4,9.807249
4.6666665,5.815281
14.066667,16.232224
16.166666,18.734995
9.066667,10.131119
10.333333,13.385831
18.4,14.832175
9.0,11.175887
5.0,4.72266
17.5,11.718241
9.5,11.514987
9.333333,7.9659433
5.3333335,6.9010005
2.3333333,3.0664175
7.6666665,6.815988
7.0,9.111513
11.0,10.305047
11.666667,13.346476
10.666667,10.438779
9.5,10.164469
6.3333335,6.945556
9.833333,9.838181
6.8333335,8.630398
4.3333335,6.2655106
4.3333335,4.233268
4.733333,6.106622
6.8333335,8.899066
8.5,8.586243
3.5,4.7725
2.3333333,3.60334
7.0666666,8.144561
3.6666667,4.47796
4.0666666,6.268934
10.833333,11.655815
10.4,11.720375
6.0,7.3230777
8.066667,8.547526
4.1666665,4.9389987
4.6666665,5.7517858
4.3333335,5.7748117
9.333333,9.137593
12.833333,15.987461
9.5,9.82348
7.8333335,8.508359
4.3333335,6.6699877
10.166667,13.269294
3.6666667,4.860105
5.6666665,11.308891
7.1666665,6.619421
4.6666665,5.1078362
2.7333333,4.240429
4.6,7.495593
4.1666665,4.086064
10.666667,9.991828
9.666667,8.587251
6.0,7.4425807
11.833333,13.452465
7.4,9.487084
6.5,5.9844494
11.666667,14.816429
12.166667,12.192303
5.5,6.2196527
4.5,5.5900397
7.3333335,9.441948
10.666667,11.609117
24.166666,21.178295
4.1666665,4.9645576
6.0,6.2602277
7.4,7.1043305
5.3333335,6.8317046
13.833333,19.677431
9.666667,10.183195
4.1666665,5.3974857
5.6666665,6.6801305
5.733333,6.8362575
5.1666665,9.0911875
1.7333333,2.574569
23.166666,14.964048
10.666667,11.399743
7.6666665,7.2921605
4.1,8.792447
5.3333335,7.0827484
6.0666666,5.5884094
4.6666665,5.200831
4.8333335,6.760341
6.3333335,6.3527975
10.666667,10.628508
11.733334,15.285984
16.066668,18.826044
9.166667,10.311581
3.1666667,3.3518202
5.1666665,5.316623
9.166667,8.053238
10.666667,10.328394
2.3433332,3.286607
4.3333335,4.7759104
8.333333,7.067404
4.3333335,5.8499436
9.066667,13.194538
5.3333335,5.9002767
5.733333,9.102697
10.166667,8.382426
14.166667,14.323877
5.1666665,6.203276
4.1666665,5.2899704
8.333333,8.531737
8.333333,12.0834255
5.3333335,5.8769984
8.0,6.0355725
23.166666,16.792263
9.833333,12.860281
9.5,9.596443
5.0,6.0766697
9.666667,10.153619
10.833333,10.1756315
4.0666666,6.3195767
7.5,8.157547
18.0,14.288612
4.6666665,5.9662566
5.3333335,6.213099
13.333333,11.305388
4.0,3.7748852
10.666667,8.629648
5.3333335,5.315697
5.0,6.299829
4.4,6.3734245
3.1666667,4.4648705
4.1666665,4.5346575
5.3333335,5.7810044
15.333333,10.759143
9.5,8.38965
6.0,6.547301
8.4,12.9799385
6.1666665,7.8177557
11.733334,14.577375
9.5,8.76728
4.3333335,6.0350585
4.6666665,6.231264
11.333333,12.739653
6.6666665,6.827825
3.0,4.414013
2.3333333,2.7654989
3.3333333,5.408816
4.5,6.1516113
7.3333335,7.8849545
8.333333,7.1938324
4.6666665,6.5062494
9.666667,12.250275
5.1666665,6.4893513
5.5,5.9006324
6.6666665,7.7796106
6.0,7.7622614
12.0,12.47961
2.3333333,3.2130551
4.3333335,5.8015065
10.4,11.52875
11.5,9.880946
7.1666665,8.957878
9.5,9.664412
4.3333335,6.118238
7.8333335,8.936984
9.333333,9.257299
9.266666,8.033277
12.166667,7.550233
10.666667,8.885125
3.8333333,4.456899
7.5,8.736824
16.066668,17.224363
10.5,7.809402
5.1666665,5.098028
9.833333,9.818891
12.833333,10.79853
7.6666665,9.509809
7.0666666,8.770714
7.4,7.140787
7.8333335,8.212324
5.0,5.9338164
9.5,10.892827
6.0,6.910548
20.833334,14.995286
15.333333,11.964298
6.5,7.117365
9.833333,10.0374565
5.3333335,6.6646924
6.6,7.7326903
10.833333,12.388749
4.0,4.882548
17.4,14.8345
4.6666665,5.9835596
3.7333333,5.1275325
7.6666665,8.134457
6.8333335,7.545363
7.0,8.530838
9.5,9.697683
23.833334,17.749046
14.833333,15.681437
2.6666667,4.772586
5.0,5.3995705
9.166667,10.485135
4.6666665,4.87654
9.333333,10.258215
4.4,4.281429
4.6666665,5.734387
7.0,7.570753
3.0,5.139171
11.833333,15.86401
7.3333335,8.591539
10.5,6.347342
10.666667,13.175403
8.666667,8.806137
9.833333,9.363457
9.833333,9.324858
7.5,12.128069
12.066667,7.7535815
9.0,7.749014
4.6666665,6.192658
8.333333,9.475325
12.833333,14.17585
6.1666665,7.300654
4.3333335,5.1934204
8.0,6.9763393
7.3333335,7.522414
8.733334,11.12922
4.1666665,5.4502277
12.666667,11.499562
12.666667,11.95843
7.3333335,7.6140747
10.0,10.726204
10.4,7.9715734
11.6,11.20368
8.066667,9.242283
5.0,6.463987
5.1666665,5.116654
11.733334,14.050325
6.3333335,6.8900385
6.3333335,6.712546
4.6666665,6.1838927
12.833333,12.249898
4.6666665,4.6418285
4.0,5.3419094
6.1666665,7.337019
7.4,8.695323
7.0666666,7.736525
10.333333,10.974791
7.0,9.06068
6.8333335,7.6349635
13.166667,12.283577
19.633333,20.694492
1.6666666,2.4487102
4.0,4.215392
6.733333,9.117178
5.5,8.098337
4.6666665,7.0884523
6.3333335,7.9743557
7.266667,8.254123
5.233333,6.2187276
5.0,5.777058
9.833333,10.996831
9.333333,6.9260545
5.0,5.803666
3.3333333,3.8770487
9.0,12.667884
11.666667,9.136685
5.1666665,5.592949
10.5,14.1397705
3.05,4.3118286
9.0,8.07602
4.3333335,5.4135227
6.6666665,8.102863
5.0,6.4151387
6.3333335,6.937458
5.0,4.9040256
7.5,8.539741
6.0,6.9972076
7.0,7.021977
4.6666665,7.0924754
6.5,8.919827
8.0,6.1056113
6.6666665,7.9596767
4.0,4.3466825
5.0666666,7.5190783
6.5,7.77471
7.0,7.9155936
6.5,8.393729
5.233333,5.8571286
2.0,3.3355198
9.0,10.823754
10.4,8.255466
11.5,11.848946
10.833333,11.650688
9.5,11.299788
10.833333,11.23179
10.833333,12.923851
5.733333,11.541948
9.9,8.052359
6.0,5.315097
9.5,8.258167
6.5,8.798695
5.6666665,6.86278
7.3333335,6.6308813
6.0,6.948605
8.066667,8.128821
4.0,6.2787747
10.833333,11.591314
8.833333,10.941723
15.5,15.941473
5.6666665,7.0214047
15.666667,9.6434765
6.1666665,7.3252583
5.3333335,7.1460357
8.0,9.131275
11.5,14.127539
20.166666,12.694605
6.0,6.0248246
5.1666665,6.3792133
8.0,10.274113
2.3333333,3.3319223
15.166667,16.15788
9.333333,7.4895754
12.833333,15.702167
7.3333335,8.121358
3.7333333,5.255118
8.333333,7.5585103
5.0,5.503519
8.4,8.695672
8.5,10.610112
6.6666665,7.124864
7.4,7.430449
8.833333,8.350623
6.0,5.821587
11.833333,10.908903
4.0666666,4.9059052
16.066668,14.282249
5.8333335,8.112132
7.4,10.851516
1.8333334,3.0390837
14.333333,13.418235
6.8333335,8.872291
3.7333333,5.0575786
15.733334,10.588699
9.333333,9.856899
9.833333,8.844198
5.0,6.473994
13.0,10.282394
8.166667,11.599811
7.6666665,7.912973
10.666667,9.480213
17.833334,9.643497
7.9,7.2915406
2.6833334,5.099574
1.6666666,1.832475
9.5,14.054764
6.3333335,8.48243
10.833333,13.613857
4.733333,5.5888505
6.1666665,8.937143
15.166667,15.979165
8.0,7.6629395
2.6666667,3.2913847
4.733333,5.782132
5.0666666,5.897894
6.95,6.1041327
2.0,3.3871524
7.0666666,6.954558
4.3333335,5.6339025
5.3333335,7.7702923
4.3333335,5.9526844
9.066667,11.960454
9.333333,9.16812
8.166667,10.307247
7.0,7.8950186
9.833333,9.287412
11.333333,7.463103
10.833333,12.506369
4.6666665,5.6257505
7.3333335,8.135619
1.0,0.71138835
9.5,10.710017
8.333333,6.920815
6.8333335,8.161574
9.0,8.928192
15.833333,9.295189
9.166667,9.886834
5.4,8.2542095
7.6666665,6.13299
7.6666665,4.7022123
4.3333335,4.6639104
6.1666665,7.7249036
5.1666665,6.165556
5.6666665,6.493165
7.0,7.04591
9.066667,10.276567
3.6666667,4.6270113
5.0,6.5667706
4.3333335,5.0030456
6.4,7.187104
5.6666665,7.0208163
4.3333335,5.448124
5.3333335,5.9226756
11.0,8.147895
6.5,7.9954567
6.8333335,8.999477
6.5,7.7569885
7.0,7.055328
5.6666665,6.453599
2.0066667,3.2160146
5.0,6.546177
5.3333335,6.4830756
7.1666665,7.507287
12.666667,12.993819
5.8333335,7.229517
11.5,11.38953
17.833334,16.613207
5.6666665,6.306105
9.0,9.525141
8.0,7.1445365
10.833333,18.17692
3.2333333,2.640988
5.3333335,6.370355
9.0,8.386958
6.0,5.9872613
7.5,9.291789
11.666667,11.079553
4.5,4.9415593
3.1666667,3.43729
7.0,4.0663924
4.5,5.186499
13.5,12.148878
4.3333335,4.951282
6.6666665,8.005944
10.833333,10.875322
15.166667,15.048599
7.0,8.244411
7.3333335,9.5656595
10.0,10.839189
9.933333,18.742855
5.4,6.9218397
7.3333335,8.143385
4.6666665,5.4362383
9.066667,12.289068
9.5,11.119663
9.333333,9.604227
6.0,7.464985
8.166667,14.320962
7.3333335,5.9861736
18.5,15.74392
8.333333,7.6484704
9.5,12.699792
6.3333335,7.643955
28.166666,16.726517
4.8333335,5.655461
7.0,6.448001
17.166666,11.967665
9.833333,13.25504
11.066667,12.616137
7.6666665,12.224391
5.6666665,6.563156
12.733334,13.851316
4.3333335,5.568798
6.3333335,7.1046267
10.666667,8.898996
6.1666665,7.91805
17.5,12.968481
2.3366666,2.4292421
10.4,8.67916
11.066667,13.578309
8.333333,8.33927
9.333333,8.794434
4.6666665,5.90728
10.666667,14.316199
5.6666665,7.618012
6.3333335,6.7732496
7.1666665,7.3156323
6.0,8.315454
6.0,7.9287057
16.066668,19.860806
13.833333,14.093933
4.9,8.321957
12.733334,12.567856
6.3333335,6.635468
7.6666665,7.4674163
11.733334,9.238744
6.6666665,9.606816
3.5,5.175201
5.1666665,6.809263
4.5,5.632217
8.333333,8.783487
7.3333335,6.738962
15.166667,12.878374
9.333333,8.315299
7.6666665,8.626738
7.5,10.47051
4.0666666,7.453564
6.3333335,6.4389014
14.5,11.5440235
8.833333,10.387542
6.8333335,7.0633535
3.6666667,4.4990387
9.333333,7.8541884
11.666667,11.074579
10.333333,9.03435
8.666667,7.2968416
8.833333,9.165823
7.0666666,8.300575
5.0,6.073841
9.166667,8.791097
5.8333335,6.8592896
9.166667,9.355358
18.5,13.561714
9.666667,7.3269253
2.34,3.3243136
4.4,6.0085797
10.166667,9.334759
3.6666667,4.576717
6.0,7.521417
3.4,1.8787011
8.666667,9.451781
5.0,6.330358
5.6666665,6.4699364
8.333333,7.987154
4.1666665,5.1478176
22.733334,16.481213
5.6666665,6.346259
11.733334,13.79958
14.166667,17.5855
9.333333,9.075033
4.5,6.2107673
8.333333,10.092329
25.0,14.587654
8.166667,9.21339
6.0666666,8.160251
8.333333,7.537193
9.0,10.779665
8.833333,8.374998
9.933333,12.03269
2.6666667,3.7173867
9.5,11.321442
4.6666665,4.7694645
4.6666665,5.383022
22.666666,19.275366
9.5,10.837357
4.6666665,5.934845
5.0,5.9175997
4.6666665,6.296019
11.333333,10.7431345
1.3366667,2.1577184
6.6666665,10.145031
7.0666666,9.265194
9.333333,9.004444
10.833333,9.430583
2.6666667,3.4942
6.3333335,6.3654156
8.666667,7.8477025
9.166667,9.709927
5.0,5.5914626
4.1,4.5273023
16.833334,16.080687
9.333333,10.525242
6.0,6.32649
17.333334,13.993575
11.666667,5.529465
7.6666665,7.6323285
7.733333,12.234469
3.0666666,4.353281
6.6666665,9.139428
12.833333,14.91012
4.4,5.995957
1.6833333,4.281855
14.166667,12.595497
6.0,7.5600142
4.6666665,6.049518
7.8333335,10.186079
4.5,5.416089
6.0,5.7191544
4.6666665,4.7382402
2.7333333,3.3233428
10.833333,13.763623
10.733334,9.649597
6.4,9.354262
8.4,7.7956986
3.1666667,2.6375906
7.5,8.675504
11.733334,11.35273
7.3333335,7.235764
7.5,8.255741
5.6666665,6.652765
5.0666666,5.794256
6.6666665,7.703364
9.333333,8.238693
7.733333,9.86399
6.3333335,6.914272
8.5,7.4266443
15.733334,15.595133
9.5,11.546413
5.733333,7.319885
6.0,6.490951
10.166667,10.010695
9.066667,10.860427
4.5,6.16088
10.333333,9.996994
11.666667,9.6217165
10.666667,8.587298
4.8333335,5.7000732
8.0,7.387661
9.333333,8.978662
7.4,8.677605
3.3333333,4.353757
5.3333335,5.334888
7.6666665,7.3490033
9.5,10.5903845
3.0,3.348956
5.6666665,6.389517
4.1666665,5.574227
9.5,11.68513
6.3333335,7.529595
9.166667,8.62803
4.6666665,5.443483
9.666667,9.639144
5.3333335,6.8898087
6.1666665,8.989687
5.3333335,5.310061
6.0,6.605038
3.6666667,4.943491
8.0,9.443291
5.0,6.046803
8.0,8.312498
11.833333,13.926774
9.666667,8.006584
15.333333,10.3566475
6.0666666,8.428277
4.6666665,5.4436364
9.666667,10.432535
8.5,9.472675
34.233334,21.207668
3.4,5.7584248
6.733333,7.39271
9.5,12.160601
5.0,5.6643972
6.0,7.3995514
9.333333,10.562575
7.6666665,5.898314
6.0,7.6255074
7.0,7.9042816
9.066667,15.467117
4.3333335,5.387162
4.266667,5.743671
4.6666665,5.3047748
9.833333,11.928131
5.5,6.2095723
2.3433332,4.1794386
9.333333,13.618914
17.9,17.993473
6.6666665,6.665293
10.066667,13.706295
7.8333335,9.210461
8.5,8.139729
2.35,2.995993
8.5,6.796389
5.0,6.3066335
10.4,10.861312
3.0266666,3.944706
16.5,14.036781
6.0666666,8.157281
5.5,6.592696
19.066668,18.006874
18.833334,12.516158
10.833333,13.571385
4.8333335,5.600755
4.6666665,6.122449
9.833333,8.934059
2.3333333,2.882112
12.166667,18.108162
5.3333335,6.1338024
8.833333,9.690704
12.733334,10.987057
7.3333335,9.098657
5.8333335,7.4724655
19.666666,13.560039
8.0,7.6710567
14.733334,12.742736
6.3333335,7.158948
10.166667,10.1667595
10.166667,12.248168
6.1666665,6.8961067
5.3333335,5.8004427
5.3333335,6.437537
6.6666665,7.1271544
10.833333,11.15469
7.6666665,7.303843
9.4,11.097397
2.3333333,2.5496845
10.433333,9.808811
9.666667,12.383689
4.6666665,7.216567
8.166667,8.460559
17.333334,11.346088
6.0,7.9305124
9.5,12.944761
10.4,9.6266165
5.4,5.1215453
2.3333333,2.839669
11.833333,12.741589
2.8333333,2.3192024
3.5,4.42565
19.0,12.79528
10.666667,9.959229
3.1666667,3.780507
4.3333335,5.4309893
9.0,7.4215345
10.666667,13.234032
9.333333,11.640693
10.666667,12.666648
3.6666667,4.3245454
5.3333335,6.049722
7.6666665,8.9453535
4.6666665,6.223746
8.333333,8.647528
11.5,15.9398575
6.6666665,6.756822
10.333333,6.5237246
8.933333,12.511197
19.0,14.41113
9.5,10.067709
18.166666,14.672176
5.6666665,5.4859858
4.0,4.8829226
7.8333335,7.6014376
5.0666666,6.5855446
8.0,8.313204
3.3333333,5.7440367
6.1666665,7.4967523
8.0,7.48708
7.6666665,9.366736
4.4,6.2124066
10.833333,12.954908
5.8333335,6.1872563
2.7333333,5.2016845
8.0,7.3981705
7.3333335,9.247652
10.5,11.38562
9.5,11.307667
13.333333,7.542664
5.5,8.0312805
5.0,6.354887
10.0,9.151209
9.666667,7.4445343
11.766666,11.430481
13.4,10.674121
14.0,10.519155
8.0,7.4067206
3.0666666,4.0367885
5.6666665,5.8960333
8.166667,9.427643
7.3333335,5.647287
5.6666665,6.5017548
6.6666665,6.970589
2.8333333,3.2783217
6.3333335,7.251371
6.8333335,10.893361
7.0666666,10.69954
6.3333335,7.935036
9.4,12.001867
7.3333335,9.180417
5.6666665,7.6711745
9.933333,11.883421
7.0,8.111522
5.0,6.1974487
6.6666665,6.012561
4.6766667,6.5011816
3.1666667,3.1197789
9.333333,11.733457
9.333333,8.4658375
4.3333335,4.306144
16.166666,13.096514
8.333333,7.5011516
16.666666,12.846154
9.5,10.390287
9.4,10.082009
5.9,8.378682
9.0,8.317438
3.4,4.6840672
4.0,5.2914386
7.8333335,9.211987
4.6666665,4.8960943
11.733334,11.437253
9.5,11.823195
9.733334,9.727695
11.733334,15.144838
5.0,5.561761
9.0,8.734294
17.066668,13.027238
3.5,5.633972
8.0,10.749154
7.3333335,9.040008
7.6666665,7.6375904
9.733334,6.4775577
8.166667,9.005209
5.3333335,6.2195125
2.0,1.3875093
8.666667,9.107163
12.833333,12.43344
8.0,8.233669
6.4,8.724708
9.666667,9.261531
6.0,6.3635125
9.166667,9.223061
3.7333333,4.5362372
8.066667,9.260324
4.5,5.321782
6.8333335,7.3702135
10.0,12.54564
5.4,6.6183596
7.3333335,6.4242597
5.5,6.7088113
8.833333,10.480408
12.4,12.9923525
7.8333335,8.751916
8.166667,12.963674
11.733334,17.320866
3.3333333,4.949606
17.833334,13.585233
12.666667,8.525536
5.3333335,6.6644597
6.0,7.7609134
5.0,6.2955246
9.333333,10.9625845
5.0,5.607714
10.4,12.849384
8.5,8.872649
14.0,11.64014
9.333333,9.487248
5.733333,7.8496356
5.0,5.781725
9.333333,13.348876
4.0,4.768033
4.733333,6.8839545
5.6666665,6.9509845
7.0,5.8173823
1.6666666,2.5812404
10.666667,12.479006
9.666667,8.354453
5.1666665,5.8633933
10.166667,11.032849
10.666667,10.612936
5.3333335,5.423991
11.9,10.501963
2.6666667,4.0274534
9.833333,11.537607
5.6666665,6.695702
8.0,7.8681602
7.733333,11.055751
8.733334,9.167855
5.0,6.09275
7.6666665,9.402535
10.833333,14.785624
16.166666,18.306011
5.0,5.8640704
6.5,9.150732
6.6666665,9.534277
10.733334,14.250105
6.6666665,7.818312
6.3333335,7.26933
4.0,5.030012
8.666667,6.860542
6.3333335,7.840232
15.066667,12.15848
11.5,14.227663
3.7333333,5.6485953
10.166667,10.365847
18.833334,15.759386
7.6666665,7.912031
9.5,10.053691
9.066667,13.544437
7.3333335,8.501999
10.833333,16.596664
7.3333335,9.296793
7.1666665,7.3680825
17.5,17.39676
6.0,7.156683
12.833333,11.417538
7.3333335,8.59054
7.366667,7.9856095
4.3333335,6.506285
10.666667,9.763146
16.933332,18.848984
9.833333,7.8263025
8.166667,7.6038585
11.666667,7.2054496
7.233333,7.2831244
2.6666667,4.865734
7.0666666,8.300507
4.3333335,4.1125007
5.3333335,5.948351
7.3333335,8.710059
4.5,6.5860496
7.6666665,9.555412
7.733333,8.682786
6.0,6.3547435
9.066667,10.688185
9.5,9.239394
7.9,8.472944
8.0,11.709092
15.833333,14.834075
9.5,9.505379
3.4,4.019701
3.3333333,4.4761553
3.5,4.736056
11.833333,16.287884
11.5,13.854696
4.6666665,5.7372622
13.066667,8.886695
5.1666665,7.1022887
8.4,9.188916
3.6666667,4.2132287
10.4,11.141491
13.333333,8.328326
5.733333,7.602005
6.5,7.66096
16.066668,18.548668
5.1666665,7.132156
8.0,8.691256
6.1666665,7.280009
9.666667,10.102167
4.1666665,4.9402742
9.666667,7.778956
5.733333,7.2167487
12.0,12.537101
7.0,5.6533046
3.8333333,5.4738183
10.933333,8.529442
5.0,5.62291
9.166667,8.191905
11.666667,20.051853
9.0,7.6539207
11.333333,9.6537895
4.6666665,6.2442117
4.6666665,6.0255446
12.566667,15.188988
3.3333333,4.634695
7.3333335,7.2181497
6.8333335,7.112394
10.066667,12.267222
6.6666665,6.5087357
8.0,8.016178
10.666667,7.937067
7.3333335,11.471739
4.6666665,6.704737
7.0,9.393429
7.3333335,5.0740905
9.333333,8.451663
10.666667,11.142127
3.7333333,5.7667027
8.5,8.764416
7.6666665,7.3261104
6.733333,8.554797
7.6233335,17.331455
5.6666665,7.557472
4.8333335,6.0912275
9.333333,8.686557
11.733334,9.604166
8.333333,9.287277
6.0,5.987133
1.8333334,4.1765766
10.833333,10.3631315
19.266666,15.425262
11.666667,11.398806
5.3333335,6.240121
7.6666665,7.7069726
7.733333,9.72834
9.5,8.052895
1.4,1.0266001
9.333333,8.001021
5.0,5.8119097
9.0,8.15007
8.833333,8.380264
5.6666665,7.7325788
7.3333335,7.5117445
7.0,8.360513
9.333333,11.842128
11.733334,7.9144
6.766667,7.9053807
10.666667,11.432253
5.6666665,6.5313864
5.3333335,6.6719217
5.6666665,4.376339
2.6666667,3.8036568
7.0,7.537874
10.333333,9.958644
15.0,9.175028
6.1666665,8.529539
6.6666665,7.0390477
12.4,12.5323515
10.833333,12.738426
6.0,7.175685
4.6666665,4.7680335
4.6666665,6.1569853
9.333333,14.049798
6.3333335,6.1591396
6.3333335,6.9171686
7.6666665,6.6183343
8.0,7.0795913
8.333333,10.183702
6.3333335,7.1308384
4.6666665,6.3063636
5.6666665,5.850131
5.1666665,6.0581746
17.5,12.51888
2.6666667,4.061217
4.5,6.2190657
12.833333,11.094017
5.1666665,8.543427
6.6666665,7.2125063
8.066667,8.093094
24.666666,12.0350895
6.3333335,6.3489428
9.5,9.816664
9.166667,9.368089
8.006667,11.575374
16.5,17.889708
3.0666666,4.9172564
4.3333335,4.962365
5.6666665,8.128749
7.3333335,9.557727
10.833333,9.36995
5.6666665,6.4020395
6.0,6.294401
3.1666667,4.2152348
23.833334,18.60404
8.0,7.3806334
7.3333335,7.7008038
7.5,8.3661175
9.5,13.427415
5.1666665,5.3348546
7.0,7.1582785
24.0,15.962121
5.3333335,6.3908033
6.8333335,7.139241
5.6666665,5.720518
2.8333333,2.773018
10.666667,6.9500995
7.8333335,8.755962
7.0,6.7096634
7.0666666,8.191039
2.3333333,3.0736225
11.666667,10.9643135
4.3333335,3.502622
5.3333335,6.8770967
14.833333,15.015137
12.066667,10.7686205
10.4,11.647362
13.933333,14.013652
12.666667,12.662207
10.666667,9.908945
5.0,6.5485687
5.0,5.553578
9.0,9.99439
6.0,6.610711
20.066668,18.29247
12.666667,10.946642
5.0,4.630012
1.7166667,2.050923
10.333333,10.401404
5.3333335,5.2356544
8.566667,7.6461325
5.8333335,7.5494547
6.5,7.556555
5.3333335,6.142429
6.0,6.1740355
8.0,8.97881
4.3333335,5.579703
10.5,8.332855
12.833333,10.97672
8.833333,10.133162
9.0,8.36571
10.333333,8.681498
4.6666665,5.332116
4.0,4.519541
19.4,15.057557
6.0,7.783033
5.3333335,5.364207
7.3333335,9.272094
2.6666667,3.291364
12.833333,10.900425
6.0,6.8929744
7.0,4.881128
9.833333,12.930394
8.333333,10.845
11.833333,9.393058
5.733333,6.7042747
9.5,11.437949
4.6666665,5.555158
1.6666666,2.9927754
15.0,11.2370405
1.6666666,2.929728
9.166667,8.531344
5.8333335,9.094659
9.666667,8.593361
5.8333335,8.688823
10.833333,8.932489
6.0,7.740591
9.333333,10.853674
11.5,10.8211
9.166667,7.90171
29.066668,14.827733
7.3333335,7.279134
6.0,6.8975034
5.0,6.16208
10.333333,8.469246
9.333333,9.2182665
4.5,5.4292965
5.6666665,5.9089704
8.666667,9.662439
7.4,8.774857
5.0,4.6756253
9.666667,10.125723
9.666667,9.026695
21.0,14.939924
13.9,15.36051
10.833333,16.43854
5.0,6.0380435
2.4,3.2919378
5.366667,7.057207
4.6666665,6.299447
9.4,9.546148
9.833333,11.793186
7.8333335,8.210857
4.0,5.4110594
36.166668,20.62072
10.833333,12.341539
4.6666665,6.3694377
11.333333,9.822313
4.8333335,6.183791
10.0,11.303331
12.833333,13.157115
4.3333335,4.561158
9.833333,8.685894
15.333333,10.56327
8.066667,9.417655
3.9333334,4.4372406
18.5,15.978773
6.3333335,7.244561
8.833333,8.829355
12.5,8.77038
9.0,7.9593325
16.733334,15.25174
9.0,9.703282
10.4,11.075237
10.166667,11.985498
3.0666666,4.236095
6.3333335,6.9526076
6.3333335,7.0740256
10.833333,13.906985
3.35,5.0749803
4.0666666,4.9558215
7.733333,13.946546
5.4,7.050842
9.333333,9.182676
7.733333,8.840436
5.0,6.0094876
4.0,4.099896
5.6666665,6.3588552
4.5,6.1693177
3.6666667,4.873163
2.5,3.1838732
9.166667,10.522243
6.0,7.5577755
6.6666665,8.472709
6.6666665,6.1510487
8.0,7.2732816
15.166667,11.898774
10.666667,9.254099
3.3333333,4.369357
4.233333,5.885161
7.0,7.127085
17.5,14.741089
7.733333,10.2809105
6.6666665,5.9735837
10.666667,14.268937
11.833333,9.001467
9.0,12.303879
5.0,5.6296964
10.833333,11.981411
5.6666665,6.521654
14.666667,13.042841
8.4,10.16092
10.833333,10.618467
9.333333,9.773519
8.833333,8.8320055
7.0,7.8800316
4.8333335,6.322491
6.0,5.703746
8.066667,11.157705
7.733333,9.474157
6.6666665,7.5681834
11.833333,13.169964
4.6666665,7.231211
6.6666665,7.1824946
10.833333,10.744616
3.0833333,3.8329358
11.666667,11.58847
4.5,4.651391
4.733333,8.269493
5.3333335,7.5503306
20.5,17.34134
8.0,8.664993
10.0,12.711505
11.5,17.631687
4.8333335,5.674837
9.666667,8.296339
7.6666665,8.333049
5.6666665,6.612334
4.3333335,5.5222454
7.3333335,8.772034
11.733334,12.168259
3.3333333,5.367959
6.6666665,7.973514
11.0,8.887952
11.666667,12.140616
8.5,9.282774
5.8333335,7.2865696
14.166667,8.817002
12.4,15.213065
10.333333,8.742471
15.833333,15.094372
3.6666667,5.1501307
6.9333334,8.475766
9.166667,9.376601
3.5,4.290563
6.733333,7.130545
8.166667,9.904675
5.9333334,7.702837
13.666667,13.021849
17.5,17.085825
7.5,9.254285
16.266666,15.760939
6.4,10.01833
15.833333,13.195654
4.3333335,4.9415646
7.733333,7.5624504
4.1666665,5.7258415
3.0666666,4.269782
2.6766667,3.513678
4.6666665,6.2297416
14.5,14.422637
4.3333335,6.5729103
1.6833333,4.1522026
7.0,6.852972
9.5,10.978923
8.833333,13.505718
10.166667,9.578407
6.3333335,6.962377
5.3333335,5.8335843
6.3333335,8.319023
5.7166667,7.646666
8.0,8.0316305
10.0,9.009358
6.0,7.161884
5.0,6.43021
7.733333,9.16547
10.333333,8.634503
4.6666665,6.3835936
15.166667,14.790659
2.6666667,3.4226372
9.166667,8.610869
10.833333,12.735901
3.8333333,5.4264274
9.333333,8.965309
7.0,7.7252626
15.5,13.331879
6.3333335,6.9485326
10.333333,11.542401
4.6666665,6.330155
3.8333333,5.6449413
1.3833333,4.0026555
3.0666666,4.5117745
11.766666,12.161171
9.0,8.591292
14.166667,9.696336
7.0,5.8576865
7.3333335,8.967363
6.3333335,6.5854
7.733333,9.19589
2.1666667,4.353949
8.666667,8.652933
5.6666665,6.1208773
5.5,6.8454447
15.066667,12.900843
6.8333335,10.461124
15.166667,12.504925
8.666667,8.882406
4.6666665,6.8352523
5.3333335,5.9248776
14.166667,15.277037
17.333334,11.630079
6.3333335,6.5579963
6.0666666,8.676511
9.5,10.217556
4.8333335,6.2099004
10.5,9.066221
5.1666665,6.5338526
3.6666667,3.5001087
10.666667,8.331712
9.0,7.8896337
8.0,8.679055
10.333333,10.224753
5.0,6.5566726
11.066667,10.639253
10.333333,11.105889
13.733334,17.29564
4.0666666,6.1979966
7.3333335,8.967548
9.833333,9.735982
5.0,6.4699683
9.666667,7.9404106
25.166666,19.744165
8.0,7.858529
9.833333,11.36998
4.6666665,6.2898164
15.0,11.947138
6.3333335,8.140745
2.8333333,4.716787
4.8333335,6.494401
4.5,4.5653257
4.5,5.4649825
7.733333,11.142077
3.6666667,5.333583
12.4,13.841853
5.1666665,7.297991
7.5,7.5936966
16.166666,12.507364
12.833333,13.301709
14.333333,11.704448
9.833333,12.8822
17.5,15.544985
8.4,7.8215256
5.0,6.731025
6.0,6.4093986
7.4,7.5605063
9.833333,13.282895
5.0,7.145325
3.6666667,4.948677
2.6666667,3.4248667
9.666667,10.968958
14.333333,12.326859
8.0,7.8062906
6.733333,7.299398
7.0,7.944307
8.733334,8.004541
11.833333,10.49946
23.0,13.432161
9.333333,11.700711
2.3333333,1.9621031
5.3333335,6.413119
5.3333335,5.960067
9.5,14.502374
3.3333333,4.2734456
2.4,4.036515
2.6833334,3.8224034
7.4,7.6858172
8.333333,7.784073
7.733333,9.1892605
4.6666665,5.632236
15.833333,11.000969
9.333333,11.845614
9.0,8.110319
3.3333333,4.6339498
8.166667,8.642439
4.4,5.4505897
6.67,9.342528
7.0666666,7.972853
2.7333333,3.9364867
4.1666665,4.8367867
9.333333,9.526195
2.7333333,3.8347375
9.066667,11.323469
7.8333335,8.161163
5.0,5.3349953
5.0,5.9384346
11.733334,11.649731
9.333333,8.957993
10.766666,10.449152
6.5666666,11.426207
9.0,7.7438855
9.5,9.174863
3.6666667,4.8695884
8.0,6.2762003
9.666667,11.291317
4.8333335,5.150009
19.4,5.879531
16.833334,11.423788
9.5,11.294086
10.066667,11.028315
12.0,12.276085
8.4,7.747776
4.8333335,7.8393745
6.5,7.966187
10.666667,9.385332
5.3333335,5.94058
10.333333,11.2965765
8.4,10.310309
5.6666665,6.776834
9.166667,8.845303
5.733333,9.067028
9.666667,9.024894
6.6666665,8.302591
12.833333,14.366169
5.0,5.1826053
5.6666665,6.8393183
11.833333,9.37457
9.833333,10.699606
23.833334,18.469677
4.3333335,4.0354757
10.666667,11.508665
9.5,13.834548
5.6666665,6.7216535
14.066667,12.923442
13.833333,16.065811
10.833333,16.542961
7.3333335,7.8567915
10.833333,9.814674
7.4,9.273661
9.5,10.546012
6.5,7.173777
6.5,9.172461
14.833333,14.144176
8.0,6.8166146
4.4,6.1635423
5.0,6.4858565
9.333333,8.29274
3.0666666,5.57824
8.0,7.811297
10.833333,14.164331
10.833333,15.562134
4.5,6.5952783
7.5,9.459174
3.4,4.049189
11.666667,8.241223
6.6666665,8.323851
16.066668,15.537223
5.0,6.520674
2.5,3.216443
22.833334,16.859213
8.0,9.892168
11.5,13.010229
4.0666666,4.642759
6.3333335,6.750799
2.8333333,3.4443324
19.5,15.480356
9.5,15.028221
4.3333335,4.567783
9.0,12.462778
6.0,7.651083
9.166667,11.963521
6.6666665,7.8855247
8.833333,7.8563285
10.666667,7.4166255
11.733334,15.154006
4.3333335,5.975955
5.3333335,6.3277354
4.5,6.190072
5.0,6.659164
11.4,7.9039164
4.1666665,5.11326
6.6666665,7.102306
4.3333335,5.914079
7.4,9.088734
6.3333335,7.4469376
7.6666665,7.6945133
5.3333335,6.551212
4.6666665,6.5528235
15.166667,21.92972
11.833333,8.695012
3.8333333,4.14712
6.3333335,7.7175508
14.333333,12.714691
4.8333335,6.3150826
7.0,8.636134
4.6666665,6.4107985
8.333333,7.0801897
9.166667,6.6400895
4.3333335,5.446595
12.166667,9.355112
8.333333,7.278268
5.0,6.066554
5.1666665,6.9428444
7.0666666,8.885106
3.0166667,3.677661
9.833333,10.044998
4.6666665,4.5581107
11.833333,13.785089
10.5,11.318107
10.833333,14.134705
6.6666665,6.6633754
1.2333333,1.4201717
9.666667,8.881832
10.833333,8.973417
8.833333,6.913378
9.5,10.387246
15.0,13.466975
11.666667,10.986188
4.3333335,6.2243714
8.5,6.4086857
5.5,6.658957
11.733334,14.607598
4.5,5.081213
5.3333335,5.7301526
20.833334,12.51413
4.6666665,6.557927
5.6666665,5.950214
3.6666667,4.2111564
4.5,6.4188075
5.0,5.6217155
4.016667,2.3734133
8.0,8.081132
5.0,6.079125
7.733333,9.324593
4.6666665,6.2898893
8.0,5.7555547
11.4,10.562579
10.333333,11.228452
9.333333,9.099943
10.066667,8.752228
3.7333333,4.2987795
9.5,9.41565
2.8333333,2.7233405
6.0,6.478605
6.8333335,7.1424103
9.333333,8.798919
3.8333333,3.6931045
7.0666666,9.043786
5.8333335,4.061398
8.666667,7.5448685
2.8333333,4.8080916
10.833333,7.9514184
7.8333335,12.642098
4.1666665,6.147281
12.666667,14.805781
10.833333,14.545212
6.3333335,7.2934585
10.0,12.447509
22.833334,15.513554
8.333333,8.836696
6.6666665,8.190847
10.666667,15.656141
9.666667,6.470606
13.0,15.722825
5.6666665,6.086355
4.733333,6.779383
10.333333,10.897714
6.5,6.7284737
4.1666665,5.659636
7.9333334,7.978266
10.666667,9.923814
6.3333335,6.4830537
7.3333335,9.238234
7.6666665,8.660241
5.5,8.274003
5.733333,7.5565743
7.4,9.594253
15.166667,12.374452
3.8333333,5.1956544
6.6666665,7.9975824
9.5,7.6366053
9.666667,7.6337047
19.5,16.77084
4.8333335,6.896628
11.733334,17.550236
4.733333,6.385567
8.666667,7.3930564
17.066668,14.883938
10.4,9.088503
9.5,12.142922
5.6666665,6.6478653
8.166667,8.549152
10.4,11.410455
7.8333335,6.775262
4.5,6.2340007
10.0,12.473158
6.6666665,7.440068
4.3333335,4.68893
8.333333,10.251504
6.733333,8.726973
3.1666667,3.1377728
9.5,8.30602
9.5,8.812427
5.3333335,5.729953
7.0666666,8.270059
8.266666,5.6258903
16.166666,11.539667
9.0,8.28545
12.0,9.291048
10.833333,9.202202
5.3333335,6.1661267
2.3333333,4.5047617
8.333333,9.16579
4.6666665,5.949838
7.4,8.897601
4.1666665,5.36699
6.1666665,7.0074167
4.3333335,5.555967
8.0,9.638512
12.733334,15.508988
6.0,6.8317614
13.666667,11.990715
1.3366667,1.8701026
5.4,7.0320616
7.0,10.552732
5.5,6.7165337
9.166667,17.489185
14.0,12.293776
6.733333,7.823593
10.166667,7.8317676
4.3333335,7.2526
4.8333335,6.60111
5.6666665,7.2038617
7.6666665,10.05054
7.8333335,8.298143
10.666667,10.9074135
7.733333,7.975292
6.5,8.1215315
3.7333333,5.161588
8.166667,16.728802
8.0,7.3093634
8.0,7.9486375
5.1666665,6.5536227
5.6666665,6.9526954
17.833334,11.582991
11.333333,10.647808
8.333333,8.643824
4.6666665,6.285057
3.3333333,4.652717
7.3333335,9.252373
10.666667,9.217608
9.0,10.772385
9.666667,9.090353
13.666667,13.849762
3.7666667,5.1412706
6.6666665,7.7871037
10.333333,10.077825
7.4,8.66755
5.6666665,7.360787
6.0,7.204013
10.833333,10.349726
5.5,6.9760194
14.666667,10.036898
6.3333335,6.913603
7.3333335,6.8299627
3.9,5.072577
19.0,9.096317
6.5,7.279001
9.333333,8.747187
5.6666665,5.263783
6.5,6.983528
12.666667,9.286044
9.333333,8.94511
6.3333335,7.2995977
7.3333335,8.807173
6.0,6.1719055
10.733334,11.509567
3.7333333,5.8784113
4.1666665,4.8017874
6.5,8.109434
9.333333,7.4704766
2.6666667,3.4909616
9.0,7.564467
5.3333335,6.331989
2.67,3.78903
13.733334,12.421654
9.066667,7.777741
4.733333,6.0665326
10.0,7.9904237
3.3333333,5.262706
9.166667,8.028958
2.35,3.463498
6.1666665,7.777326
6.0,6.492298
4.8333335,6.535428
4.6666665,4.643495
21.9,22.001877
5.0,6.090801
9.333333,8.713945
5.3333335,6.0060763
14.833333,11.15199
20.333334,13.580547
5.4,6.792885
10.733334,9.657133
8.0,7.5365925
16.066668,14.971514
4.733333,5.324789
11.666667,11.162386
12.4,12.143241
12.833333,14.332946
10.833333,9.708722
6.0,6.165212
4.5,5.5664005
9.5,8.6025505
5.5,6.8856535
8.0,6.6674623
15.166667,15.908658
9.833333,9.223571
20.766666,11.164231
10.666667,9.025324
5.0,6.4338703
10.066667,10.09341
4.3333335,5.47965
16.5,11.788358
10.4,11.482824
3.7333333,5.526631
6.5666666,8.977833
11.733334,9.929436
7.6666665,9.330197
7.4,10.773767
9.5,7.4464
7.1666665,8.717309
8.333333,8.130083
7.3333335,7.9019065
13.733334,14.304157
9.5,9.109996
7.3333335,7.7679696
14.833333,13.823185
11.833333,10.760136
7.0,7.641068
15.0,7.885167
5.0,6.4329896
3.0666666,3.5335379
20.333334,14.719692
5.733333,7.6057777
9.5,10.487482
7.0,6.5294876
5.0,4.7288356
7.733333,9.81338
4.8333335,5.785488
3.6666667,4.559093
10.0,7.7130795
6.6666665,6.0696597
11.833333,13.187646
5.6666665,10.245073
9.833333,7.7371006
8.066667,10.008235
17.066668,14.211136
9.0,8.732561
3.0,3.2568038
10.333333,12.075625
5.6666665,6.9570837
4.0,3.4886124
4.6666665,5.9658227
10.666667,9.421296
5.6666665,5.838285
8.0,8.089785
10.666667,8.361724
1.3333334,2.2406435
2.6666667,4.2295485
3.6666667,4.670053
5.1666665,5.4327044
5.5,5.5634913
1.4,1.2659343
3.1666667,3.9164577
9.066667,10.340067
13.733334,12.393704
9.333333,9.543851
23.166666,17.527805
10.333333,9.215849
11.666667,9.83068
5.6666665,4.4866424
9.5,13.350553
4.1666665,6.407565
4.8333335,6.857509
5.0,4.9886684
16.5,17.493343
9.333333,8.488049
5.6666665,6.3942137
6.3333335,8.310676
4.3333335,6.180034
5.1666665,6.5282125
7.0666666,7.588669
13.0,10.594244
8.0,10.053667
5.0,6.3644853
9.5,11.242291
9.0,11.3375435
7.733333,10.16998
10.833333,9.008269
9.166667,10.718114
8.333333,7.4670253
4.0666666,5.335067
6.6666665,7.6898317
3.4,5.114436
4.0,4.60885
9.5,8.240504
7.8333335,9.647939
5.3333335,5.8955126
9.166667,10.686764
6.0666666,8.693769
4.3333335,5.629993
7.6666665,7.6493793
6.3333335,7.048239
9.066667,17.013731
10.833333,12.601191
12.666667,9.843766
8.666667,9.55291
3.3333333,3.303837
9.5,10.395136
9.333333,10.149996
11.5,8.236495
5.3333335,6.1346955
5.0,6.013767
4.8333335,7.576584
4.5,6.6835513
6.6666665,9.848928
11.5,14.60958
4.0,4.197206
5.0,6.0266285
8.166667,6.9359922
8.0,7.142397
3.7333333,5.5779395
4.3433332,6.128854
5.3333335,7.9222484
3.3666666,4.5353165
9.4,9.911096
7.5,8.364265
8.266666,8.348362
9.666667,8.909668
12.733334,12.196695
1.6733333,2.850852
4.8333335,4.5448885
9.066667,9.794809
12.166667,10.378958
3.0666666,3.8432274
9.0,9.67677
7.6666665,8.80238
11.833333,15.9113035
3.0,4.5844493
19.4,20.6976
5.6666665,6.173315
4.8333335,7.184794
9.833333,10.98103
4.8333335,5.8129354
6.6666665,7.3748612
5.0,4.6052957
8.333333,6.8644686
4.6666665,5.8185134
9.166667,10.527154
2.3333333,3.1688855
10.666667,9.54685
7.366667,7.6357036
5.3333335,5.624064
11.066667,11.699889
12.5,13.2529335
9.333333,10.090581
7.0,6.8549876
6.8333335,8.574771
10.4,12.444236
12.166667,18.302816
6.8333335,8.807168
6.8333335,6.892924
3.2333333,4.9259667
6.0,6.9230237
6.6666665,8.851696
10.833333,10.713047
11.666667,15.448626
7.8333335,11.133477
11.666667,13.9335375
8.5,8.193114
3.0666666,4.661939
9.0,10.751451
9.0,9.34197
3.0,4.5973687
12.666667,10.440915
5.0,4.86911
7.8333335,8.821585
8.166667,11.907143
5.6666665,6.583435
2.6666667,4.618445
5.0,5.811383
5.1666665,6.700549
6.5,7.6264377
6.3333335,7.1271977
10.666667,10.112269
13.166667,11.961554
4.0,4.4096413
5.3333335,5.3971853
9.5,7.883494
8.166667,9.900666
3.8333333,4.4552894
5.0,6.039573
7.0,7.9112625
6.6666665,8.605822
6.0,8.264577
18.5,17.77096
5.3333335,5.9170947
10.666667,9.115316
4.6666665,5.9802117
13.166667,10.781528
4.3333335,6.164975
4.1666665,4.764592
8.0,7.50905
6.3333335,6.9017854
29.166666,13.790084
6.0,7.5055256
7.0,7.6706824
9.0,9.277449
4.6666665,6.5417285
11.666667,10.570745
7.8333335,13.458625
7.6666665,9.307413
5.0,7.071047
4.4,5.9222198
6.8333335,6.4326863
5.3333335,6.9868655
12.733334,15.580301
4.5,5.3669286
5.0666666,6.13493
6.5,7.918666
5.3333335,6.2769113
11.733334,15.9616995
6.3333335,8.610015
3.6666667,3.7927184
10.666667,13.351006
8.066667,11.547343
4.1666665,4.5909925
5.3333335,6.020373
5.1666665,6.849404
7.0,8.035861
7.3333335,7.2811995
5.1666665,7.1650405
6.1666665,7.399057
5.3333335,5.7914643
16.0,10.843315
13.733334,13.784121
5.3333335,5.521415
3.6666667,4.17796
11.5,12.457133
5.5,6.7829723
5.5,6.713134
8.333333,8.501083
5.3333335,6.378311
19.066668,16.679363
7.6666665,7.9345264
12.666667,11.3806
6.6666665,7.7755146
10.833333,11.413494
9.166667,8.376403
9.333333,14.220245
11.733334,15.632212
5.6666665,7.451157
6.3333335,6.86728
27.166666,19.898935
18.0,13.508078
12.5,14.018156
13.833333,10.083169
7.8333335,7.2589645
21.833334,12.829121
5.6666665,6.153591
12.5,11.655481
5.3333335,5.961069
17.833334,19.446512
11.833333,12.861538
9.166667,8.862572
10.766666,9.475813
3.1666667,4.1559696
9.5,12.562109
8.666667,6.693487
7.0666666,8.549659
10.833333,8.742814
5.3333335,6.0170574
3.5,4.605692
18.4,18.307737
3.0666666,4.1544847
4.8333335,5.3671985
7.733333,8.355705
5.1666665,5.349698
9.5,8.669646
13.5,18.535004
8.833333,9.68025
4.5,5.2777686
10.166667,16.507828
4.3333335,5.426036
10.4,12.04741
4.5,5.4674635
9.166667,9.124996
13.333333,8.638493
8.166667,6.8149266
10.666667,8.56126
8.333333,7.0883093
10.0,9.568549
12.633333,8.337217
5.6666665,5.4557157
9.0,10.817193
9.0,8.602017
9.0,10.033327
17.066668,19.8201
6.6666665,7.193962
20.166666,15.899663
14.333333,11.936547
7.3333335,8.074345
6.4,7.884462
6.3333335,8.294028
5.8333335,7.4974318
9.333333,8.980029
9.5,9.600804
6.8333335,7.673062
4.5,5.2388043
4.1666665,5.159756
6.6666665,7.924899
7.5,10.655683
6.3333335,7.368571
10.833333,12.422573
7.8333335,7.947109
5.3333335,7.2211423
5.3333335,6.4071674
11.666667,7.2353625
9.333333,9.605384
12.666667,11.936842
5.0,7.834849
10.833333,9.860653
9.066667,11.939689
4.0666666,5.3286633
9.5,12.968784
9.833333,9.097358
6.0666666,8.145749
4.0,3.7179763
9.333333,7.95263
3.8333333,5.57163
5.3333335,5.6176343
11.333333,9.9521
12.833333,12.812399
4.3333335,6.797651
5.6666665,6.8226748
5.4,6.25202
10.666667,12.619231
10.666667,11.104321
8.833333,9.864864
11.666667,10.903334
5.0,5.3317485
7.3333335,8.562369
7.5,8.004273
2.3366666,2.7093253
7.0,6.6841993
6.0,7.097652
11.5,12.43276
4.733333,6.2322645
12.1,6.4162745
9.5,11.811039
7.733333,6.0473065
18.5,16.184336
2.5,3.1016521
10.066667,11.871534
10.666667,14.718998
9.333333,7.1642804
14.833333,13.706919
10.066667,12.496971
4.3333335,4.7062902
6.0,6.9119077
9.5,10.578866
9.333333,11.88153
9.5,10.548916
6.0,6.5864005
7.4,7.787234
7.3333335,5.1852937
5.3333335,4.9630547
5.0,6.1678667
6.6666665,11.183431
9.5,11.320419
9.166667,8.889974
4.6666665,3.619814
7.3333335,7.962588
3.6666667,5.602928
10.833333,10.179529
7.3333335,6.7752433
7.6666665,6.631997
7.8333335,8.168488
4.6666665,5.9582
5.6666665,6.8689904
8.666667,5.783535
23.833334,18.477577
5.3333335,5.7044687
8.166667,8.520097
6.6666665,7.9833455
9.333333,11.392251
14.5,12.010293
8.0,8.465236
5.6666665,6.9220576
16.166666,15.424322
4.733333,6.727376
11.733334,14.0294895
5.8333335,6.5644193
22.666666,11.366203
10.833333,10.978807
8.833333,8.745524
7.3333335,6.2969193
7.0,7.0197663
6.133333,7.4543204
7.5,7.3494906
8.0,6.2822037
14.0,11.117608
5.6,6.7030063
10.833333,16.867743
9.333333,8.992265
7.3333335,8.946226
13.833333,13.056538
5.8333335,6.4378657
9.0,8.614303
4.6666665,7.3067703
4.0,4.358856
6.0,7.858218
4.6666665,4.6949315
21.833334,14.346495
6.0666666,6.1981297
8.333333,6.878184
6.0,6.6075025
5.0,4.398081
7.6666665,7.7535834
10.333333,9.193632
10.0,10.279695
10.166667,12.354649
4.6666665,6.2319155
4.733333,6.034744
4.4,6.117771
6.0666666,4.4701777
12.666667,12.832027
7.3333335,9.580486
4.0,4.4841747
9.333333,11.26272
9.833333,7.7375355
9.066667,12.997891
9.0,9.896637
17.166666,19.94389
7.733333,7.838623
7.733333,8.597686
5.1666665,5.974956
3.3333333,3.985535
9.333333,7.715421
11.733334,8.046745
4.6666665,5.130733
7.3333335,8.261729
5.3333335,6.1402416
8.333333,7.8117714
9.166667,18.653423
6.0,7.173193
7.6666665,8.823741
9.333333,7.8550076
4.0,4.027712
5.5,5.475524
3.0,3.9519708
18.166666,12.829407
13.666667,11.515759
4.6666665,5.5593314
11.833333,10.314735
5.0,6.3733206
4.3333335,5.296166
4.8333335,5.8073087
8.666667,7.9911456
4.733333,5.7004147
2.34,1.4696131
9.5,10.162664
6.8333335,7.0327024
10.833333,17.675222
9.0,12.099149
9.066667,11.216807
7.9333334,8.405865
9.333333,11.543899
10.733334,7.474951
4.5,6.2502837
5.6666665,4.3374887
6.3333335,7.3764577
9.5,8.2447605
2.67,3.7315638
5.5,7.1736703
8.833333,9.089555
8.166667,8.22272
21.0,12.273
4.0,5.5621514
10.833333,12.460564
10.166667,12.040597
10.833333,9.750441
5.6666665,6.292615
10.833333,7.054478
5.1666665,5.41753
7.4,7.8974667
10.833333,10.926877
4.3333335,4.884442
11.0,11.402399
7.8333335,7.7662416
10.4,9.885105
9.333333,9.873743
5.6666665,6.970361
7.1666665,8.229746
11.333333,9.50754
16.5,11.246277
2.6666667,3.4089806
4.6666665,6.052507
5.5,4.9493103
15.166667,12.982523
11.0,15.081616
4.3333335,5.5733895
3.0666666,3.5817418
11.833333,13.140205
16.5,17.607286
4.4,5.0154004
10.333333,15.265443
6.0,7.6846876
7.0,8.756865
8.833333,11.23418
8.333333,9.320044
8.5,7.367053
11.166667,10.1384945
9.166667,12.506039
10.666667,12.416145
10.4,8.126518
7.0,7.5538526
5.3333335,6.1748357
9.333333,12.478495
6.3333335,6.295365
6.6666665,7.2393575
9.5,11.14703
4.5,5.372418
10.666667,13.319808
7.6666665,7.492918
10.066667,14.005687
14.666667,9.398986
5.1666665,6.5260544
4.3333335,6.325084
7.8333335,7.5842547
7.3333335,6.2093515
8.333333,7.0747643
8.166667,10.8820095
21.733334,18.469463
6.6666665,7.115797
5.3333335,6.409354
9.5,12.170183
4.766667,6.991482
1.7333333,1.9615389
5.4,6.807068
5.4,6.590778
4.6666665,6.1234093
9.333333,8.41919
10.666667,9.461392
13.166667,11.768958
7.5,8.583446
5.3333335,6.048173
33.833332,21.24412
9.5,11.580853
9.333333,7.7166095
4.6666665,5.882171
7.3333335,8.219133
8.166667,8.861694
11.666667,12.192748
2.1666667,2.6521463
13.666667,12.733289
7.8333335,8.796478
14.166667,9.018506
2.0666666,3.5267065
8.0,6.4957743
9.0,10.1021805
5.3333335,6.316785
10.933333,15.951834
6.8333335,7.3386154
7.5,7.3730564
6.6666665,8.033775
5.1666665,7.653109
13.5,15.107685
3.6666667,4.3018823
4.8333335,7.1035557
5.8333335,7.886916
9.333333,11.800283
9.166667,9.217872
7.1666665,9.470369
9.666667,9.7032
5.733333,6.9870057
7.3333335,8.125461
6.3333335,7.523126
8.666667,7.7405357
19.4,17.410248
4.3333335,6.159
8.666667,8.850537
11.566667,10.197404
2.4,3.2881567
4.0,4.2821765
12.833333,12.851086
8.833333,6.912699
9.4,9.824229
5.3333335,6.7703037
6.4,8.09687
2.01,3.565275
8.833333,9.985868
6.233333,14.583377
6.233333,5.0523825
3.7333333,4.9533668
7.5,8.189281
3.7333333,4.59229
11.9,18.786852
17.833334,20.777145
7.8333335,10.563842
5.3333335,5.743773
9.5,14.364111
18.5,15.606581
4.6666665,6.3724704
4.1666665,5.5477643
8.6,12.5059185
8.333333,9.906359
8.666667,9.618391
9.666667,6.891916
9.333333,9.435334
4.3333335,6.000681
7.6666665,8.387407
32.833332,20.292618
10.333333,15.468014
8.666667,8.484792
6.0,5.8184304
6.3333335,7.5794916
18.4,21.435978
9.333333,9.978303
18.166666,17.80601
4.0666666,5.8235817
3.6666667,4.4433703
5.3333335,7.0124207
6.3333335,8.069752
5.6666665,6.874069
3.6666667,5.2880297
14.666667,12.296803
3.6666667,4.0274734
11.733334,12.300663
3.0666666,3.7409751
10.5,14.410204
5.3333335,7.3313584
6.6666665,7.7355576
5.4,7.6219716
6.0,6.987871
9.333333,8.108561
10.333333,14.2339325
4.5,6.9226017
9.333333,9.12365
6.6666665,6.9518
8.333333,7.724378
11.333333,13.192496
6.5,7.380162
19.666666,11.856291
7.5,6.813326
5.5,6.258208
3.3333333,4.227515
9.666667,8.829564
6.8333335,8.457028
3.5,5.5514283
16.166666,14.566174
4.8333335,6.345508
5.3333335,5.776352
10.333333,10.916585
3.3333333,3.2614138
9.833333,10.359254
8.0,10.611837
3.8333333,5.144392
16.4,10.33362
10.5,10.542153
8.666667,7.869221
5.3333335,5.4985914
6.6666665,6.9469895
4.3333335,6.9092093
17.5,16.541344
4.3333335,4.680693
9.333333,8.452495
4.3333335,4.2599435
5.0,5.0278373
7.0,6.418981
10.333333,9.070138
10.833333,11.594133
3.6666667,4.7530437
17.333334,13.748729
8.833333,8.739789
5.0,7.0763907
6.8333335,7.6323166
4.6666665,5.5280313
10.833333,11.766614
6.1666665,7.9409304
11.666667,8.579705
24.0,15.354351
4.3333335,4.478186
14.833333,11.193155
3.3333333,4.84496
16.066668,12.435195
13.733334,17.147831
14.333333,10.453597
2.4,4.136564
36.166668,25.70852
7.0666666,8.049545
9.733334,10.9228525
6.0,6.037971
14.066667,13.983728
3.8333333,4.2305546
3.6666667,4.5932603
5.3333335,7.139178
4.9,5.456071
6.8333335,8.7813
6.733333,7.4698105
5.0,5.7992306
9.333333,9.808122
9.666667,9.835511
4.4,5.852806
10.833333,13.526585
7.5,11.443427
6.0666666,8.922689
9.333333,9.375233
6.8333335,8.725951
5.5,6.459111
9.5,8.5196085
7.8333335,7.7073774
18.5,17.37278
9.333333,8.269624
4.6666665,4.729015
11.666667,14.339417
7.0666666,8.747414
10.333333,8.416145
5.8333335,6.5383854
8.666667,6.66307
7.3333335,7.520092
7.4,8.4332905
7.8333335,7.9507017
7.4,8.840639
10.5,13.748083
4.1666665,5.325933
8.4,8.825067
5.0,7.07781
4.733333,5.502357
9.5,9.747394
17.4,19.343813
9.166667,11.533403
6.3333335,8.417457
8.333333,9.185465
13.666667,11.038741
4.3333335,5.142027
8.666667,6.658577
6.733333,8.727236
9.333333,6.4192243
9.5,13.979703
16.833334,13.917522
16.666666,13.401808
6.1666665,7.418348
5.0,7.277374
5.8333335,7.377774
10.5,9.455443
9.166667,8.722994
4.733333,6.9418235
3.3333333,3.8298738
4.8333335,5.5313764
3.8333333,5.414203
7.0,8.872074
11.333333,11.499051
8.35,8.419993
6.0,6.964462
12.833333,17.051445
5.3333335,6.781439
4.733333,5.5242763
3.0,4.4465365
5.6666665,6.8143964
6.8333335,8.346947
12.333333,9.994283
4.0,4.563143
9.166667,13.276381
19.833334,14.519601
7.0666666,9.862928
6.733333,10.345533
1.3333334,2.198539
11.833333,14.0877905
7.6,9.076835
5.0,6.5438867
8.266666,11.091167
12.833333,10.413363
8.833333,12.871778
10.833333,12.032853
9.5,9.14208
11.733334,12.837164
6.6666665,5.9303
9.333333,10.84533
12.4,13.465418
4.3333335,5.7942004
11.833333,14.64389
13.166667,9.056015
18.0,12.687925
5.0,6.7846003
7.6666665,8.436873
6.6666665,8.085352
2.7333333,3.680325
9.0,7.2117176
3.6666667,3.7244463
10.5,6.52099
2.8333333,3.0730464
10.733334,15.583591
6.3333335,8.1084585
8.166667,9.613267
8.0,7.2503567
5.3333335,7.106717
7.5,8.966319
6.6666665,7.2027826
7.3333335,7.65458
5.6666665,5.337864
8.333333,9.024398
5.6666665,4.575853
9.5,8.945242
4.3333335,5.6042323
5.5,6.7227173
11.5,9.232538
7.233333,7.5356135
9.0,7.26964
7.8333335,8.345248
6.733333,7.771072
8.0,8.813908
3.0,2.8652914
2.3333333,3.2681649
9.066667,13.716736
18.5,16.772228
12.833333,15.018006
10.833333,9.915569
7.6666665,9.977446
4.5,4.8050957
6.6666665,8.920889
6.0,6.5853214
11.333333,14.778605
3.0666666,4.2784176
19.4,17.175398
9.166667,7.6207676
8.166667,6.941259
7.3333335,9.172356
6.3333335,7.120286
9.333333,11.092303
5.5,6.3504124
18.5,11.815816
6.3333335,10.619336
8.4,10.044296
4.6666665,5.4681983
10.666667,10.135878
4.6666665,5.8246555
6.0,7.162797
9.0,8.329302
5.1666665,5.3168755
6.3333335,8.329184
10.666667,8.032907
7.0,7.009724
9.333333,9.749087
7.0,9.449065
6.0,6.808306
5.6666665,7.9475327
11.5,11.7461605
2.3433332,4.128381
12.4,9.940414
1.3333334,1.740378
16.5,12.304028
6.6666665,7.33011
3.3333333,3.6784701
7.1666665,9.15382
4.0333333,5.8620543
19.166666,17.217655
9.5,9.210168
5.733333,7.69667
9.833333,10.9317465
10.333333,8.979876
5.3333335,6.396802
26.333334,12.026079
5.6666665,6.7460217
6.3333335,6.367165
9.5,9.5574045
3.0666666,3.753127
7.6666665,11.331155
11.733334,12.575869
7.0666666,11.476694
9.166667,10.076064
5.0033336,6.50467
2.0666666,1.667629
7.733333,11.113908
12.333333,13.762593
9.333333,9.7784
6.0,6.4811163
4.1666665,5.1361175
10.5,9.254061
5.6666665,7.508777
7.3333335,9.707466
8.0,6.63706
16.0,12.878555
4.6,6.4803457
7.3333335,8.769739
4.3333335,5.2334504
5.8333335,6.308194
7.0,8.675713
7.733333,8.221839
9.5,9.733958
6.3333335,8.17379
6.0,6.3538985
8.166667,7.602452
8.0,7.1555905
4.1666665,5.504048
9.016666,8.961128
4.0,5.2351966
7.8333335,7.5524178
9.833333,11.647265
3.6666667,4.9733067
6.3333335,4.4969296
9.5,10.133529
5.4,5.9861183
4.6666665,5.536252
6.6666665,5.411458
7.6666665,7.5261292
5.6666665,6.392614
3.5,4.6648583
4.6666665,5.6916
6.8333335,7.414752
6.6666665,7.1102223
15.166667,11.565948
10.833333,15.731413
5.5,7.7623663
5.6666665,6.8108234
2.5,3.7496417
8.0,6.391588
7.3333335,8.373475
5.3333335,5.5962615
4.3333335,5.2605023
3.8333333,5.198512
7.4,7.418254
9.4,7.926538
12.0,9.764261
16.166666,13.257467
8.833333,10.4937525
3.3333333,5.7083473
2.0,2.2300346
10.666667,12.313448
4.0666666,4.0943713
4.1666665,5.5226426
9.833333,12.176539
7.3333335,7.1887484
9.0,9.483989
21.833334,13.521672
8.666667,5.6797767
5.5,7.823193
6.0,7.0570097
4.3333335,6.071122
3.1666667,4.4082084
10.333333,14.367659
5.3333335,9.338398
14.5,10.559399
11.233334,14.651279
20.833334,14.570234
5.3333335,7.238603
5.3333335,5.9497266
10.666667,9.275647
4.8333335,5.793712
6.4,5.460628
10.833333,11.554629
2.0,4.3904123
6.0,6.506856
4.8333335,4.8709702
9.0,10.121777
10.666667,10.025974
5.3333335,5.930231
5.3333335,7.1821647
10.666667,12.049815
7.6666665,7.6356444
18.166666,14.359788
21.5,21.552067
5.3333335,6.222176
4.6666665,5.0121183
4.6666665,6.099129
10.333333,12.011886
8.0,10.605216
5.1666665,6.2560363
21.833334,20.990726
6.0,6.4694366
8.666667,9.3079195
5.5,8.384699
4.6666665,5.056034
4.6,7.402222
13.733334,12.702803
3.6666667,4.3931346
4.6666665,5.607834
6.6666665,7.415634
10.666667,11.340435
11.733334,16.075548
4.733333,5.472644
9.5,8.213929
8.333333,8.896103
4.9333334,8.2413845
26.5,20.47712
12.333333,8.982478
9.666667,8.019262
16.066668,16.716806
9.333333,8.985282
10.833333,12.821001
9.5,9.430314
9.166667,11.4006195
6.0,7.416552
13.866667,14.925837
5.0666666,7.6172147
7.3333335,6.5728607
5.6666665,7.3426447
6.6666665,8.386539
10.833333,11.29892
11.733334,15.455052
7.0,7.3645678
5.8333335,12.155587
7.5,12.45327
12.833333,16.439468
6.6666665,10.160573
10.333333,9.828354
9.833333,9.431397
5.3333335,6.6064854
9.5,9.308149
4.1666665,4.708604
7.6666665,8.872466
6.1666665,7.604769
11.833333,16.948202
7.5,6.320959
4.733333,6.093536
10.333333,8.18445
7.5,8.229082
5.3333335,7.429617
13.333333,11.540351
9.833333,8.352098
4.3333335,5.239132
4.3333335,5.2547703
5.4,5.989707
9.833333,10.645535
7.733333,8.153334
9.0,8.108652
20.833334,18.746214
2.7333333,4.091797
4.8333335,6.15883
7.6666665,7.3738766
7.0,9.49057
7.6,12.611773
10.833333,12.236825
7.3333335,10.108237
9.333333,10.683347
12.4,9.960941
8.0,8.010135
11.333333,10.582792
6.3333335,6.9060397
9.333333,10.407593
7.3333335,7.509562
3.8333333,5.0200706
7.4,9.237532
4.3333335,6.147393
7.6666665,7.578733
9.333333,9.975743
7.0,9.274773
10.833333,12.61663
3.6666667,3.4683468
6.6666665,6.2517815
7.0,7.991841
5.3333335,7.532158
13.166667,15.595226
5.0333333,5.99518
21.166666,14.428499
7.733333,9.112673
6.1666665,6.7960243
9.833333,11.283168
5.3333335,6.3853354
10.833333,10.585978
4.0,4.8055806
6.3333335,7.643118
10.833333,16.003408
4.6666665,6.193544
4.4,4.8161163
8.5,7.4520845
13.066667,11.09567
5.6666665,7.909764
5.5,6.538177
4.3333335,5.3412013
5.0,5.321065
4.6666665,5.5547004
8.666667,7.2277827
6.6666665,7.7430606
10.333333,8.1965065
2.7333333,3.5542772
11.666667,9.019113
2.34,4.133726
6.3333335,8.829913
11.666667,9.717372
15.166667,10.144068
8.666667,7.864048
11.666667,8.307288
9.166667,10.730408
10.333333,9.959156
9.666667,8.592114
6.3333335,7.216173
8.833333,10.900362
4.3333335,5.14587
5.0,5.4329743
7.5,7.1018615
4.3333335,6.414993
6.0,5.636164
8.0,6.278706
5.1666665,6.70889
9.333333,10.979797
5.0,5.725923
5.0,5.019872
4.3333335,3.649591
6.3333335,8.40995
18.333334,11.67858
3.8333333,5.6236434
12.733334,9.701421
14.166667,13.881189
9.0,7.91505
8.433333,9.7005625
14.166667,16.888687
12.166667,9.990813
9.0,8.130538
9.5,13.210343
4.3333335,5.629096
20.4,13.518226
7.0,8.143964
4.6666665,5.0375533
6.5,7.1206098
3.5,6.016024
7.3333335,9.067462
9.333333,11.8972645
10.666667,10.870738
5.6666665,5.5221457
10.833333,15.300423
8.833333,7.3826137
5.6666665,6.509285
8.833333,8.90603
8.333333,8.496532
4.3333335,5.085183
15.166667,13.0809555
6.6666665,8.106811
9.166667,9.6399355
8.233334,11.94646
8.666667,8.748133
6.6666665,7.8599377
4.3333335,6.0531173
5.0,5.7579565
9.0,10.411708
3.3333333,4.857634
17.333334,13.06121
4.0,5.3378353
7.5,9.331795
9.666667,9.012198
3.6666667,5.6150813
7.733333,11.558511
9.833333,11.828803
10.833333,15.987565
3.7,5.3001733
7.8333335,12.754012
8.333333,6.857185
3.6833334,5.680024
2.3333333,4.632837
5.266667,6.6850514
3.4,5.3743258
10.333333,10.587881
7.6666665,9.25114
5.3333335,7.4585023
4.3333335,5.5355496
10.333333,10.678841
6.3333335,8.553147
6.6666665,7.5585723
7.0,7.0251446
10.5,14.530114
17.4,13.953346
7.733333,12.347556
9.833333,10.418144
2.8333333,4.407271
5.1666665,7.688128
7.6666665,5.8853245
3.8333333,4.2213907
12.833333,10.510173
13.833333,14.391114
8.166667,7.9317107
6.733333,8.218139
11.5,14.844132
8.166667,10.307796
4.6666665,7.088553
15.666667,10.102723
7.3333335,11.0369625
4.3333335,5.3215303
4.6666665,5.0817833
5.6666665,6.8954144
3.3333333,4.4526253
11.333333,9.524336
9.5,12.350891
8.666667,8.187424
8.166667,9.508524
8.666667,9.837646
8.0,7.3239064
4.6666665,5.63723
14.833333,13.282859
8.0,7.406196
11.333333,9.381958
9.666667,11.185559
4.733333,6.6144032
4.3333335,5.299764
9.0,8.487151
7.8333335,8.557771
4.733333,5.6677437
16.4,11.619721
10.666667,10.870373
9.833333,11.827131
5.5,7.6358685
4.0,4.5832906
6.8,9.076813
2.4,3.877228
8.4,6.330228
7.0666666,8.737518
10.333333,13.485669
9.166667,9.44085
4.6666665,5.2513433
4.4,5.20142
9.166667,13.976937
9.333333,11.787614
4.6666665,6.681644
23.0,13.176429
4.6666665,6.0035644
7.3333335,7.7774553
7.733333,7.3777175
10.233334,12.734486
10.833333,10.952211
4.3333335,5.3403726
6.733333,7.052439
8.166667,9.183955
10.666667,10.483989
7.0666666,9.761626
8.166667,9.269873
23.666666,13.764169
3.5,3.7738676
11.733334,20.26898
5.3333335,6.5512013
10.833333,9.320804
5.1666665,5.7420335
6.8333335,7.4267416
9.4,12.270047
11.666667,9.436707
9.666667,10.300672
5.5,7.430388
5.6666665,6.2939262
13.666667,11.958518
9.333333,8.17588
8.666667,13.455712
11.666667,8.136124
16.066668,14.546404
6.1666665,5.570868
6.35,5.846529
7.6666665,8.313396
9.833333,11.21698
7.8333335,11.585843
5.6666665,6.8220663
15.833333,15.736261
11.166667,8.631989
5.1666665,8.062152
7.3333335,7.6274962
10.733334,8.086722
7.4,10.486431
8.4,8.714183
10.833333,11.779647
11.733334,18.57882
7.733333,7.906312
6.6,7.616193
5.4,6.8077693
4.3333335,5.500922
4.6666665,5.5021653
5.3333335,6.430916
5.233333,8.1235485
8.166667,7.835048
6.6666665,8.028991
5.3333335,5.058471
6.6666665,5.4229717
8.833333,8.011948
9.0,9.79458
9.5,14.104339
4.3333335,6.0816636
9.0,7.5145593
18.333334,13.454089
11.0,10.704352
5.1666665,6.9529924
10.4,9.016019
7.5,8.2806015
7.0,7.5986786
3.8333333,4.601275
16.166666,17.267237
9.333333,7.9644885
8.833333,10.288129
3.3333333,3.8556826
10.833333,13.203253
7.8333335,8.740017
10.666667,10.91352
5.0,4.75712
4.0666666,5.4365077
9.4,13.050201
20.566668,16.263113
9.5,9.661925
9.5,12.089855
10.833333,13.504604
9.166667,7.8940067
8.933333,14.163683
9.166667,10.505507
4.4,5.854987
11.666667,12.061002
4.5,6.2965856
17.066668,14.800356
9.833333,10.079136
4.4,5.6169925
4.3333335,4.8247986
4.3333335,5.100558
5.3333335,5.66184
5.0,6.757323
1.6666666,3.8125675
5.3333335,6.5097437
5.733333,7.4664297
7.0,7.681708
9.5,11.372994
4.6666665,5.69152
8.4,13.750777
11.666667,12.248716
4.6666665,5.415339
6.5,6.1122985
5.6666665,7.763209
9.166667,13.924186
4.8333335,5.262821
6.3333335,6.511643
9.0,9.326713
13.233334,21.44201
9.066667,14.179265
16.0,13.817976
4.4,5.196758
8.666667,8.256528
9.0,7.756695
11.666667,10.450907
7.6666665,15.467985
10.666667,12.318045
7.6666665,9.204916
6.0666666,7.143831
5.6,6.932833
10.833333,13.394358
8.0,9.3221245
9.5,9.8841915
7.0666666,6.607517
4.6666665,6.6061277
9.333333,7.905427
16.166666,15.23936
12.5,12.807077
6.5,7.2707343
9.5,11.344686
7.0666666,7.950829
4.6666665,5.258306
6.6666665,6.5166306
5.1666665,5.8927336
6.6666665,6.3007417
1.6666666,1.9403508
4.6666665,6.0970483
7.3333335,9.1372175
9.0,6.9905686
7.3333335,7.241278
3.8333333,4.7009277
4.733333,5.718455
4.0666666,5.1065974
6.0,7.2441487
5.0,5.9797287
9.5,10.478655
7.0,6.2357645
5.733333,6.6490126
8.833333,15.519371
6.4,7.235824
15.5,16.386568
9.0,10.609729
12.0,9.511897
5.3333335,5.9971347
9.333333,9.441291
9.0,9.861439
3.0333333,3.9685826
2.8333333,3.2926486
7.733333,9.58671
8.5,7.8195825
7.5,7.4358077
6.0,6.334726
17.333334,9.781753
9.0,7.9688444
9.166667,13.1183405
6.5,8.45337
15.166667,10.383112
8.5,8.158313
5.3333335,5.607462
6.733333,7.716085
3.7333333,4.0007663
11.333333,10.764566
4.3333335,5.94197
6.6666665,8.705189
15.666667,13.87284
9.166667,7.2757845
3.8333333,5.3507786
8.666667,8.242792
8.5,10.322855
9.733334,10.208144
7.6666665,10.104123
5.3333335,6.6957974
5.8333335,7.7968025
7.5,8.319933
7.0,3.2778723
5.3333335,6.356527
3.0666666,3.3381538
9.833333,9.158618
21.666666,12.811951
10.666667,11.330288
3.3333333,4.9927745
8.4,10.856433
3.6666667,4.0390396
6.366667,5.211072
8.066667,7.594318
9.166667,10.766585
8.833333,8.603779
10.333333,9.425524
5.3333335,6.91308
10.833333,13.891866
9.833333,11.01758
11.5,12.38583
17.833334,13.605432
9.0,5.572788
7.6666665,9.007438
6.3333335,7.0951557
5.5,6.947418
9.333333,11.183202
2.3333333,4.6962795
7.3333335,9.213563
10.833333,12.802436
7.5,8.378197
6.733333,7.8682547
5.3333335,5.5813704
9.0,11.268778
4.0,5.2866354
5.0,4.8282213
3.3433332,5.3147006
6.0666666,7.3553586
13.733334,11.381935
11.0,8.573201
8.733334,9.247663
9.0,10.92263
7.6666665,8.255492
14.333333,12.582667
2.34,1.6616465
7.5,9.918882
3.3333333,5.6002054
4.0,4.891605
4.4,5.879619
8.166667,8.626719
16.833334,12.439136
10.833333,9.866891
6.1666665,6.7517967
9.5,15.155354
4.6666665,5.672837
11.5,19.13578
9.5,9.570694
7.4,9.819636
11.666667,11.630324
4.0,5.231558
7.733333,7.471859
5.3333335,6.4127765
10.5,12.369284
4.6666665,4.645185
5.3333335,6.3957853
3.3433332,5.010189
10.666667,12.6745
9.333333,8.405509
7.5,9.088651
8.666667,6.702695
8.0,6.086667
9.1,10.125511
12.733334,11.45343
9.333333,11.760449
7.0666666,8.702904
10.0,8.349465
7.8333335,8.830309
3.0,2.8630571
7.5,8.012932
8.166667,7.4001145
4.0,3.4356866
6.6666665,7.347997
9.333333,9.293196
4.6666665,5.6123714
19.066668,14.03443
5.6666665,5.9908566
6.3333335,7.345591
9.0,7.4066625
11.166667,13.900723
7.6666665,7.964162
12.0,11.212061
4.0,4.558925
10.666667,8.908033
11.733334,10.998741
7.0666666,8.762805
6.4,7.3088417
6.0,8.095033
10.166667,10.66636
5.1666665,6.449647
3.0,3.590676
7.8333335,8.523245
16.166666,10.47826
12.666667,9.677138
11.833333,12.540524
4.6666665,6.613476
10.0,12.169339
6.0,6.195626
3.5,4.711843
6.0,7.125297
11.333333,8.028011
6.0,6.5653195
4.1666665,4.7363935
6.6666665,8.507802
7.0,7.058353
8.4,11.101358
10.166667,9.094217
12.233334,14.711581
9.833333,11.133844
11.5,11.705639
8.833333,11.120758
10.666667,9.354332
6.5,7.665713
6.6666665,6.8617835
6.6666665,7.984304
9.333333,8.626493
6.0,6.8192863
8.833333,8.495865
6.733333,9.508294
20.166666,14.410355
3.8333333,5.195355
4.0,5.002022
15.166667,13.792199
10.166667,11.349222
8.166667,9.305847
3.0,4.6779604
10.4,7.10961
7.6666665,8.34504
7.6666665,7.819539
6.8333335,6.894321
7.0,6.1404495
10.166667,8.975053
8.016666,9.726985
16.5,16.580465
4.6666665,6.779026
4.8333335,4.858405
10.666667,10.612583
5.5,8.304227
4.3333335,5.311043
5.3333335,7.9065013
10.833333,12.838241
7.3333335,5.994906
19.9,11.887533
7.6666665,9.1966095
9.5,7.450021
5.1666665,7.0584264
5.6666665,6.53812
10.0,8.0462055
9.166667,14.625815
10.833333,12.655501
3.0666666,4.9582205
8.006667,7.2940955
5.1,4.81097
9.333333,8.25661
9.166667,8.995604
7.5,7.9838576
9.333333,9.531468
20.9,22.477465
9.5,12.313343
7.5,6.343075
9.333333,8.241193
9.666667,7.433612
4.633333,5.9804816
4.6666665,5.785981
4.3333335,5.7533855
18.066668,17.76782
2.8333333,4.750039
9.166667,9.548242
18.333334,14.310866
4.3333335,5.616781
9.333333,9.999013
3.8333333,4.694466
4.3333335,4.641253
10.333333,9.698218
5.3333335,5.5937676
30.5,17.810268
8.333333,8.438296
8.4,6.2578006
9.666667,8.917656
3.4,4.1477246
4.366667,5.793802
5.3333335,6.1222672
11.666667,16.451721
9.666667,9.249225
5.1666665,6.7053466
22.4,17.7057
14.0,12.325117
9.833333,10.137638
4.1,5.7833457
11.733334,16.70133
4.8333335,5.7439866
8.0,8.664022
8.0,11.571925
7.1666665,9.3760395
8.333333,9.165448
9.333333,10.184026
9.233334,7.913338
4.6666665,4.711441
5.3333335,5.3223605
6.1666665,8.380632
9.333333,11.867655
5.0666666,5.684547
20.5,15.693235
4.4,5.355949
2.3333333,3.7351828
11.833333,17.876923
5.0666666,6.24234
4.733333,5.351446
7.8333335,8.048724
8.666667,7.5117097
10.833333,12.222049
10.5,16.619028
7.8333335,10.531722
7.1666665,7.2816806
8.333333,9.36971
6.6666665,10.940504
5.5,6.5299015
7.8333335,8.903288
10.733334,14.642622
8.5,14.950453
3.6666667,3.264224
11.5,13.757421
7.0,9.290716
9.0,7.955366
5.0,6.0376396
8.333333,8.585223
8.4,7.247215
4.6666665,6.322834
10.833333,9.251996
5.6666665,5.1193185
4.6666665,5.7733555
8.666667,7.318485
6.0,6.7733684
7.6666665,5.128669
9.5,12.399184
5.1666665,6.7680035
7.6666665,9.492872
4.1666665,3.9291291
22.166666,10.870506
6.5,6.8458166
20.833334,13.775236
17.4,11.886499
4.1666665,4.559408
12.833333,17.902546
6.0,7.0555177
8.333333,6.720491
7.0,8.85897
9.5,9.012797
6.3333335,7.872247
5.3333335,6.0551934
3.3333333,4.606014
10.666667,11.163815
8.666667,7.6920743
30.833334,18.193966
5.6666665,6.6208763
5.3333335,6.3069024
9.0,8.261618
6.8333335,7.215903
3.0666666,4.1655936
10.4,13.958367
9.5,11.203697
2.3366666,2.6295757
11.5,12.757388
12.0,9.923834
8.066667,8.305894
4.3333335,6.1401463
10.333333,9.272226
3.6666667,3.5068347
4.3333335,5.0862074
10.0,8.484804
6.5,8.881537
6.0666666,7.669088
4.3333335,5.94654
3.7333333,4.992214
5.3333335,7.6657443
5.3333335,6.6639214
3.3333333,6.445363
8.333333,5.4549747
7.0,7.93766
4.0666666,4.9900904
5.3333335,7.0001435
7.0,7.3696103
8.833333,8.409705
5.3333335,7.1062093
2.67,3.350458
14.0,9.019335
10.833333,13.126349
6.6666665,6.1311893
10.666667,7.489638
6.0666666,10.155439
6.0,5.7551727
6.6666665,7.5253606
4.4,5.3529644
8.333333,8.164872
17.0,11.270954
4.0,6.264317
9.166667,10.712196
2.6666667,4.060349
14.166667,14.665153
9.833333,12.616032
8.666667,13.365031
9.5,10.6743145
10.0,13.45598
2.3333333,3.5931513
3.0666666,3.8741622
6.3333335,7.4308686
7.8333335,6.4692626
7.8333335,11.300295
1.6733333,3.0016632
5.0,5.6043315
9.333333,9.169933
10.833333,15.700435
10.666667,9.842638
9.333333,12.891618
2.5,2.4994297
3.7333333,4.628435
2.7333333,4.434128
5.0,6.5653315
11.733334,9.6255665
4.0,4.6915464
5.0,6.133981
7.6666665,5.0289664
5.0,5.5919766
9.5,13.86964
5.3333335,6.457901
5.3333335,6.392176
11.733334,11.8820305
5.8333335,7.385811
10.0,9.321665
16.166666,12.27055
3.3366666,4.6090474
8.166667,9.977897
2.6666667,2.9287286
14.066667,13.96376
9.166667,8.008506
11.333333,11.258527
9.5,9.064679
6.3333335,6.684268
5.0666666,5.85853
9.333333,8.188915
5.8333335,6.318379
10.666667,13.013768
7.733333,7.483667
4.0,5.324449
2.7333333,4.9878488
19.733334,12.379202
4.3333335,4.3575325
10.433333,13.067364
10.833333,10.3259735
6.6666665,7.298766
5.733333,7.2203083
10.9,11.401457
10.833333,10.376454
11.833333,13.340921
3.3333333,4.14261
7.6666665,8.96642
10.666667,8.658893
3.6666667,3.9124796
9.166667,10.018433
10.333333,13.349405
12.833333,14.380747
11.333333,10.2536955
11.833333,15.841297
13.5,15.01427
11.5,15.033521
5.0,5.9171357
10.333333,12.865533
5.3333335,6.5543904
13.833333,9.841042
9.5,6.483718
4.733333,5.6409645
9.333333,7.2391825
8.733334,10.506512
9.666667,7.7326226
3.7333333,5.8874464
6.3333335,7.722301
4.3333335,5.806074
7.5,7.7833796
4.0666666,4.786248
13.733334,17.374294
11.833333,14.71967
11.733334,10.425301
5.0,6.0719247
9.333333,9.019081
12.666667,10.977362
14.066667,18.808937
5.6666665,7.9868298
6.3333335,7.179237
7.6666665,8.023277
8.0,8.134859
7.0666666,9.559729
4.8333335,5.669945
6.6666665,7.939896
5.3333335,5.44803
8.833333,10.888253
6.6666665,7.868849
5.6666665,6.7810493
8.333333,8.526439
9.833333,9.016752
10.666667,8.137624
7.733333,9.987735
4.766667,6.3666463
4.3333335,5.54453
7.8333335,9.289178
7.733333,13.075536
7.6666665,7.603886
17.5,15.90875
7.6666665,10.057333
12.833333,13.541911
7.4,8.213741
3.0666666,4.253027
4.4,4.7437453
3.0666666,3.2708645
4.3333335,6.0501833
10.833333,15.084356
4.4,6.7068105
4.6666665,5.751021
16.066668,15.0588
11.833333,11.543891
9.333333,8.935685
4.1666665,3.9806788
9.5,13.075243
6.0666666,8.885192
2.3333333,2.5230315
7.5,10.434248
8.666667,8.07069
11.733334,15.20085
5.0,5.6433716
7.0,9.299189
4.5,5.3371625
12.0,13.414387
7.0,7.106681
3.8333333,4.5465417
7.8333335,9.355368
31.066668,17.86888
3.0666666,4.081237
2.6666667,4.736033
5.6666665,7.0392976
16.666666,13.920132
4.3333335,5.0986176
6.0,5.7648234
18.1,16.666996
5.3333335,7.8485007
7.733333,8.122042
9.333333,9.195654
12.733334,13.786815
7.9333334,9.557466
4.8333335,6.586388
1.0,1.4191078
8.166667,9.21563
6.6666665,7.689279
9.833333,8.588783
4.8333335,6.3229127
10.833333,15.721554
14.066667,11.738482
8.666667,7.615245
8.0,6.488856
9.166667,7.9342465
11.666667,8.235943
9.5,10.045406
24.166666,18.378199
10.0,8.273588
9.0,7.9667354
4.6666665,5.7862024
5.6666665,6.7265515
15.833333,19.370811
7.8333335,10.26705
4.3333335,5.4613247
4.3333335,4.9906273
6.6666665,7.6363306
10.066667,11.2530985
4.4,5.5712695
8.0,7.838399
5.6666665,6.7946134
5.0,5.5479116
7.0,9.420015
5.3333335,7.4206266
7.6666665,10.12175
7.6666665,6.80514
6.0,3.6372077
6.0,5.653533
4.3333335,4.503796
7.0,8.862639
10.833333,16.158905
19.166666,16.157627
4.5,6.2526116
10.4,13.642257
10.666667,9.213484
4.3333335,3.6607976
10.666667,7.8610516
10.833333,15.949307
13.0,12.712599
4.5,5.796966
1.3333334,1.3199167
6.6666665,6.403717
6.8333335,7.402775
9.0,7.655327
9.333333,10.7713995
3.9333334,5.4837513
11.833333,19.909697
18.4,16.525108
7.6666665,8.773939
4.1666665,4.7872305
8.833333,14.587103
8.166667,13.28275
8.666667,9.333402
3.7333333,5.8200645
5.3333335,5.9684777
9.166667,8.041673
9.0,9.013073
2.7333333,3.3172905
9.0,9.911568
11.733334,13.459791
6.233333,8.690514
12.166667,12.24241
1.0,3.6425161
7.6666665,6.7142816
7.3333335,8.182536
12.733334,15.594589
4.6666665,6.748159
8.566667,8.475724
4.0,4.714954
9.0,11.216063
8.166667,6.7031054
10.833333,11.355619
1.3333334,2.1967251
5.0,6.0768213
10.666667,9.31996
4.1666665,5.4012604
5.0,6.728781
2.2666667,3.4491992
6.6666665,8.338304
4.0,4.7896867
7.6666665,7.5694337
4.8333335,5.824355
7.0,8.216398
6.0,6.2086024
19.4,15.041486
6.4,8.442888
9.833333,11.105084
11.333333,10.52779
12.833333,15.419646
5.0,6.506314
6.3333335,6.4117455
6.6666665,7.338987
4.8333335,5.6744165
10.666667,11.223353
14.166667,16.078575
5.5,6.751885
5.4,7.4979615
5.733333,6.829972
14.066667,13.824358
11.166667,12.788745
7.5,7.748506
9.833333,12.778055
10.666667,9.715656
9.333333,9.548778
9.0,8.082216
4.6666665,6.247219
9.666667,11.452247
9.0,6.654839
4.8333335,6.022427
8.0,11.61254
5.3333335,5.8309093
4.4,5.628583
11.4,14.919526
9.333333,10.302921
7.5,7.4185867
15.166667,14.968516
15.0,11.028304
8.066667,7.820961
5.6666665,6.5397754
7.8333335,8.478221
16.333334,14.153333
4.0,4.5220227
18.166666,17.925055
8.1,9.088023
4.366667,6.815118
5.8333335,7.66745
2.5,2.811512
3.5,3.6737568
10.333333,7.388116
3.7066667,5.664403
6.4,7.6586795
7.8333335,8.611187
7.0,5.1009974
8.5,13.237146
9.666667,8.394642
7.3333335,7.011889
17.5,12.18993
9.666667,9.906027
8.166667,7.8370886
4.6666665,6.340899
10.0,9.519201
4.1666665,5.9088264
10.666667,8.869217
7.8333335,9.081482
14.666667,8.637908
23.5,13.535614
3.3333333,4.2225394
12.733334,14.060669
4.6666665,6.3608336
4.3333335,6.1849637
16.0,12.782338
10.166667,13.943006
3.4,6.795351
7.6666665,8.322155
7.9,8.126253
7.3333335,7.4093413
19.833334,14.675441
6.5,7.1639757
4.1666665,5.9096293
10.666667,9.981645
9.666667,8.556156
21.733334,21.410892
11.833333,10.753522
4.9,6.0586605
5.1666665,8.272571
9.5,12.488509
8.166667,8.429818
18.166666,14.171726
17.0,17.386135
4.5,5.0422373
7.0,7.6446342
9.333333,11.596235
12.833333,13.700047
5.0,6.530524
9.5,17.419985
6.3333335,6.8910265
11.333333,9.2684965
8.166667,11.048518
5.0,5.9935966
11.333333,9.976196
9.333333,10.796259
7.3333335,6.657184
11.166667,12.150413
17.833334,16.284548
10.733334,10.449801
6.0,6.900829
7.4,6.7428823
6.0,6.868707
9.166667,12.909411
10.833333,16.689293
5.6666665,6.558699
9.0,7.9338284
4.266667,6.240957
3.0666666,5.315808
10.666667,12.975732
9.5,14.960589
5.5,11.495334
11.0,9.380835
5.3333335,6.6555448
7.0,8.479884
4.8333335,5.2652545
6.3333335,6.9530816
10.333333,12.358388
6.8333335,7.970963
2.5,3.8242414
11.733334,12.581123
5.5,6.9654284
8.066667,6.5631304
7.5,10.11071
7.0,5.799135
5.6666665,6.4601707
9.666667,11.498992
10.333333,13.594828
6.0666666,7.4304233
8.0,9.235377
10.666667,10.500036
10.0,10.020253
11.833333,11.371242
9.333333,11.844879
17.5,16.095758
20.266666,18.514717
5.6666665,6.36138
6.0,6.9630017
6.0,7.868661
5.0,6.485487
22.833334,21.297909
8.0,6.422865
9.166667,11.339657
5.9333334,9.709076
8.166667,14.329579
7.0,7.02689
18.166666,18.492573
11.5,16.666132
17.5,12.736927
9.5,9.780257
4.733333,5.8636565
16.433332,6.6832113
19.4,17.1616
9.333333,6.544641
7.0666666,11.907574
9.0,8.2813635
5.0,6.9658327
4.733333,7.09798
5.6666665,5.367726
3.3333333,4.675793
4.5,4.725508
5.6666665,7.467947
7.3333335,7.322461
15.833333,12.777425
7.733333,9.675831
10.666667,9.291292
5.3333335,6.187878
6.8333335,8.220448
7.3333335,7.244514
6.0,5.26713
5.6666665,6.2053995
6.0666666,7.650706
9.333333,7.9338813
5.5,6.3413963
28.0,15.015769
5.0,7.763595
9.666667,7.6950946
12.0,14.845617
7.6666665,8.414637
10.833333,12.611632
6.3333335,8.171275
3.0666666,4.521385
5.5,7.7154007
6.6666665,7.220208
9.166667,9.768962
6.5,7.0481706
3.5,4.571475
2.3333333,2.4025652
21.733334,20.199936
9.5,8.358301
7.3333335,7.2867875
6.8333335,7.512222
8.666667,10.43138
4.3333335,4.651073
5.0,6.0595818
10.666667,9.976642
20.5,15.844306
17.5,16.897795
5.0,5.0504947
20.5,18.00032
10.666667,13.19193
7.6666665,8.613833
5.0,5.3167553
10.666667,10.503541
11.833333,11.967519
15.166667,18.279026
7.3333335,7.2008033
11.833333,15.3411255
10.333333,9.678142
4.383333,6.155554
10.333333,9.117731
4.5,5.654261
5.0,5.5300183
10.5,8.943779
3.7666667,5.028498
4.3333335,6.2025657
5.0,5.9730563
3.0666666,4.727267
6.0,6.8601904
19.166666,15.009908
9.066667,11.668518
8.333333,8.70365
10.166667,9.057378
9.666667,9.222001
9.333333,7.765442
3.6666667,4.407439
9.166667,9.779134
4.6666665,5.444544
6.0,6.885307
9.0,12.451738
7.0,7.4893622
15.833333,17.392076
7.5,8.259966
9.333333,14.244894
9.5,10.084766
6.5,8.620375
9.5,13.965708
19.833334,15.016864
7.0666666,12.068879
3.6666667,3.7383053
17.4,19.166077
10.833333,11.007273
6.0,6.735922
3.0666666,4.760117
4.8333335,6.744019
5.6666665,5.923581
5.1666665,6.5749583
14.666667,7.872174
3.0,3.9559963
3.3333333,3.9865122
5.3333335,6.2270465
7.0666666,14.096829
4.8333335,5.6124463
4.8333335,6.062517
9.5,13.960916
9.266666,17.047369
12.5,11.245391
9.5,9.656738
7.1666665,11.918442
15.166667,13.622666
11.666667,11.391416
9.833333,9.55525
4.0,4.54651
12.0,6.618017
13.0,11.366207
22.666666,19.717344
15.833333,14.5859375
9.066667,13.62759
9.166667,10.202678
7.733333,12.440939
6.5,7.5851684
12.666667,17.073765
5.8333335,7.244619
8.333333,9.473612
4.5,6.096707
9.5,12.814535
5.3333335,6.6428556
11.9,13.477985
12.833333,16.828053
3.6666667,4.6928034
5.1666665,6.681171
8.5,7.385218
1.6666666,2.3834062
4.1666665,5.2715235
8.0,7.62575
17.733334,13.2707815
12.733334,11.826343
7.8333335,8.724883
10.833333,12.903693
6.3333335,7.250313
10.833333,11.586925
9.166667,12.568062
5.3333335,5.61547
8.0,8.501095
8.666667,5.0422225
5.5,7.077856
15.166667,15.881089
7.4,9.393217
8.666667,9.712322
7.0,8.020697
10.5,11.834877
8.0,8.215906
7.3333335,7.340016
10.833333,12.625759
9.833333,13.174378
10.666667,8.702753
15.166667,19.057201
4.5,7.0506473
5.3333335,6.5552325
6.3333335,7.5213304
11.666667,13.997126
9.5,8.8642845
9.333333,7.3557854
7.6666665,6.74577
8.0,9.904917
8.666667,8.034049
6.0,6.7171783
8.233334,11.1176
3.6666667,5.281055
4.6666665,5.7480345
4.0,5.136592
8.0,8.147668
5.3333335,6.159534
3.8333333,4.93022
4.8333335,6.292797
9.166667,10.571688
3.6833334,5.6970983
19.5,14.48813
5.8333335,6.7743936
4.6666665,6.2914033
18.5,19.09682
5.8333335,7.104271
6.5,10.13173
4.3333335,5.6516194
7.8333335,9.1934
15.0,12.978734
10.5,7.859009
8.5,5.91934
4.5,5.9089127
6.6666665,7.3908877
4.1666665,4.8346133
15.5,10.725896
8.0,8.2216
10.166667,10.17388
4.0,5.059025
5.1666665,6.4788356
5.3333335,6.3348823
5.3333335,7.173634
20.733334,14.181121
9.5,10.784193
8.0,12.295998
3.3333333,4.163827
5.6666665,6.449436
7.3333335,8.99517
7.6666665,6.558008
10.4,9.478482
5.8333335,7.009013
12.833333,16.099897
4.733333,6.003556
9.666667,8.858376
5.5,6.596539
7.0,7.09656
4.6666665,6.920417
2.8333333,3.7188973
6.1666665,8.319758
4.0,4.209128
5.0,5.415095
2.4,4.152533
12.166667,9.159944
5.6666665,6.73565
5.3333335,6.7875185
7.1666665,4.9842577
7.3333335,7.905636
9.666667,8.313853
12.733334,9.494378
7.3333335,5.474657
5.733333,6.9578457
6.0666666,7.6838827
10.0,9.206187
4.6666665,6.041719
10.666667,8.712873
5.0,6.577059
1.6666666,1.9161043
5.733333,7.1210485
10.833333,13.528881
5.6666665,6.214792
6.5,8.705356
10.833333,14.209474
4.4,4.9663963
8.733334,14.443543
10.4,16.561756
7.8333335,8.425322
6.0,6.6650043
8.666667,9.412301
4.0,6.1480975
3.6666667,3.6929142
11.666667,13.5784445
9.833333,10.81226
2.7333333,4.1827407
6.0,9.298044
6.766667,7.052439
10.0,6.535639
12.4,11.188199
5.733333,7.055252
9.0,9.725692
6.733333,10.40702
10.5,8.418855
2.3333333,1.5408027
7.733333,7.7564125
5.3333335,6.6163945
11.833333,18.09482
9.333333,9.829629
10.166667,11.761587
10.566667,12.901824
9.0,10.403294
2.6833334,4.1373286
16.5,10.158482
10.733334,9.684574
11.833333,10.313826
4.4,5.9655743
13.066667,11.898324
9.0,8.650467
5.3333335,6.364341
7.733333,11.868439
3.0666666,4.137841
10.666667,9.784398
4.6666665,5.8212833
4.0,5.2538924
5.6666665,7.3064146
6.5,7.490025
9.166667,8.857308
10.066667,13.823317
6.5,7.6731834
10.666667,9.195969
8.333333,10.315555
13.6,11.919012
5.5,7.042144
9.833333,11.712391
4.0,5.8408194
4.6666665,5.8396835
10.833333,14.507369
11.666667,9.672633
7.8333335,10.424297
1.1666666,1.8006207
6.0,7.2071514
9.5,9.429693
4.0,4.4115944
6.0,5.8684373
9.166667,11.811968
4.3333335,4.9197016
9.333333,8.189615
4.5,6.0146427
9.066667,12.0903845
4.8333335,6.1287174
9.166667,12.426325
9.333333,12.815152
4.0,3.8567774
8.833333,7.884807
9.333333,10.153924
6.8333335,8.560985
7.4,8.710434
11.666667,9.118772
9.666667,13.305258
10.733334,11.138952
4.6666665,5.170811
3.7333333,5.080244
8.333333,6.93889
8.0,6.592679
13.066667,12.172976
9.166667,9.70352
12.666667,12.323564
10.0,11.257818
11.333333,10.576055
12.7,8.860248
10.333333,10.936096
3.4,5.666625
2.3333333,2.8343947
5.0,5.1703386
9.333333,10.07776
7.3333335,7.9038005
3.8333333,3.7258842
14.5,13.44669
9.0,8.185635
11.333333,15.2568
10.333333,9.850835
11.666667,16.159672
9.166667,11.197876
10.166667,12.811247
4.8333335,6.5659213
5.0,6.034598
10.4,15.388477
9.5,8.583018
3.4,5.3235245
7.733333,8.311218
9.666667,9.717708
6.6666665,6.7629356
4.3333335,6.7218122
6.8333335,9.7616205
4.8333335,5.310147
5.3333335,6.940139
12.666667,8.5513735
6.3333335,7.256236
9.333333,7.358927
6.6666665,8.227964
9.666667,10.120269
11.833333,13.676303
17.166666,13.671373
4.6666665,7.2786627
16.666666,15.244842
5.1666665,7.1421037
11.733334,15.298668
10.0,10.295395
8.333333,8.432643
4.9333334,6.169178
7.0,7.5608225
7.733333,9.170788
17.733334,15.861796
10.833333,12.094918
6.0,7.1618977
7.6666665,6.8782387
9.333333,8.602679
8.5,8.837641
6.4,7.8250017
4.3333335,5.2143188
7.0,7.7832966
6.3333335,8.411721
6.0,8.324484
7.1666665,8.808745
4.6666665,5.702344
2.1666667,2.3639717
10.833333,15.285083
5.0,8.492631
12.4,18.734707
5.3333335,6.039549
10.833333,11.973333
7.3333335,9.032155
6.3333335,6.6256266
10.833333,11.800055
8.333333,8.846831
2.8333333,2.1391103
4.6666665,2.3450603
6.0,5.186632
5.6666665,6.4660616
6.8333335,7.143816
6.3333335,7.230873
6.0,5.869491
12.0,9.031126
5.0,5.8393197
5.0,5.736978
4.5,6.4886723
3.1666667,4.5045643
9.166667,9.151543
7.733333,8.6515255
7.733333,8.691784
9.833333,12.083629
1.6666666,2.4838436
10.833333,11.970491
4.4333334,5.8108325
10.166667,9.728979
5.6666665,4.1954765
7.5,9.686971
4.6666665,5.8877015
4.3333335,6.752758
16.166666,11.279625
4.6666665,5.9553514
5.0,6.58349
5.266667,6.6748295
9.5,9.50203
8.666667,12.45325
6.4,8.227437
9.5,9.030806
10.666667,8.325161
4.0,5.6734548
3.6666667,4.8992996
10.4,13.384059
9.333333,9.968019
7.4,7.5517993
17.166666,11.636819
8.833333,7.0142155
14.833333,17.66235
7.0,7.070627
6.5,8.456964
10.566667,11.307582
5.0,5.9876194
10.333333,8.493139
8.0,9.98431
4.8333335,6.1143374
6.733333,7.662348
16.833334,18.02975
10.166667,11.125566
15.833333,15.956915
5.4,7.8821964
7.8333335,6.4560647
7.0666666,7.1152763
16.833334,16.776756
14.066667,14.832577
4.733333,6.0503078
15.166667,14.565173
8.733334,11.696911
9.4,7.493677
9.166667,9.669956
17.4,9.604012
12.833333,14.226864
9.833333,11.821825
6.3333335,5.0858183
10.5,12.070082
5.0,6.409545
6.0,7.0029635
11.666667,12.768614
10.833333,18.377457
4.6666665,5.665111
10.833333,17.57538
19.4,16.803663
6.3333335,8.715598
2.3333333,2.0864737
9.333333,11.725519
7.5,7.987923
10.833333,10.116743
4.733333,6.462382
18.5,15.478249
8.166667,6.1750054
9.333333,8.450833
10.333333,7.995371
6.5,7.448013
11.666667,10.692733
16.0,12.374419
12.833333,13.125498
10.5,11.069372
6.8333335,7.965922
6.1666665,7.3130064
9.833333,10.606924
17.5,13.371145
6.8333335,10.69252
7.5,8.181977
9.666667,8.111888
17.5,15.602207
3.3333333,3.9543917
7.3333335,7.60519
7.6666665,6.426069
19.066668,15.415739
6.5,7.473754
9.666667,7.9646006
4.8333335,7.211963
5.3333335,8.308689
2.0666666,3.1575232
3.5,4.281584
8.333333,8.426661
5.1666665,6.548091
20.4,17.874401
7.3333335,6.387724
9.066667,15.391018
8.0,7.1782684
7.6666665,9.008292
9.5,9.789259
9.333333,8.765482
4.5,5.13755
19.166666,14.450362
15.066667,12.426372
3.3333333,4.890447
3.6666667,4.582145
7.0,5.2360168
12.0,7.2381673
11.5,18.39776
8.833333,11.668427
7.6666665,8.149025
3.7333333,3.0375962
7.0666666,9.004663
4.6666665,6.9001293
7.0,7.675042
12.733334,14.30046
9.333333,6.581223
10.833333,10.408334
2.6766667,4.6322837
4.0,5.379165
10.666667,9.991578
5.0,5.357479
7.1666665,7.459636
1.8333334,3.4036322
7.6666665,8.300404
5.0,7.0957227
6.5,8.806839
7.0,7.929757
5.5,8.351504
9.5,9.08601
10.1,6.7401495
3.0666666,4.221811
5.6,6.874023
8.0,7.6896925
10.4,9.876156
5.0,6.1774693
9.5,9.569762
10.833333,13.389325
8.5,7.9934216
6.1666665,7.0107713
8.166667,8.680577
9.666667,8.5069
5.6666665,6.137373
9.333333,11.54765
9.0,9.905863
4.01,6.06342
12.733334,19.041704
3.5,4.3183084
7.6666665,7.2857485
9.166667,13.264467
4.6666665,6.9332976
6.6666665,7.273892
4.3333335,5.466596
14.0,9.508597
4.3333335,4.917956
7.0,8.486628
2.6666667,4.8835697
9.333333,9.942804
6.3333335,7.827132
5.0,4.4846425
3.8333333,4.8185515
6.8333335,9.569396
3.0666666,4.3464108
9.0,11.5883665
9.333333,8.240482
12.1,7.263824
11.733334,12.135356
9.433333,7.725766
6.5,7.2057095
10.666667,13.241313
5.0,6.71131
10.833333,10.69861
7.6666665,8.539127
9.0,8.951294
19.5,19.191036
10.666667,10.564736
11.733334,15.216988
6.0,6.6528196
9.5,10.145321
11.0,9.083513
4.6666665,2.8667715
4.6666665,2.7762794
9.333333,10.457272
10.5,14.542852
4.0,6.0338793
2.5,3.74216
2.1666667,2.658395
7.733333,6.132381
10.666667,14.541281
8.0,8.313201
1.3333334,3.1922586
6.8333335,8.531091
5.0,6.181389
9.333333,7.2589173
9.5,11.893119
10.0,9.922736
12.166667,11.399932
10.666667,10.207076
8.833333,6.812163
4.6666665,5.515363
14.066667,10.781479
10.4,10.896524
4.6666665,4.868741
2.8333333,3.436007
5.733333,6.41873
5.0,6.9492836
9.333333,9.679947
11.666667,9.618062
7.0666666,9.254437
7.0666666,8.535222
8.4,9.769786
6.4,9.182879
10.666667,10.134789
7.0666666,8.60413
11.333333,9.893668
4.3333335,5.0400476
3.3333333,3.798034
9.333333,10.776449
5.3333335,6.288885
9.166667,9.716415
7.733333,9.01975
6.6666665,6.4194846
6.0066667,7.8746805
9.066667,10.356684
3.6666667,4.9330263
2.0666666,3.4551318
5.0,6.40391
9.566667,11.636141
11.5,12.796047
12.1,15.067712
15.766666,12.118792
4.8333335,6.8036084
4.6666665,6.022036
35.066666,19.89543
11.666667,9.683093
9.333333,9.477417
3.6666667,5.258323
7.0,5.55993
6.0,6.169478
14.0,11.596399
6.6666665,8.335255
4.8333335,5.632345
2.0,1.6490736
5.6666665,6.5601025
6.1666665,7.9844217
5.3333335,5.3726482
11.333333,8.132035
9.0,7.958809
7.733333,11.047465
4.5,7.828248
14.833333,12.889732
8.166667,9.482562
6.6666665,7.635639
8.833333,10.388488
5.6666665,6.2672844
8.666667,8.925204
6.1666665,7.64575
15.0,13.477883
12.833333,18.029793
8.9,11.424885
8.166667,10.0681
4.733333,4.9486566
7.5,8.985008
5.8333335,7.2279825
4.6666665,6.6067047
9.1,9.390809
6.0,5.5199075
9.5,8.37026
10.566667,14.243921
5.6666665,6.3381753
12.166667,11.944546
7.3333335,7.605863
7.6666665,8.123037
21.5,20.870213
5.8333335,7.4129176
6.0,7.511367
7.8333335,9.355359
1.3333334,1.9661738
10.666667,11.109983
6.1666665,7.0075426
6.0,7.054212
13.0,8.425201
6.6666665,8.083355
2.7,3.1280682
12.733334,12.7914915
4.4,6.7848673
4.0,4.0423656
10.666667,9.003027
7.6666665,9.163014
3.8333333,4.8278093
3.1666667,4.0071516
6.6666665,5.919182
8.933333,13.367543
3.6666667,5.0227256
9.5,12.353127
6.0,6.3350015
11.733334,14.77373
9.5,10.056288
11.666667,10.26298
8.0,7.363994
4.6666665,6.0037446
8.333333,7.445807
5.733333,10.453559
16.0,14.713497
16.066668,13.464005
4.8333335,5.4519
10.833333,16.86199
5.1666665,6.406877
8.066667,10.186188
7.6666665,10.789374
9.0,11.653753
11.333333,10.80282
2.0166667,3.9435985
4.0,4.1186
8.4,10.288485
7.4,8.162584
7.0,6.841607
15.5,12.895699
10.666667,10.384982
2.7333333,4.0548167
7.733333,10.594376
9.5,7.681
3.0,3.3757606
10.066667,11.110346
6.3333335,7.2928286
9.166667,8.522173
8.333333,7.790006
20.0,18.94678
14.5,11.773274
10.666667,11.497412
4.5,6.2752213
9.333333,8.965328
8.0,9.40944
9.5,9.8156185
11.5,12.518089
6.0666666,6.1603966
7.8333335,10.437433
10.833333,12.146849
7.0666666,10.910262
11.833333,11.12489
11.833333,12.873037
6.3333335,7.793295
5.366667,8.627345
9.666667,9.244733
11.233334,9.665288
2.5,5.229126
4.8333335,3.7460423
11.733334,15.45715
9.333333,9.407718
9.333333,11.969317
4.5,4.611774
7.0,5.800199
4.3333335,5.037929
8.0,7.1594853
9.5,11.8503685
4.0,4.632128
11.666667,10.509156
9.5,10.2986145
7.0,7.87766
10.333333,9.326679
5.1666665,7.648263
10.833333,15.934142
9.333333,10.32052
6.6666665,7.717123
6.5,8.292859
4.6666665,5.25465
33.666668,16.085655
6.6666665,7.934974
8.333333,8.1614685
8.333333,9.08019
7.733333,8.456612
3.0,4.1846843
11.5,17.41143
10.833333,12.664348
7.3333335,7.8946958
2.8333333,3.3716102
9.333333,9.380595
5.3333335,6.1179423
8.833333,8.786019
2.35,3.8575191
12.166667,6.099244
5.0,5.9566984
8.833333,10.460569
5.0,6.915816
9.066667,12.178597
9.333333,8.438976
9.333333,12.081507
9.333333,10.061701
10.833333,12.209132
2.3833334,2.10783
12.833333,16.357988
4.0666666,5.126411
15.166667,16.41705
6.673333,14.225823
5.4,6.8442864
4.733333,7.275205
29.733334,19.11588
6.0,6.1574993
9.5,9.274609
4.733333,6.263248
4.3333335,6.2141294
3.3333333,4.53791
5.6666665,7.458372
4.0,5.0021453
5.3333335,6.004302
5.1666665,5.5641465
14.666667,11.578249
6.0,7.2840095
6.6666665,7.878426
9.5,8.126712
18.666666,13.928034
9.0,7.5139318
3.1666667,4.377912
5.0,8.946083
9.0,10.229465
7.1666665,10.108887
3.3333333,4.1934595
9.0,6.350273
9.333333,8.23703
10.666667,9.099608
5.5,6.611145
8.333333,8.669994
9.166667,8.826325
1.6666666,3.3805664
5.9333334,7.642614
8.333333,7.2861733
3.7333333,4.642603
8.166667,11.277979
18.4,15.247012
7.6666665,10.051525
3.4333334,5.2122273
7.6666665,7.5635877
4.733333,5.8646593
6.0,7.055719
22.0,11.223146
10.666667,8.986209
10.833333,9.808431
4.0,5.515335
10.066667,12.644748
18.833334,14.042559
4.733333,6.069153
9.333333,8.759956
12.833333,15.324675
4.3333335,3.7774477
8.166667,11.168154
13.833333,13.900122
5.733333,5.403642
8.066667,9.202996
6.0,6.2059484
8.0,10.462935
2.4,3.3782904
9.733334,7.63143
9.666667,12.165185
1.6833333,1.8137944
15.0,10.830228
9.0,8.432022
6.8333335,7.548476
17.333334,12.280668
6.3333335,7.076692
6.0,6.5709076
6.0,6.899438
6.5,7.003842
4.5,5.845448
9.5,8.829492
3.3333333,4.4844246
4.3333335,5.0434823
2.0666666,3.8234136
4.6666665,5.013212
6.6666665,7.4569063
20.333334,15.0560875
9.5,7.999391
10.833333,17.812504
9.333333,9.591223
9.5,10.533662
10.666667,12.590347
10.5,10.230319
6.733333,10.316652
10.666667,13.268166
13.166667,13.005957
6.6666665,7.2097874
8.5,12.549291
4.0,5.346165
5.0,6.074314
7.1666665,7.550301
3.0,3.6080358
9.333333,10.550964
5.6666665,7.123388
9.333333,9.992247
9.166667,8.121671
9.666667,10.695068
5.0066667,6.6886487
7.733333,12.044016
8.0,7.3577766
6.3333335,7.903665
14.666667,11.274812
9.0,8.026646
7.3333335,8.129071
6.0,9.309046
21.833334,13.775095
9.5,11.418085
3.6666667,5.098664
14.333333,11.108582
5.3333335,5.5307446
9.833333,10.080533
7.1666665,7.643512
4.3333335,6.313979
10.666667,8.264698
8.666667,9.526027
8.166667,18.212904
10.666667,10.8074665
9.333333,10.074861
2.36,4.1378303
5.6666665,5.185653
6.0,6.766722
5.6666665,6.244508
4.8333335,5.9582047
6.3333335,7.2760158
5.4,7.1489563
9.5,14.161062
8.5,8.37296
3.6666667,5.89874
8.4,9.1543865
13.166667,10.506317
5.4,6.888211
14.166667,13.073017
4.8333335,6.8587728
20.333334,13.093757
5.3333335,6.6278462
5.8333335,9.293819
4.5,5.6617026
12.833333,10.642388
7.3333335,8.64908
10.666667,8.665402
10.833333,9.184466
2.8333333,3.7603838
11.733334,10.775539
5.0,6.459402
7.0666666,8.093534
4.0,4.9154243
4.8333335,5.6203547
28.333334,13.537118
3.5,3.7735715
10.333333,12.209335
9.333333,10.44196
4.6666665,5.71385
7.3333335,8.142141
5.8333335,6.6268287
4.8333335,7.024284
4.733333,6.6098514
8.066667,9.13995
10.833333,12.980168
5.0066667,8.278303
7.3333335,8.488918
3.6666667,4.6254296
10.0,7.623721
9.0,8.161438
13.666667,15.085538
7.0,8.131847
8.333333,6.4323545
4.5,5.447015
4.6666665,4.5712466
9.166667,8.871043
30.166666,18.009563
8.166667,8.097408
3.5,4.1321154
10.0,8.450071
21.166666,14.088074
5.6666665,7.2797565
12.166667,8.739855
17.0,12.031555
4.6666665,5.3337417
7.0,7.682758
6.6666665,8.129759
5.8333335,8.308592
5.5,6.970283
13.833333,10.427638
5.3333335,5.7302656
10.4,12.853077
21.766666,14.428602
9.5,10.915682
8.4,12.211087
9.0,8.581724
9.5,10.925088
9.833333,9.868978
7.4,8.0176115
9.666667,8.759079
29.166666,20.208673
5.6666665,7.5180473
7.8333335,8.691211
10.333333,10.108352
3.6666667,5.767912
15.166667,16.674475
9.5,10.289765
7.5,9.103843
4.6833334,4.63235
30.166666,18.657196
9.666667,9.2145815
7.3333335,7.470601
5.3333335,5.8958435
16.833334,15.40912
9.333333,11.648125
2.6666667,3.232554
7.6666665,9.578812
9.666667,9.871038
5.4,4.071185
10.666667,11.811846
8.1,8.443747
1.3333334,1.0393612
9.333333,8.136129
8.666667,8.606117
7.3333335,7.3706865
4.6666665,5.39774
4.6666665,5.0588584
5.6666665,6.9131255
5.0,6.1932755
4.8333335,5.9347916
9.5,10.515821
9.5,9.165244
6.0666666,6.472586
7.5,6.6123075
7.0,8.346057
8.0,7.9932046
4.3333335,5.6284366
3.8333333,4.769333
7.4,7.8725452
15.0,13.4255
5.0,5.5468435
9.666667,8.553351
5.3333335,6.8902507
5.3333335,7.2889476
11.666667,14.058417
7.1666665,8.837272
4.8333335,4.587078
7.9333334,11.615
9.0,7.5888195
10.833333,11.657892
8.066667,8.190383
9.5,9.505844
22.733334,17.580183
23.166666,17.168581
4.0,5.093268
5.0,6.0234003
23.833334,18.932695
22.733334,16.539707
4.1666665,6.3450146
8.333333,9.465318
14.333333,13.343456
7.8333335,8.66676
7.3333335,5.895233
12.833333,11.724323
8.4,9.964559
5.3333335,6.2983093
6.5666666,7.1701984
5.0,5.835416
5.733333,7.8894944
12.0,9.812783
4.8333335,7.1542044
6.0,6.6286497
7.733333,7.410175
11.733334,12.749699
10.733334,12.176801
5.0,4.867856
3.7333333,8.38816
7.4,10.182215
7.6666665,6.1711817
12.833333,13.588461
6.0,7.0800905
18.5,19.305794
8.333333,6.814948
17.166666,14.678694
6.0,6.300299
16.166666,17.077991
3.3333333,3.757914
7.733333,8.20091
9.333333,8.856747
21.733334,19.330189
8.0,9.220879
7.0,8.271868
3.0166667,4.48054
28.5,18.549232
5.6666665,5.6463957
9.666667,9.861685
5.0,5.6217966
6.0,7.0748262
21.166666,15.098586
3.0,3.0269322
9.166667,8.600154
5.3333335,5.423147
4.733333,8.155818
11.5,11.308899
6.5,7.1782904
9.066667,13.229124
3.8333333,4.510303
11.333333,11.526478
6.0,6.803443
12.833333,8.547816
9.333333,8.023687
9.666667,10.424313
9.166667,9.077532
17.5,13.579423
4.6666665,5.3713346
4.0,4.856321
10.666667,14.405491
7.6666665,6.33607
4.1666665,4.422399
4.3333335,4.6990705
6.0,6.311998
5.0333333,5.4324594
3.0666666,5.3879304
18.5,16.054722
11.833333,11.467396
12.166667,12.73793
8.833333,9.593901
9.166667,12.563987
3.3333333,3.5086386
6.8333335,7.831294
4.5666666,6.290921
4.1666665,4.797128
4.6666665,5.7657666
2.3333333,2.44485
7.3333335,8.498716
12.666667,8.803941
4.3333335,4.229082
3.0666666,3.8900228
2.0,1.8498782
2.7333333,3.5901668
11.5,13.316876
8.4,9.842552
1.6666666,1.8629723
13.5,15.472293
9.166667,9.97751
7.6666665,7.202776
5.0666666,5.866174
4.6666665,4.8484077
12.733334,15.46956
9.0,10.569053
10.0,9.538902
4.0666666,5.6766176
4.6666665,6.3788996
4.4,5.2208676
9.833333,15.870293
7.0,7.771567
5.8333335,6.902472
9.5,11.092922
9.5,11.33223
7.0,7.119555
7.733333,11.345047
5.6666665,7.1170444
2.6666667,3.0815403
11.166667,17.974377
8.066667,7.6581373
7.0,5.9273005
14.5,15.725011
4.3333335,5.4311795
4.8333335,6.44067
6.5,6.786893
3.6666667,3.980887
10.066667,11.582478
6.1666665,5.877909
9.5,13.479174
10.166667,11.216528
8.333333,6.245566
7.6666665,9.270092
7.1666665,6.714745
21.333334,10.633462
2.6766667,5.310001
6.6666665,6.989655
8.333333,7.437281
16.5,12.7285
6.6666665,6.503853
4.6666665,6.538392
16.666666,11.587699
10.666667,14.515175
7.0,7.4168763
9.5,9.183314
11.733334,7.68802
6.733333,8.128426
18.066668,17.886301
7.6666665,6.815789
6.6666665,5.5411496
3.3333333,4.593324
5.6666665,6.945253
2.3333333,2.5903933
2.7333333,2.9775083
4.0,5.225997
7.8333335,12.18478
5.0,4.7815537
7.6666665,9.184907
10.833333,12.038956
5.6666665,6.999671
7.0,8.307222
2.6833334,4.4353857
15.166667,13.558561
6.6666665,6.793588
6.3333335,7.218548
4.0666666,5.813375
6.1666665,7.645099
5.6666665,6.5178947
9.5,9.459144
8.833333,9.7344885
11.666667,10.692706
9.166667,10.85534
8.166667,11.667264
9.833333,10.462509
5.3333335,5.7791686
12.666667,9.778137
8.166667,10.295654
11.666667,9.241973
10.333333,6.8520637
8.0,8.416518
4.8333335,6.0264735
9.5,8.334757
33.166668,18.205872
5.1666665,6.3532643
6.1666665,7.8188167
9.5,9.136848
5.0,5.7849913
22.933332,20.328527
12.683333,7.5204825
4.8333335,6.7617755
5.3333335,6.1841464
4.3333335,4.916052
4.5,9.313956
6.233333,8.227917
9.166667,10.833646
6.3333335,6.94356
11.733334,14.13208
5.4,6.3050485
10.833333,18.288593
9.666667,8.165626
7.0,7.3778377
10.333333,10.876256
4.6666665,6.850629
8.0,9.028184
22.933332,17.755997
2.5,3.637445
12.733334,19.671412
7.0,8.155226
5.3333335,5.89095
6.6666665,6.036135
10.833333,13.480623
0.7366667,0.82060075
3.0,5.401274
4.3333335,4.7295976
9.333333,14.656726
5.6666665,5.9291234
6.0,7.455996
3.8333333,6.024202
4.5,4.5484996
7.0666666,8.409113
4.4,5.930806
10.666667,13.475591
6.3333335,8.156555
10.333333,15.664669
10.666667,9.626282
4.3333335,5.731329
4.0,4.503207
9.333333,6.8672204
10.833333,11.352207
3.5,4.5307355
15.833333,14.380088
12.733334,14.608045
7.5,11.078063
12.166667,11.155271
13.333333,8.329083
7.733333,9.82068
6.0,6.5576587
5.9,7.299655
16.833334,16.883179
4.3333335,4.952518
10.4,11.673541
9.166667,9.43806
10.666667,11.954255
6.3333335,7.4793878
7.5666666,7.46434
9.333333,12.021258
24.166666,13.779785
10.666667,10.188725
7.0,7.5536475
10.066667,11.067813
9.666667,8.736291
8.333333,9.633364
10.4,9.321731
7.8333335,7.887049
9.5,11.06318
9.666667,11.0837
7.1666665,8.529202
3.1666667,5.096231
10.4,9.706861
2.0666666,3.491858
7.3333335,8.330731
8.666667,9.260866
2.4,4.846549
7.0,8.559083
8.666667,8.481465
16.5,15.960183
5.8333335,6.4475293
2.3333333,3.6442354
9.5,11.826991
4.3333335,5.5661077
14.0,16.077265
6.6666665,6.3223085
3.8333333,5.08885
9.5,10.39135
8.0,10.765631
5.0,6.133063
5.1666665,5.200284
5.6666665,5.97439
9.5,9.542439
5.6666665,2.6833894
4.6666665,7.355081
7.3333335,8.20956
10.0,8.19699
15.166667,16.447483
3.8333333,4.0084915
5.0,5.2714114
10.833333,12.516842
10.666667,11.303848
3.3333333,4.8705277
17.333334,11.115194
4.5,6.144244
4.6666665,5.852089
6.3333335,6.3392005
6.6666665,7.129568
6.4,7.3116336
7.0,9.017922
11.066667,7.932955
4.3333335,4.3228116
12.0,8.070062
1.6666666,3.9146445
8.666667,8.924492
6.5,8.626707
7.0,8.792279
9.0,7.7019835
6.0,8.427674
5.3333335,7.087534
6.8333335,7.893512
6.0,7.2089095
3.1666667,4.0420866
6.4,8.533635
9.0,9.486048
6.3333335,6.916627
6.733333,9.900898
4.5,6.476848
2.36,4.060926
5.0666666,7.703772
4.8333335,7.445737
4.5,4.2814536
5.1666665,6.0194817
11.733334,14.115143
9.166667,7.9871335
7.6,9.872497
7.8333335,12.427395
5.5,8.393893
6.0,7.6486454
9.0,9.658876
11.866667,12.8395815
5.6666665,6.121804
9.166667,8.632695
7.0,7.4758945
7.0666666,8.058101
19.166666,13.346809
2.0666666,3.452593
8.333333,6.9975457
9.833333,9.905975
4.5,5.083857
4.0,4.4226832
6.0,6.658221
6.0,7.147008
7.6666665,7.738776
9.166667,9.684492
7.3333335,7.4931326
7.4,8.586539
8.166667,6.9672008
8.666667,6.758968
6.3333335,7.5474253
4.6666665,5.5019426
14.5,12.819116
1.67,2.820318
6.1666665,8.688849
9.833333,9.654756
9.0,9.2351675
10.5,8.119777
5.3333335,6.2480316
4.6666665,7.0172205
7.8333335,7.768217
7.733333,8.513497
12.833333,16.688637
3.6666667,4.8440742
6.6666665,6.17095
5.0,5.172944
8.0,7.4769473
9.166667,7.3103843
5.6666665,6.275434
9.166667,8.62782
6.8333335,7.9774423
7.5,10.223769
10.4,8.5544815
10.333333,9.680986
4.5,5.6276317
4.6666665,6.0633435
5.0,7.647566
4.6666665,4.8117933
9.666667,9.193913
6.5,7.3146596
6.4,8.931285
9.5,12.542388
5.3333335,5.59143
5.5,6.233249
9.833333,10.538628
7.3333335,7.7964606
9.0,9.414046
10.333333,9.459041
4.1666665,6.2066603
6.6666665,6.300511
6.0,5.9284286
4.0,4.6773834
5.3333335,6.1405087
9.666667,10.1015005
7.6666665,7.964305
9.333333,10.30175
9.333333,9.755976
9.0,7.763077
10.333333,7.3062205
4.3333335,5.428012
9.166667,8.583277
9.333333,8.804743
23.833334,13.739913
3.0,3.4117246
3.0666666,5.452464
10.166667,13.711848
12.833333,15.022349
3.0666666,4.209575
6.3333335,7.266626
7.3333335,7.969741
7.3333335,8.752562
8.166667,10.3309145
15.0,10.280956
7.1666665,8.463893
7.6666665,8.684615
10.833333,10.395628
6.3333335,6.861732
10.833333,11.426623
7.4,7.477815
6.0666666,7.5880885
6.3333335,7.897711
9.666667,10.956453
7.0,6.4754424
5.5,5.8362584
12.833333,13.029869
7.1666665,7.8917265
5.6666665,9.347784
9.5,11.693533
5.0,5.7106934
6.0,5.998643
12.4,9.525582
13.066667,13.225244
12.333333,10.050465
5.0,6.7485595
23.333334,12.868545
6.6666665,8.831433
17.666666,11.22556
9.166667,8.633088
5.0,5.899154
4.3333335,5.35877
22.833334,16.274632
7.6666665,6.184469
5.0666666,7.2946978
10.333333,10.733216
9.333333,9.085108
5.3333335,7.1683908
6.1666665,10.250774
4.3333335,5.3394113
6.0,7.0009255
10.666667,9.177621
19.4,15.509598
5.5,7.1353936
9.833333,9.444585
7.6666665,7.484421
19.566668,15.159406
8.333333,10.24924
6.3333335,6.5698404
12.833333,15.473192
16.166666,17.244926
2.6733334,5.7868986
3.8333333,4.3845916
7.3333335,7.237613
6.733333,7.4526367
6.3333335,7.449021
10.333333,10.708847
7.0,7.663135
6.8333335,8.690044
1.0,1.2109851
3.6666667,4.2032967
8.166667,8.860436
7.3333335,7.393678
3.0,2.1850078
8.333333,7.756182
7.3333335,9.449271
8.166667,10.77373
6.0666666,10.274008
8.166667,8.732056
6.6666665,9.151979
6.6666665,7.165072
9.166667,8.749031
5.0666666,6.158022
18.166666,18.580667
9.0,10.572739
7.0,7.1758094
12.333333,10.418874
12.833333,15.603926
8.833333,7.965869
5.4,6.343796
9.5,9.352606
9.333333,9.16562
7.733333,7.442496
4.1666665,6.339526
12.333333,14.214543
12.666667,10.403884
8.166667,7.9623475
5.5,5.884964
12.833333,12.961609
5.6666665,6.6892405
2.8333333,4.631083
9.5,12.678788
10.9,18.393803
8.666667,6.454472
2.6666667,3.3527503
10.9,8.1097765
7.3333335,8.263364
9.333333,9.391859
10.833333,13.315549
10.833333,11.694244
13.833333,15.3607235
17.833334,16.732248
6.6666665,7.876369
6.0,5.1078815
3.3333333,7.917967
9.166667,9.39659
5.8333335,6.8366413
9.666667,8.259507
11.833333,14.577799
7.3333335,7.821419
5.3333335,5.358464
15.166667,12.080175
5.0,5.6032023
9.166667,8.918671
6.5,7.6371765
7.1666665,8.268193
7.8333335,8.679296
10.0,8.502283
10.4,11.876612
4.6666665,6.6375666
9.5,13.943592
7.6666665,4.968392
10.833333,13.058935
6.3333335,9.453293
10.666667,12.739148
9.666667,14.060984
4.733333,8.051585
3.0,3.495968
12.833333,10.331333
7.0,7.5607433
5.0,4.3337045
4.3333335,6.2339506
7.4,7.3065534
9.333333,7.263965
5.5,6.600461
9.5,11.791925
6.0,6.202652
10.833333,13.195851
7.4,9.489717
12.733334,12.622629
9.0,8.9954
6.0,6.222202
6.3333335,6.750073
9.666667,10.416705
7.5,8.446766
10.0,9.069339
2.6833334,4.548542
7.3333335,7.7924714
5.5,6.385214
28.333334,15.314492
9.5,11.162356
8.0,9.276644
4.3333335,5.12388
4.0,4.2751184
8.333333,6.5532393
5.5,6.8911643
5.8333335,6.90677
2.8333333,5.0445695
7.4,9.138476
9.0,9.783839
5.3333335,6.649696
10.066667,14.198113
12.166667,14.153993
9.066667,9.962157
11.333333,9.687848
10.5,12.3733425
15.166667,14.058696
7.6666665,7.956474
10.666667,6.1540585
4.3333335,4.619083
5.6666665,7.3428617
6.8333335,12.033898
9.333333,10.007696
5.3333335,6.8612595
10.833333,14.64945
12.833333,13.691469
8.333333,7.6678233
8.833333,8.196328
6.0,6.2662573
9.333333,9.07391
8.833333,8.464479
6.0,5.954548
11.733334,15.10404
6.6666665,7.3092923
6.733333,6.8464932
13.733334,13.746503
6.3333335,7.116585
8.0,10.1319275
6.0,7.0644712
16.333334,10.458445
4.5666666,5.795499
11.733334,11.410246
10.333333,8.819992
4.6666665,5.523347
5.0,4.4451823
7.3333335,7.5604806
3.5,4.127107
10.666667,9.384677
12.166667,13.057062
9.5,14.973346
7.3333335,7.559108
4.0,6.2479534
5.1,6.7632036
6.3333335,7.370996
4.5,5.899685
6.1666665,7.4689765
9.333333,9.507355
4.5666666,6.265475
9.333333,11.712433
9.5,7.353984
5.0,6.4360943
5.733333,6.390853
4.6666665,6.040362
10.833333,11.990412
5.6666665,6.1679273
6.0,7.3144546
11.666667,9.826693
7.1666665,10.508926
7.0,9.825573
7.5,7.587986
7.733333,10.499295
5.0,6.767849
16.4,15.592297
16.5,12.597942
6.3333335,7.2066307
9.333333,8.352621
11.5,14.738409
3.6666667,4.1171155
5.6666665,7.7380905
13.833333,17.609612
9.733334,8.913966
6.3333335,6.628475
9.333333,11.63117
5.3333335,6.808512
9.666667,8.305485
5.0,5.945885
7.0666666,7.5989013
3.5,4.953578
19.066668,15.426897
6.0,7.918909
4.233333,4.4252434
4.6666665,5.4303136
8.5,6.5048985
5.1666665,5.6454773
10.333333,9.152653
4.8333335,6.525873
6.6666665,6.7620144
4.1666665,5.326622
3.3333333,3.8392754
9.5,8.893148
4.8333335,5.995435
6.6666665,8.987176
5.5,7.1998343
9.0,10.229458
9.5,8.692466
9.5,14.150589
6.3333335,6.0651255
4.0,6.2264137
5.3333335,6.749213
4.3333335,5.1610622
15.333333,9.6231165
6.3333335,6.6953897
5.6666665,6.2844276
8.333333,6.217926
5.5,6.948536
10.833333,12.819326
5.1666665,6.037809
2.3333333,4.472316
4.6666665,7.002201
10.833333,11.458858
3.7333333,3.8147492
11.833333,9.116881
4.1666665,4.0936294
9.0,8.2244
6.3333335,6.8071814
35.166668,19.421024
7.733333,7.9568887
6.5,6.6995196
11.666667,13.892433
6.3333335,7.3100467
7.6666665,9.550938
5.0,7.4136014
9.733334,11.017509
9.733334,9.992582
3.6666667,4.038274
6.0,6.164566
10.666667,9.069477
10.666667,10.766318
10.666667,8.864206
5.0,6.1728516
12.833333,13.171075
10.833333,14.472563
5.0,5.9786243
9.5,8.726005
10.4,8.201736
4.3333335,6.156721
7.3333335,7.688255
3.3333333,3.802341
18.333334,10.2225685
10.833333,8.828246
20.9,15.786908
5.0,5.4638352
4.6666665,4.8148675
5.8333335,7.2769017
6.6666665,7.621358
5.8333335,7.398076
7.3333335,7.2927017
9.666667,8.806306
14.166667,11.82626
7.5,8.482782
8.5,8.305702
9.166667,9.075359
10.166667,9.4177
16.733334,9.545349
9.433333,10.234222
9.5,10.697176
6.0,7.002238
18.166666,14.651043
10.4,14.740634
4.6666665,6.0844135
12.833333,11.4436655
7.733333,8.018305
6.733333,8.13784
8.333333,8.324112
12.0,10.974386
5.0,6.8623056
15.9,14.911749
4.733333,5.964008
9.5,8.364569
7.733333,7.8564916
6.6666665,8.176122
8.0,6.3729944
19.333334,13.340187
8.166667,13.630232
13.066667,13.928583
17.333334,11.311477
14.166667,20.680735
10.4,9.096513
6.0666666,6.972771
11.833333,10.528268
9.666667,6.840037
3.6666667,4.8732715
2.4,2.415089
13.833333,12.840713
10.833333,12.241017
5.5,6.076508
7.3333335,7.169409
6.3333335,7.954084
10.666667,12.432331
5.0,5.6620803
14.0,16.02795
8.0,8.16089
9.0,10.021575
8.333333,7.6152773
9.066667,13.427257
12.833333,8.586897
9.166667,7.0429015
18.4,16.599287
5.0,6.555607
5.3333335,5.4359813
10.166667,10.571818
10.666667,13.848881
11.0,11.897199
4.3333335,3.2042847
11.433333,12.34116
9.0,7.472453
4.0,4.4882555
2.6733334,4.558516
7.0666666,8.413012
12.666667,9.333276
9.166667,11.296516
6.6666665,8.815437
17.5,18.586414
5.3333335,5.9015265
12.0,11.506828
5.6666665,6.474679
11.733334,10.303133
4.1666665,6.914853
6.6666665,6.9675527
5.5,6.632499
7.3333335,8.866785
5.3333335,7.3877892
5.0,5.245838
17.833334,17.08571
11.4,11.486941
6.733333,9.377818
5.4,6.134253
10.666667,10.669864
7.0,7.7426243
9.833333,9.320528
7.3333335,7.76246
10.0,5.955495
4.266667,7.0433507
12.0,9.2245865
6.3333335,8.843854
3.6666667,3.902605
6.0,8.248523
9.066667,12.779899
5.6666665,5.8269143
17.166666,15.354787
6.67,6.4899907
5.0,6.2148376
7.3333335,7.3342953
1.6666666,4.0433297
9.333333,10.744244
6.0,6.865025
5.6666665,5.402495
6.0,6.6910477
17.166666,16.116575
9.166667,10.05257
5.5,8.365026
9.566667,17.510372
4.6666665,5.581718
8.0,8.907551
4.3333335,5.3795967
7.3333335,8.374016
7.3333335,8.1360855
9.0,8.596244
8.333333,8.355702
13.666667,8.70571
9.5,8.613632
4.8333335,7.2623997
4.6666665,5.9225473
7.8333335,8.062846
6.4,8.383358
15.1,13.395411
30.666666,14.386078
16.5,16.506502
4.0,4.300399
4.3333335,4.1747446
6.6666665,8.23858
8.333333,7.800069
7.0,9.284825
10.833333,12.2469
9.0,8.245692
3.8333333,4.2479796
6.8333335,6.663065
5.6666665,7.3830657
10.0,11.249095
3.0666666,3.8888736
3.5,4.91098
17.926666,18.091578
7.0,7.7822285
8.333333,7.725582
5.0,6.5685177
13.0,6.4439306
4.6666665,6.5973134
10.0,8.648436
4.3333335,4.697263
7.4,9.526317
5.3333335,6.44992
10.833333,8.791506
10.166667,11.721688
8.5,12.664869
4.0,5.296423
4.6666665,4.700376
5.6666665,5.179855
7.6666665,7.651076
7.3333335,7.8317866
7.8333335,9.818314
9.0,11.481168
4.6666665,5.723513
5.0,6.9526787
7.733333,11.662731
4.1666665,5.85698
3.0,3.896956
9.0,8.576437
5.0,5.9046917
4.6666665,6.1513762
5.3333335,5.054387
4.6666665,6.4256325
10.0,13.558544
7.733333,10.0737295
5.0,8.9326315
10.666667,8.888971
5.3333335,6.0727754
4.3333335,4.27908
8.666667,9.094731
10.733334,11.310065
15.0,9.1581955
8.666667,9.310629
15.166667,14.163519
14.333333,7.4586983
5.733333,8.1662655
9.5,8.280506
4.3333335,4.7682195
6.9,8.472765
9.5,11.477297
5.6666665,7.266623
9.666667,13.88274
5.8333335,7.6944847
9.5,10.817508
4.0,5.5408416
10.0,8.271348
5.0,6.7250757
9.0,12.586393
11.733334,13.376323
11.333333,9.5742035
4.3333335,4.8188577
5.5,7.200769
8.333333,8.922836
12.066667,12.855078
10.0,9.763758
5.4,6.8384132
5.0,6.515993
4.8333335,12.712097
8.166667,7.569377
7.0,8.511607
7.9333334,9.422526
9.166667,10.087684
4.4,4.2688637
6.3333335,7.641947
9.266666,11.027606
5.3333335,6.9167233
9.0,10.974783
5.8333335,7.256019
14.333333,10.870854
11.666667,10.010988
9.6,13.278518
6.0,6.6840158
5.1666665,5.985965
9.0,7.9912524
7.1666665,8.043325
14.5,10.711091
10.666667,12.495983
9.333333,12.60376
5.6666665,7.167287
6.8333335,7.453648
8.0,7.3850746
4.5,6.422475
7.3333335,8.790256
9.666667,9.795377
11.0,11.712409
8.166667,6.8956017
10.666667,8.584956
5.4,7.331112
8.333333,8.404976
5.3333335,5.7087126
4.8333335,5.9668
7.0666666,6.2108536
3.8333333,6.0096564
8.0,5.7231927
4.3333335,2.764324
7.3333335,6.7801814
9.0,9.862989
10.333333,9.361877
9.5,10.49454
3.5,4.7853193
7.8333335,9.628719
10.833333,13.903426
12.1,10.658481
1.3333334,2.033743
7.0,7.7484646
9.0,9.372568
4.3333335,5.7364078
10.666667,12.501878
9.5,9.824051
15.5,14.500792
18.5,14.592211
11.733334,10.619598
1.7166667,3.258388
4.3333335,6.478875
2.6833334,3.350112
3.5,4.6430144
6.5,7.9154634
5.0,5.035359
9.333333,8.685339
2.7333333,2.6262178
1.3333334,1.4490881
2.0666666,3.5484328
12.666667,7.3991523
3.0,2.9351678
4.0666666,5.5904965
10.833333,10.635477
5.0,6.4076257
10.833333,10.469639
2.5,3.5109074
6.733333,8.251238
9.666667,9.6518545
6.8333335,7.5102983
11.0,7.4575777
6.8333335,7.594244
6.6666665,6.793114
9.166667,10.31809
9.166667,9.788656
18.166666,16.448298
9.066667,9.264482
3.0,2.7644167
3.3333333,4.6593337
8.0,6.759048
8.666667,7.3818216
5.733333,5.985293
6.6666665,7.2704115
7.8333335,9.62796
7.6666665,5.8658214
8.333333,5.498977
3.3333333,6.255248
7.0666666,8.696801
4.6666665,6.1372714
6.6666665,8.325919
9.066667,9.442257
15.833333,12.281575
9.166667,12.177185
9.166667,11.405921
9.0,7.7488375
8.166667,9.923581
14.833333,13.723281
14.166667,11.444608
8.733334,12.152252
5.3333335,6.3071184
9.666667,8.983734
10.833333,10.669843
4.0,5.1639223
9.0,11.190915
8.233334,10.84479
6.0,7.2896237
6.0,6.4994082
9.5,7.0907116
5.3333335,6.2440724
6.8333335,7.9696484
5.0,6.6901946
11.833333,11.611885
11.666667,7.7148733
6.6666665,8.357918
26.166666,19.715555
25.166666,17.33068
13.166667,9.474021
12.4,12.70879
9.5,12.48583
6.0,8.44115
9.0,7.8122997
9.066667,9.590228
10.833333,11.381375
8.0,7.4750414
6.3333335,7.480859
16.0,15.407149
10.333333,13.240105
5.3333335,5.7191496
8.066667,10.152603
9.0,8.439245
5.3333335,6.851047
3.1166666,4.970758
5.0,5.56931
9.333333,10.765638
9.333333,9.688798
3.6833334,4.01569
6.5,8.234124
3.8333333,4.7721395
6.233333,6.7251015
11.0,14.009252
10.666667,10.290584
4.8333335,5.9436994
19.833334,13.1475935
21.833334,15.230549
7.3333335,7.320221
4.1666665,4.8815064
7.0,7.936061
9.666667,9.334178
7.1666665,6.703195
5.5,5.8472476
16.0,16.28458
2.7333333,3.6472936
8.333333,8.051742
8.0,6.447176
11.733334,12.656418
15.4,12.668591
11.833333,12.980094
7.3333335,6.9049563
9.166667,7.1178718
4.733333,6.6316757
14.166667,13.718286
4.4,5.0586405
7.0,7.5560603
11.833333,12.534976
4.0,4.905031
6.0,7.3164535
5.0,5.457191
6.1666665,7.914642
5.5,6.8299956
4.3333335,5.818836
29.833334,18.042065
9.5,11.402819
9.833333,12.831228
4.6666665,5.5785813
5.6666665,6.8625183
5.0,5.6493673
5.3333335,5.3129582
11.733334,12.933961
6.8333335,8.166494
5.6666665,6.4422994
12.833333,13.099845
9.833333,8.850435
5.3333335,7.0698647
4.766667,6.700666
8.166667,9.327928
5.3333335,5.9506392
3.3333333,3.7767465
3.0,3.8128505
23.833334,20.079964
4.0,5.970741
4.0,5.4272585
7.8333335,8.649136
5.6666665,7.688388
10.833333,12.078911
6.0,6.747234
7.0,7.6916466
13.733334,15.484211
2.7333333,2.789653
7.6666665,7.8187523
15.733334,13.376273
8.333333,8.344773
9.666667,9.833994
15.833333,16.70262
7.733333,8.34985
6.3333335,7.255855
11.5,14.13126
6.1666665,9.082619
9.333333,9.019304
9.5,6.4760036
6.0,7.127731
9.066667,10.034959
5.733333,5.281531
15.666667,12.242553
7.4,8.650642
7.3333335,8.213421
7.0,6.101443
5.0,6.203375
7.4,10.713112
4.3333335,5.413713
11.8,23.601606
7.6666665,8.344206
3.8333333,5.3373437
8.833333,8.47632
6.8333335,7.797446
9.5,12.366761
3.0,2.470548
6.6666665,7.5735283
4.3333335,6.130764
5.4,5.59841
3.6666667,4.1031404
9.5,12.177451
10.833333,11.121893
9.166667,10.376863
9.166667,10.958854
11.833333,12.353934
6.3333335,6.640796
8.833333,10.624098
2.7066667,4.168533
3.8333333,5.220877
9.333333,11.888824
9.5,9.323899
8.666667,9.879491
9.5,14.342605
5.3333335,6.062544
13.666667,12.724546
6.4,10.821109
3.7666667,5.356748
3.5,4.818827
13.833333,15.400976
7.0,6.9158807
12.833333,13.638667
9.5,9.453573
5.6666665,7.2632017
5.6666665,5.323535
4.6666665,5.362946
6.0,8.057524
10.666667,8.801949
17.433332,18.792095
3.0,4.227811
17.5,16.39245
6.5,8.209901
7.8333335,8.503609
10.666667,13.496514
9.0,8.160922
6.9166665,13.924403
5.6666665,5.655871
9.833333,12.516858
6.8333335,8.1513605
8.333333,9.927944
7.6666665,9.181981
9.333333,11.494064
5.0,5.717725
9.333333,8.198571
7.8333335,7.494781
7.6666665,8.759108
6.3333335,6.991492
11.566667,14.840878
10.333333,9.88386
7.3333335,7.946488
4.6666665,6.1952853
16.4,11.5102825
9.5,8.960035
7.9333334,9.294306
10.833333,13.023919
3.9666667,6.924783
12.166667,15.489245
6.6666665,6.8419137
6.5,8.260686
5.6666665,6.348184
6.0,6.936525
22.0,12.827248
11.5,11.647639
9.666667,7.7821026
10.0,8.918503
7.6666665,8.472672
3.0666666,3.6757996
7.3333335,6.7009006
9.5,8.731498
6.3333335,7.7913775
9.5,12.466093
5.0,5.6200624
7.733333,6.7532625
9.833333,9.579502
5.8333335,6.6104236
4.6666665,5.4524226
5.4,6.6412687
2.7333333,4.4481
5.5,6.401732
7.0,7.1670184
7.0,8.588291
4.3333335,5.3739753
6.0,7.0750747
12.933333,17.198126
17.5,10.483189
9.0,9.850521
4.6666665,6.8344874
9.733334,10.092952
9.833333,9.315882
6.0,6.4587326
8.333333,9.582261
4.6666665,6.241122
5.0,6.599305
8.733334,9.537809
7.0,6.5950103
5.0,6.1532774
8.833333,9.627939
18.5,12.762481
13.066667,9.549907
5.0,5.479511
10.666667,11.144341
8.333333,10.060966
3.3333333,4.035201
9.333333,11.415326
9.666667,9.678289
11.066667,11.03611
10.666667,8.264325
5.0,5.7826333
16.066668,13.774449
5.0,5.6481504
9.666667,8.143459
4.733333,6.79545
8.666667,8.033106
7.4,12.251819
8.5,8.292003
10.833333,10.961604
8.016666,10.569541
4.6666665,5.0435615
9.333333,11.28543
6.3333335,7.344159
9.333333,9.156147
5.733333,5.6613083
15.4,13.832745
9.4,12.7891655
23.166666,14.342331
5.1666665,7.534107
6.6666665,7.0069127
5.3333335,6.415768
7.0,8.621274
5.3333335,5.1006866
9.066667,12.857049
7.6666665,7.917433
18.333334,13.775958
9.0,7.182204
7.6666665,8.935646
7.733333,7.33717
10.666667,10.693176
12.666667,11.91845
11.666667,12.520328
9.333333,10.347236
3.6666667,4.186678
5.8333335,9.098047
10.833333,12.211934
11.166667,9.814161
9.333333,7.611083
5.3333335,8.147162
11.733334,15.061221
9.166667,11.687206
12.666667,8.064644
6.6666665,7.6399245
2.7066667,3.4734375
3.6666667,4.0615687
9.166667,9.4966345
6.5,9.0110235
2.3333333,2.638842
6.8333335,7.535015
5.6666665,7.0764194
5.6666665,5.353019
4.3333335,5.4103966
5.9,5.759195
9.333333,9.086087
11.833333,17.46328
6.3333335,5.785175
5.1666665,5.695814
8.666667,8.712816
4.8333335,5.5091214
13.9,11.852602
9.333333,10.170059
4.0,5.121193
5.0,5.6193423
9.0,9.256307
6.733333,8.403929
7.8333335,8.701749
7.6,11.143463
7.6666665,10.849879
19.4,19.242332
6.6666665,7.7632113
5.3333335,6.1476636
9.833333,9.044824
5.0,6.6474223
4.9333334,6.45194
7.0,7.3569474
16.733334,11.836518
6.3333335,7.3997836
8.333333,9.7088
21.833334,19.815084
9.333333,9.7005415
14.266666,17.44541
4.3333335,6.3410816
4.6666665,6.6358666
11.0,12.416452
13.166667,11.953021
15.666667,12.62688
4.4,4.962677
4.5,5.9847074
7.3333335,7.237877
14.666667,10.31002
5.6666665,6.995687
7.0,6.8534007
7.0666666,8.747282
7.9333334,8.35039
3.7333333,6.820886
5.6666665,8.318573
9.0,8.485398
8.066667,7.137986
10.833333,10.346407
7.3333335,9.362143
12.666667,10.377545
5.5,7.435878
8.333333,7.2876134
6.0,8.048406
17.5,14.240433
8.333333,7.6513267
18.4,20.14169
8.066667,6.2071805
15.5,13.290929
8.833333,10.88221
5.3333335,6.4603696
7.5,8.9681015
17.166666,8.340976
7.5,9.131077
9.333333,13.219587
8.333333,8.1267
6.3333335,8.347224
15.0,12.730087
7.8333335,9.988329
9.333333,7.5958447
8.666667,10.291882
11.166667,13.658342
10.666667,11.974763
6.8333335,8.136474
2.3333333,2.29217
10.333333,12.952674
2.0,2.0056074
4.0,5.7458754
6.5,7.9133105
6.6666665,7.9837914
6.0,7.1557107
10.333333,9.155767
5.3333335,4.901664
7.0666666,9.86883
4.0,5.6431475
4.3333335,6.173067
9.333333,8.826541
5.0,6.070299
10.833333,17.510696
3.6666667,4.9955654
11.733334,15.025171
8.833333,12.385463
5.3333335,7.3327937
6.0666666,6.8932633
4.6666665,6.208388
7.4,7.9642873
10.666667,10.70512
6.6666665,7.1438503
6.3333335,6.1592565
5.3333335,5.433689
14.833333,11.27935
16.333334,12.383782
3.7333333,4.6610622
7.5,9.393881
5.6666665,7.474692
6.133333,8.665177
5.3333335,6.5110564
5.6666665,6.716327
17.333334,13.99546
5.3333335,4.352071
5.0,4.9786124
9.5,15.787177
9.0,7.3084564
6.3333335,6.9268155
7.6666665,11.506109
5.0,7.1078258
7.0,7.80732
5.1666665,5.449773
8.666667,8.85605
8.833333,9.202011
9.0,9.294555
16.166666,13.049512
4.6666665,4.3368793
22.733334,15.430189
20.4,15.8504505
7.0,8.127099
7.4,7.1699243
4.8333335,5.644335
7.6666665,7.7286944
5.8333335,6.6204147
5.0,5.8296213
9.5,13.560162
10.733334,11.055379
11.733334,10.625683
4.6666665,5.238248
9.5,11.51161
9.5,14.251289
10.833333,11.518664
12.833333,12.475471
1.6666666,2.1684551
6.6666665,7.3050833
3.6666667,4.9291267
4.1666665,3.7385979
6.3333335,8.290084
4.8333335,6.3846707
4.3333335,5.6162148
12.833333,13.703663
10.833333,10.01186
11.5,13.199666
3.7333333,4.900198
6.6666665,8.084345
4.3333335,5.9695497
6.5,8.45979
10.666667,9.26355
2.0033333,1.1816058
5.0,5.5090933
3.7333333,5.8495994
8.066667,8.888611
11.5,10.828919
6.6666665,8.238323
5.1666665,6.2008715
9.333333,6.5482154
7.3333335,7.5861816
9.333333,7.884904
4.5,5.682453
6.266667,9.054609
3.1666667,3.7675176
16.0,11.156544
9.333333,10.117311
6.3333335,7.3571606
6.0,6.384533
3.0,4.4552364
8.666667,8.225481
11.833333,16.058432
10.833333,11.751903
5.0,5.0034943
9.333333,10.037282
5.0,5.631719
16.166666,16.040289
5.1666665,5.936723
2.5,3.698011
5.0,6.364549
9.333333,8.557376
4.6666665,4.797422
8.166667,12.061123
9.5,10.733894
6.4,8.033515
3.6666667,6.0417666
6.5,7.3112226
14.5,11.536013
3.6666667,5.3148675
7.6666665,7.0613523
8.333333,7.411307
6.3333335,6.890536
17.733334,15.7662945
8.666667,9.394859
7.0,7.7725816
9.333333,9.935138
10.833333,14.726129
2.6666667,3.1550908
7.1666665,12.169346
9.666667,10.097023
11.833333,11.710368
4.4,5.9133005
4.3333335,5.376819
8.0,6.8717318
6.0,6.206275
7.6666665,7.3954067
29.833334,19.517033
4.5,6.2500677
5.3333335,5.894153
15.166667,11.64016
4.6666665,5.4745693
6.3333335,7.626756
7.0,7.5513983
9.333333,10.086483
5.8333335,6.895633
5.3333335,6.863876
10.833333,14.322807
3.7333333,5.5492992
4.5666666,6.9315615
5.733333,6.4511094
4.8333335,6.9487505
9.166667,12.5139885
6.1666665,8.725386
5.5,6.2013865
3.5,5.267961
11.666667,11.665802
1.35,3.130276
7.6666665,10.117288
6.3333335,7.6861186
11.666667,8.154186
5.6666665,7.64525
11.5,15.376725
4.3333335,5.2567005
3.6666667,4.1180034
5.5,7.2129283
8.333333,7.455334
4.3333335,5.530788
11.733334,13.413385
3.0,3.375666
8.933333,13.227643
17.5,17.614428
11.666667,8.506639
10.833333,14.858188
5.6666665,6.9332175
10.666667,12.185689
9.5,16.972488
14.666667,10.621617
4.6666665,6.381363
3.1666667,3.1655715
5.8333335,7.4232836
22.8,18.169647
8.0,8.503085
10.733334,10.309536
10.666667,13.157251
6.3333335,7.499247
11.733334,12.617801
9.5,11.508499
5.1666665,6.782568
5.6666665,6.358225
5.0,6.511878
5.6666665,5.954397
5.6666665,5.4442754
3.3333333,4.2871294
4.6666665,5.4103546
18.5,17.4413
5.0,6.270928
6.3333335,6.5967584
5.6666665,5.9634233
3.5,5.475619
9.333333,8.651367
8.166667,7.073356
7.0,6.9479814
10.666667,12.575502
5.0,6.5414977
12.733334,14.58889
11.833333,12.537425
6.6666665,6.743557
6.6666665,6.834325
7.5,6.49135
2.0166667,3.890226
7.5,10.201776
8.0,9.501475
10.666667,8.534888
5.0,5.9936814
10.266666,12.054105
15.833333,17.88901
9.333333,10.023216
5.0,5.081812
16.833334,15.269236
8.166667,10.542159
2.6666667,3.7575374
10.833333,11.208496
9.166667,9.392742
9.066667,9.681164
3.7333333,5.2394404
7.5,6.80432
10.666667,9.852229
8.933333,10.320045
11.666667,12.491251
9.0,6.766674
5.0,5.6776547
30.733334,19.347538
9.066667,9.635794
7.8333335,11.067401
7.1666665,8.126423
5.1666665,7.352783
9.5,8.976578
7.733333,10.535302
6.0,7.470243
19.5,13.828385
6.3333335,6.6444416
4.5,5.6187496
4.6666665,7.41259
4.0,3.2639465
8.0,7.415867
5.6666665,6.3261456
10.333333,10.404976
5.1666665,5.724305
15.333333,12.447199
5.1666665,6.8271747
5.6666665,7.093074
8.333333,9.2115555
15.666667,10.274754
3.0666666,4.4954395
6.5,7.755768
7.0,7.610703
6.4,6.5726595
8.166667,7.9321046
6.3333335,6.628322
4.0666666,4.945215
9.333333,7.8472977
9.0,11.282263
9.4,8.071178
9.666667,10.465477
9.333333,8.712855
4.3333335,5.342524
4.3333335,4.5170727
5.1666665,7.1675625
9.333333,10.188059
12.333333,11.841463
6.6666665,3.700995
20.166666,21.325607
5.3333335,6.190388
2.0,2.551509
2.0,2.9449816
11.733334,18.85336
6.6666665,9.5117035
5.233333,7.0641356
6.0,6.922525
4.6666665,5.732438
5.5,7.0246124
9.0,11.267393
4.0,4.9466963
4.6666665,6.300012
7.0,8.514429
4.733333,6.440553
14.166667,14.058701
15.666667,10.885278
11.0,8.149644
5.6666665,7.69887
11.5,12.553882
2.5,2.1339254
5.6666665,6.513696
7.4,9.160486
9.333333,9.903557
4.6,6.0818644
10.0,7.422245
8.166667,6.638532
5.3333335,6.707931
4.6666665,5.132163
9.333333,12.222971
7.6666665,8.072717
10.666667,9.249813
5.3333335,6.4619
7.6666665,8.145753
12.0,10.19516
10.833333,13.451952
9.833333,9.335549
5.3333335,7.0784655
11.733334,11.517714
4.0,5.4718204
9.166667,8.770651
6.0,6.351392
4.0,5.859582
7.5,8.475827
5.8333335,7.0111933
5.3333335,6.0787706
12.0,11.529387
6.3333335,9.384863
8.0,10.547846
8.0,7.951848
7.0,8.552972
9.5,10.417468
11.833333,14.836939
6.733333,8.23638
6.6666665,6.7479086
18.4,17.774193
5.6666665,7.0291343
6.1666665,7.268263
5.8333335,6.7986674
9.5,11.078935
7.4,10.56965
6.6666665,7.769739
10.433333,12.250376
11.333333,9.852207
7.3333335,6.777242
14.833333,11.473156
10.666667,10.237923
5.3333335,6.4589944
9.333333,8.015095
8.833333,9.587174
4.4,5.429581
5.733333,6.6576033
16.833334,15.584237
12.4,17.760565
7.3333335,8.284319
4.4,4.8937187
5.0,6.2560606
24.5,13.573225
5.6666665,5.080945
8.0,7.7023773
4.6666665,5.1447473
6.0,7.2552576
4.3333335,6.844912
4.8333335,6.3863077
3.6666667,3.8565876
12.166667,12.291327
8.333333,10.940362
7.0,6.542027
6.3333335,8.360922
15.833333,11.412464
5.3333335,5.891893
3.36,4.617071
7.8333335,7.1639895
3.3333333,7.5138316
2.0,1.9160728
9.5,8.032864
9.0,10.077946
5.5,7.961443
14.833333,13.556468
12.4,11.420956
4.3333335,6.2129965
7.5,10.047908
9.5,11.295953
15.166667,11.518452
6.0,7.848567
5.8333335,5.742869
8.0,8.0275345
6.3333335,8.33213
11.666667,10.124226
4.0,3.932016
11.733334,12.496937
9.166667,10.872751
15.5,13.705843
4.3333335,5.559825
4.6666665,5.852884
6.0,6.2463584
13.733334,10.932257
8.333333,11.851243
6.0666666,8.36622
10.666667,8.892905
8.333333,6.8142576
5.1666665,4.624191
5.6666665,6.35475
10.833333,11.810072
10.166667,11.917575
6.5,6.947696
7.6666665,8.65736
11.733334,13.465624
5.3333335,6.3274226
5.0,6.946978
3.0666666,3.3897564
11.733334,13.02538
14.0,16.591913
7.8333335,8.528389
6.3333335,7.81491
6.0,8.075745
9.333333,8.12212
8.0,8.201153
11.0,11.701822
9.5,10.259465
17.0,9.3397
22.733334,17.217836
8.0,11.313614
5.3333335,5.552685
10.833333,13.066477
10.833333,9.175415
11.166667,11.041592
8.333333,10.828103
11.733334,14.543106
5.5,5.863193
21.833334,14.302425
3.8333333,5.032374
9.0,10.19817
4.3333335,5.183566
8.066667,8.979217
7.3333335,7.8372335
6.0,9.672868
18.333334,14.943589
10.666667,9.362429
7.4,12.725339
11.666667,12.566767
7.5,10.278463
7.8333335,7.6667414
9.5,9.815317
5.0,6.500215
9.733334,9.46857
3.8333333,2.7534885
9.333333,11.118861
9.333333,7.8947926
36.833332,18.405424
5.5,6.656161
10.666667,9.129009
5.8333335,7.099355
6.0666666,9.219276
11.666667,9.185535
3.7333333,5.5811267
8.0,8.453564
2.3333333,3.8234022
5.0,5.727614
10.833333,9.5576315
8.5,7.7673492
5.3333335,6.69731
15.4,10.3682375
11.0,7.17001
5.0,5.4623823
7.6666665,7.662258
17.733334,19.005518
5.5,7.5872674
5.0666666,6.6200614
9.5,9.146113
9.333333,7.472073
12.0,9.615094
9.666667,8.183794
10.666667,8.621067
10.4,11.649859
3.8333333,4.424772
10.333333,9.937808
2.5,2.496507
8.333333,9.449533
11.666667,13.204692
4.0,3.9250803
3.3333333,3.2349994
4.4,5.037918
10.833333,11.625551
17.333334,12.807303
5.3333335,6.6683826
8.066667,8.951284
21.4,16.867933
19.566668,16.03085
12.6,9.568925
7.8333335,9.47208
5.3333335,6.0872855
10.666667,11.432011
6.0666666,6.2335086
8.066667,15.194498
9.166667,8.994651
6.0,7.399933
9.0,9.746752
11.0,11.21894
8.166667,8.129758
4.3333335,4.7518826
5.4,7.257304
2.0,3.5696385
3.0,4.0273666
10.666667,15.391232
7.6666665,6.331728
11.833333,9.216033
4.1666665,4.447331
10.666667,9.252883
8.666667,9.336027
5.3333335,7.5714064
17.333334,9.776961
10.0,10.266918
6.0,7.315932
5.0,5.9229317
8.5,11.169762
8.0,10.438383
5.1666665,6.657014
4.3333335,5.7993717
7.3333335,6.413395
9.833333,12.253924
3.6666667,4.7073283
10.833333,14.67045
5.0666666,6.6110535
9.166667,11.242217
7.3333335,4.3724065
5.6666665,6.4888034
7.0,8.272942
11.833333,13.179603
9.5,11.549294
9.833333,11.150893
5.5,7.9452553
5.0,6.436298
6.0666666,7.8861637
2.6666667,3.6752334
7.6,10.173843
4.8333335,5.024834
3.7333333,5.8298006
5.3333335,6.324039
9.666667,7.144589
5.3333335,6.8326225
10.5,8.532822
3.5,4.8164897
5.1666665,7.9119234
2.7333333,4.887154
17.166666,12.492795
7.6666665,7.758749
9.333333,10.316963
8.0,6.2139497
15.733334,14.249861
10.833333,10.58112
10.833333,9.336843
9.5,8.781193
5.6666665,6.979522
5.9333334,7.0743747
5.3333335,6.3531723
9.066667,12.266198
19.733334,13.403275
12.666667,10.453977
7.0,7.151554
10.666667,7.471205
2.0666666,2.359664
6.6666665,5.687152
8.0,8.455492
7.4,10.598735
5.5,5.158945
8.333333,7.102363
4.8333335,6.646139
8.0,8.335573
15.066667,14.536622
5.3333335,7.1274114
1.0666667,1.3083752
10.066667,12.799754
5.0,6.513886
3.0666666,4.21262
5.4,5.553
6.0666666,7.5956206
18.333334,10.65098
6.5,9.087547
12.166667,11.6757
4.6666665,6.8869967
6.733333,10.230419
7.8333335,8.883635
4.733333,6.2655287
4.8333335,5.9662538
6.6666665,7.8267055
6.6666665,7.999775
5.6666665,7.4749303
7.6666665,5.875092
4.733333,7.313009
7.3333335,7.7141
9.5,9.478852
13.5,13.911717
7.733333,9.105716
4.1666665,5.844959
8.066667,13.515263
5.0,5.6416407
7.3333335,9.5962925
4.1666665,6.4645734
19.433332,19.187202
11.666667,11.175272
4.6666665,7.1384654
4.0,6.8178964
10.833333,11.037707
9.166667,7.9009194
4.4,5.127114
7.0,5.8284554
5.4,5.2386036
8.0,9.31048
18.5,13.562116
11.333333,14.522498
20.666666,10.036797
15.0,8.758147
9.0,7.905144
7.0,7.612587
4.3333335,6.569482
18.5,13.434422
8.5,8.240291
5.5,6.411625
5.6666665,6.594392
7.1666665,7.1506352
14.0,14.097502
9.5,11.237467
8.333333,7.864566
9.833333,14.534421
18.0,13.827015
4.6,5.9330854
9.0,8.675605
6.3333335,6.031847
3.3333333,3.976316
17.166666,18.12114
9.5,10.273329
6.0,5.552314
12.833333,14.758547
10.333333,8.573494
8.666667,7.591866
4.6666665,5.7834425
15.666667,11.6789465
3.6666667,5.3109875
9.333333,6.171209
9.0,7.1665893
11.066667,10.451464
2.6666667,3.2212245
11.833333,7.1257644
5.6666665,8.445445
3.0,4.3598957
11.666667,12.142642
11.066667,12.647406
10.4,12.893297
5.0,5.916551
7.3333335,9.184036
2.8333333,4.8031626
7.4,10.07328
16.666666,12.447395
3.5,5.1626782
4.8333335,5.640619
10.666667,11.991109
17.166666,15.871779
10.666667,10.990353
6.3333335,7.4359393
9.166667,8.900099
5.3333335,6.034735
9.833333,11.634021
7.3333335,7.930394
12.666667,12.99579
8.166667,9.236989
15.666667,10.868317
7.0666666,6.8574247
4.3333335,4.923126
4.3333335,4.753623
10.666667,8.456118
2.0,2.0129306
6.6666665,6.3205023
7.3333335,8.310655
10.4,9.9876175
5.5,6.9092164
12.433333,9.975124
11.833333,7.4845533
7.4,8.635034
5.0,5.991856
5.8333335,5.764118
11.0,9.747318
7.8333335,9.032751
7.5,8.106421
5.0666666,5.820104
7.0,8.294787
5.3333335,6.172396
12.0,7.612523
14.5,9.662838
10.833333,9.378772
8.333333,8.718901
4.5,6.2025723
16.333334,14.713864
9.5,11.919081
5.3333335,5.062837
5.0,5.0764537
8.833333,8.692817
10.833333,12.059409
9.0,10.818342
3.0666666,4.645337
11.733334,12.423096
4.6666665,6.0644226
6.5,8.734546
10.833333,13.883227
32.833332,19.614449
6.8333335,7.785893
5.6666665,6.8407617
4.6666665,5.0813036
16.333334,12.934707
8.333333,7.9555764
9.333333,9.818018
4.8333335,6.2936206
5.3333335,7.093773
14.166667,15.151751
6.3333335,8.013744
9.833333,10.45586
5.3333335,6.2519646
15.666667,10.845211
3.6666667,4.6641603
15.166667,13.96603
10.4,13.533835
5.6666665,7.34704
3.6666667,4.2528405
9.5,12.113626
10.166667,9.603491
9.333333,12.20845
5.0,5.247452
4.0666666,5.7009244
10.666667,11.002211
9.0,9.250199
10.566667,10.447075
4.3333335,5.1837673
4.8333335,6.971356
6.3333335,6.83638
9.5,12.764041
6.733333,8.374459
9.5,9.627765
12.833333,9.969714
9.333333,8.31777
8.833333,9.80105
6.0,6.9825964
3.5,4.1377892
23.266666,13.052628
7.0,7.3460927
5.5,5.6735725
8.333333,6.399637
5.6666665,5.4212127
7.6666665,7.778518
4.6666665,5.3597307
5.0,5.211753
2.7333333,4.1185694
5.6666665,6.815568
7.5,8.453576
4.1666665,5.4044857
9.066667,10.33424
5.0666666,7.3795767
3.3333333,3.4998353
7.0,6.845534
8.333333,6.894527
15.833333,12.56877
5.1666665,6.697945
6.8333335,8.951166
4.0,5.431103
5.733333,6.93136
6.8333335,6.5752006
8.0,7.7152624
7.0,7.799765
8.0,8.945366
8.0,13.477208
6.6666665,7.3672476
8.666667,10.208549
5.0,5.341758
7.0,10.447787
5.6666665,5.9026785
8.666667,8.409128
10.833333,9.945361
5.1666665,5.967919
8.166667,11.579901
10.833333,13.7227125
9.666667,7.996182
8.666667,9.246626
3.4,5.0528345
10.5,9.031464
6.5,7.135062
7.3333335,8.156171
15.0,10.843029
9.5,8.153153
5.8333335,7.136139
5.1666665,7.60386
16.166666,10.734167
3.8333333,4.9234724
12.833333,16.517147
5.6833334,7.5065784
9.666667,8.906131
9.5,10.877742
9.333333,12.284136
6.733333,8.955047
14.166667,13.075463
5.0,6.234948
7.3333335,8.310385
2.5,4.4944735
3.1666667,4.861636
4.3333335,6.538025
4.3333335,5.5219307
15.066667,18.947636
2.6666667,3.3995476
5.3333335,6.563274
11.4,9.965515
8.166667,9.059079
4.5,7.08299
9.666667,7.3864646
11.166667,9.971218
7.5,9.263919
13.1,10.427575
5.0,6.2973065
3.3333333,4.4304404
7.733333,8.433614
9.333333,14.695925
10.0,11.633408
10.833333,12.137373
11.066667,9.22734
1.8333334,2.6017852
2.95,5.2042546
6.0,6.8024983
11.333333,9.887199
8.166667,11.864804
9.833333,9.026196
11.733334,15.689043
12.733334,12.910743
11.833333,13.533246
3.5,4.642631
4.0,6.069344
10.166667,13.31527
10.833333,15.27773
5.3333335,5.7318306
4.6666665,6.7472463
10.166667,10.917605
4.3333335,4.781055
5.3333335,5.8315372
5.6666665,6.657179
9.333333,8.879608
4.6666665,3.972212
24.233334,17.77781
9.5,11.713748
6.0,7.1819673
7.3333335,11.308877
6.733333,7.91541
10.066667,18.66538
5.1666665,6.7307773
7.5,7.1952696
9.166667,12.21799
5.6666665,5.4809875
5.3333335,5.850908
5.3333335,5.464221
6.5,7.567223
8.066667,10.173134
6.8333335,7.49248
6.4,5.765092
8.666667,8.0631
10.833333,10.083178
9.5,10.9272175
9.5,16.707336
7.0,9.7753935
12.666667,12.227416
8.0,8.355526
6.4,6.5525436
9.066667,11.605581
10.166667,10.849831
6.0,6.75383
5.3333335,6.7657995
4.8333335,4.6673512
3.6666667,6.4686546
9.0,7.9697824
6.0,6.664014
3.5,3.467212
7.6666665,7.2620673
9.5,10.219814
4.8333335,5.998095
11.833333,11.650258
3.1666667,3.6679292
14.166667,15.909368
9.333333,10.2165
2.5,3.389232
7.8333335,8.996491
3.1666667,3.84255
15.4,11.770239
1.6666666,1.72812
3.1666667,5.3677735
5.0,5.233295
4.3333335,4.7414823
6.3333335,7.461174
9.333333,9.972503
3.7666667,4.5288134
10.833333,13.94825
4.6666665,6.1813655
7.6666665,11.642686
8.166667,9.388524
8.333333,7.02735
9.333333,10.074702
8.333333,7.653846
5.5,6.9486394
5.5,6.214746
6.266667,11.90176
8.4,9.758313
10.166667,8.2594595
15.666667,13.962662
12.333333,8.675145
6.9333334,7.8054338
6.5,8.767473
7.3333335,6.7745786
9.333333,7.6451025
3.4,4.4056334
6.733333,7.0769057
9.5,8.361531
15.733334,10.754537
7.3333335,7.5935597
18.233334,17.537409
5.0666666,3.5307992
7.8,15.315498
9.0,7.0025787
10.833333,11.349071
11.933333,16.695498
6.733333,6.7292843
10.0,8.31835
5.4,9.010113
12.166667,11.383344
5.3333335,6.443031
6.3333335,8.042374
7.3333335,8.630462
6.3333335,6.7822447
7.0666666,7.257802
16.066668,15.448601
14.5,14.833931
19.0,10.110762
4.5,6.4325976
5.3333335,6.3529043
9.833333,12.540327
9.333333,12.927892
7.8333335,9.138116
18.5,14.73999
4.233333,4.692392
4.3333335,4.9982643
6.3333335,6.8008475
5.3333335,5.9939475
5.5,6.892067
7.0,7.3480773
19.333334,12.88514
19.4,18.480343
6.5,7.1586967
5.733333,8.574845
5.733333,7.0898333
8.066667,8.659402
12.0,11.843292
10.833333,11.751266
8.733334,8.861013
4.0,4.4921546
6.3333335,5.059801
5.673333,5.03849
10.833333,16.889061
9.066667,11.503786
9.333333,9.15018
10.333333,10.207817
6.1666665,7.8261647
5.0666666,7.1409883
6.3333335,8.639701
9.5,11.470933
4.6666665,5.922967
9.166667,9.835476
7.6666665,9.507802
10.333333,12.006572
12.666667,12.16847
8.5,8.153572
10.066667,12.605578
12.166667,11.048249
4.5,6.4299445
2.3833334,3.7070746
5.3333335,7.183842
7.6666665,7.996924
16.433332,17.80382
5.5,7.366171
8.166667,10.072575
8.0,7.902882
7.3333335,7.649973
7.6666665,8.257055
6.0666666,7.9900274
11.733334,14.957156
8.0,8.286636
10.833333,10.915414
5.6666665,6.5693445
8.066667,10.752973
7.3333335,7.2419524
8.333333,7.6818733
10.9,14.812113
3.0,3.9430919
9.833333,7.5930266
5.1666665,5.7194996
5.3333335,6.4837
6.6666665,8.020795
6.6666665,7.2389007
7.233333,8.504598
9.666667,14.506086
4.0,3.870069
6.5,7.0594883
7.5,9.389048
8.333333,11.028246
18.5,16.104414
11.833333,9.513359
10.833333,16.052315
21.666666,16.229374
3.7333333,6.14277
9.5,8.769567
5.5,6.6638293
7.1666665,8.8505
23.166666,18.614454
9.0,9.615425
7.4,8.470456
8.0,8.219445
8.333333,7.0365224
9.0,8.7444725
5.0666666,6.331831
10.666667,11.590795
3.8333333,5.816258
8.0,8.2322445
17.4,15.673151
4.4,5.346644
13.0,10.756064
15.333333,14.892511
9.0,7.9692264
7.0666666,11.161575
3.8333333,6.663259
8.333333,9.1888685
4.6666665,4.579252
5.0,5.8792257
5.1,6.5095286
4.1666665,5.3890724
3.3333333,4.5164056
16.0,11.154592
2.3333333,4.964652
6.0,8.723384
9.5,13.782748
4.3333335,5.4850316
7.733333,9.0962715
5.6666665,8.352333
7.733333,9.743725
7.6666665,6.414869
3.0666666,4.7333446
7.6666665,7.436866
11.0,12.749471
5.3333335,5.329089
3.5,5.32293
9.0,11.599294
11.666667,10.299143
7.3333335,6.9810395
7.6666665,7.834635
5.1666665,5.0960946
9.4,13.927341
10.666667,13.668611
11.333333,11.734206
10.333333,8.067138
12.833333,13.087597
11.666667,12.995701
4.6666665,4.5325212
6.0,6.693597
4.8333335,4.8291116
8.666667,7.422519
14.166667,16.077803
5.0,5.9594927
4.733333,6.0552044
18.833334,15.059225
10.833333,10.776057
11.066667,12.829051
9.166667,10.642819
10.666667,10.89966
6.0,7.117039
13.066667,10.932471
5.5,8.909392
10.066667,9.670496
4.733333,5.7901917
6.3333335,7.5481615
7.733333,12.786485
5.3333335,4.857176
5.0,7.0378647
12.666667,13.319324
10.666667,10.336243
8.166667,9.255878
16.5,17.425076
9.333333,10.680267
4.0,3.8178709
6.6666665,6.8639255
10.166667,13.891705
7.8333335,8.45801
10.833333,11.840874
5.6666665,7.518333
5.6666665,5.6186414
4.6666665,6.7933297
4.0,4.352811
11.4,12.563774
9.333333,9.154389
7.6666665,7.517918
6.0,7.30335
6.3333335,4.343123
7.3333335,8.696995
9.333333,11.390158
10.833333,16.961552
19.5,13.125022
15.166667,13.76939
10.833333,16.673136
5.3333335,5.8981185
20.333334,14.487349
4.3333335,6.1133585
11.5,9.093024
4.6666665,6.950088
7.3333335,8.7495575
6.5,12.729404
6.3333335,5.633912
9.333333,9.225319
9.5,7.3389587
5.1666665,6.503311
11.4,12.494873
7.0,7.034563
18.833334,18.21585
4.3333335,5.8917418
9.666667,10.197283
7.0,7.0719957
2.8333333,4.8261657
7.0,7.9270735
4.3333335,5.8599257
6.6666665,8.521955
9.666667,9.250499
7.0,8.541209
5.3333335,6.805376
5.0666666,6.4586635
7.6666665,7.396659
18.5,12.994358
13.933333,14.904357
7.6666665,8.84509
6.9,11.492774
11.333333,10.818452
3.1666667,3.853675
7.8333335,8.245412
9.0,12.489866
5.0,4.80589
9.333333,9.215391
33.166668,19.469862
21.833334,14.733772
4.3333335,6.9284544
3.0,4.1004496
5.5,8.23688
10.666667,10.00889
7.4,8.500315
3.0666666,4.9486213
7.3333335,8.729669
7.6666665,9.124027
5.733333,6.7821813
15.166667,17.33939
6.3333335,5.4926248
6.3333335,6.3995204
6.1666665,7.802623
9.5,10.002031
4.6666665,5.8207965
9.5,11.787766
11.0,12.938526
10.166667,8.743265
6.0666666,6.85065
6.1666665,8.005951
5.9333334,4.6636205
5.8333335,7.525641
5.6666665,5.842395
10.4,12.239476
6.0666666,6.9371967
10.833333,6.741387
5.0,5.3880186
9.0,8.720795
8.166667,6.1945786
10.666667,10.122568
5.0,6.694669
10.833333,17.191265
9.833333,10.629292
11.666667,11.004323
10.1,9.419522
7.733333,7.5605955
5.3333335,8.153545
19.5,18.81159
2.3433332,4.2511396
11.833333,15.741033
5.1666665,6.49885
3.8333333,5.167711
6.4,7.722671
5.3333335,6.203267
5.5,6.8946843
5.0,6.112668
7.8333335,7.1770425
4.6666665,6.5423427
8.733334,10.343823
9.166667,10.544326
5.0,6.7240953
9.9,13.112364
9.5,12.20964
7.5,7.9408083
10.666667,7.8526444
3.0,3.3585646
7.3333335,6.2904134
5.6666665,6.836774
5.0666666,7.0091357
14.5,14.723932
9.4,9.933637
12.666667,13.274856
5.3333335,5.66765
5.4,5.417954
5.3333335,6.515234
10.4,14.355875
9.833333,10.715571
15.066667,14.883523
15.833333,13.748649
1.3333334,1.5583944
7.3333335,5.293946
5.3333335,6.266507
9.0,9.338253
7.6666665,9.480223
2.8333333,3.6627836
8.666667,8.120867
10.666667,10.536533
7.6666665,7.4205785
10.666667,10.777186
9.0,7.879232
5.733333,6.6842365
3.8333333,5.662512
10.666667,12.618476
2.0,2.1012256
9.166667,8.822277
8.333333,9.332522
0.6666667,1.6099288
11.733334,10.7127495
6.8333335,7.427611
5.8333335,8.163205
9.5,10.818693
8.5,7.5490417
9.333333,8.253652
13.833333,13.158213
3.5,4.161995
6.0666666,7.5993953
5.6833334,7.2463865
4.0,4.8822255
2.8333333,4.0537915
6.6666665,7.4275246
9.333333,9.717826
5.3333335,4.5873485
9.666667,11.677764
7.0666666,9.985634
18.0,13.659256
11.833333,11.949461
9.0,7.4655576
12.5,10.407247
7.3333335,7.477759
16.5,19.293245
21.4,12.210715
9.166667,8.620219
8.333333,8.008646
8.333333,6.819002
12.733334,20.442265
7.0,8.143151
5.0,5.8607254
9.333333,10.40176
7.6,14.684759
15.833333,12.330608
9.333333,8.778777
6.0,7.673612
19.733334,16.246626
10.666667,9.395851
6.733333,6.9133186
8.166667,8.799917
11.833333,16.355095
9.4,15.096234
5.6666665,6.941908
7.0,7.6199746
7.3333335,6.494674
7.6666665,8.433469
6.8333335,7.7705703
6.3333335,5.4336514
8.5,10.031653
6.0,6.7758207
5.3333335,6.2514305
18.5,17.199097
34.0,16.399984
4.9333334,6.656586
9.666667,9.20156
3.8333333,5.8313684
4.3333335,5.403475
7.733333,10.774358
5.3333335,6.0557513
9.333333,11.103955
10.166667,12.157113
11.833333,12.339457
6.4,9.874833
5.1666665,5.5979834
8.333333,6.536291
9.666667,7.206059
4.1666665,5.438388
9.066667,10.800414
3.0666666,4.657663
10.666667,9.154234
6.5,7.595855
5.233333,6.947233
7.0,7.7465734
5.3333335,8.265304
10.333333,11.598221
17.4,21.197296
4.3333335,5.4976063
9.333333,11.661034
9.0,6.238251
8.333333,6.7627983
19.433332,12.211018
7.0,9.245831
7.6666665,8.335809
10.833333,13.351058
4.3333335,4.819089
9.333333,10.720432
10.066667,10.159342
7.3333335,8.266258
21.833334,12.601045
9.666667,8.485737
8.166667,9.3105955
6.3333335,6.71663
11.833333,15.982714
12.166667,12.438782
7.0,8.328202
1.6666666,2.9298096
10.766666,14.972384
6.0,7.4315457
5.8333335,9.2623415
5.1666665,5.204043
6.6666665,7.209922
9.166667,12.624813
8.4,8.760857
11.833333,10.319068
11.666667,8.109882
9.333333,10.060868
7.3333335,9.417846
2.34,2.6717865
5.6666665,6.6804924
5.0666666,5.6495967
14.0,7.406171
5.4,6.4458604
8.166667,10.003211
3.5,4.379084
10.4,12.226967
8.0,7.541943
3.5,4.338488
7.6666665,9.067149
10.4,12.710062
10.833333,12.416353
13.066667,10.021176
10.4,11.527673
9.5,12.502792
12.333333,10.719468
4.3333335,5.4090314
5.3333335,7.9264092
10.833333,11.992771
7.0666666,6.242203
7.6666665,8.658684
8.5,8.026764
15.166667,14.722992
9.0,11.753998
10.666667,11.449102
10.833333,8.798602
4.0,5.4631248
9.5,9.385175
9.5,9.424377
7.0,7.1668086
8.666667,8.806047
12.666667,12.297792
7.5,6.47017
18.0,16.413744
3.3333333,4.720382
8.333333,8.734188
5.3333335,5.465064
7.0,8.583774
4.0666666,6.1759944
3.4,5.1332707
7.6666665,6.6746454
6.6666665,8.572688
6.0,7.3322744
5.1666665,6.7768836
11.5,13.755013
6.8333335,9.2240505
21.833334,19.237543
17.5,13.670809
3.9333334,5.281311
4.6666665,5.5748663
8.0,7.241858
10.4,12.646134
11.4,8.156597
4.6666665,4.7164106
4.3333335,5.649053
9.5,17.005598
10.833333,12.542019
3.6666667,4.554294
4.266667,6.6285067
9.333333,12.990318
5.3333335,6.8189487
5.3333335,6.286024
8.0,7.142858
13.333333,8.258589
11.733334,12.231554
7.8333335,8.645323
1.3333334,2.7089317
4.1666665,5.80849
4.5666666,7.102443
10.666667,12.2976055
5.6666665,1.9976977
9.166667,12.198872
4.6666665,6.2117543
7.3333335,9.129145
4.0,4.6728354
4.6666665,6.041469
8.333333,7.0835767
1.3333334,1.4306179
14.066667,10.528857
17.4,10.726953
9.733334,13.521605
12.733334,14.193002
5.4,6.5986786
7.5,9.848083
7.3333335,8.073918
9.066667,10.938162
5.6666665,7.028808
7.6666665,6.008556
7.6666665,8.820863
18.5,20.025255
5.0,6.615822
5.5,7.6544695
8.0,8.657034
7.8333335,8.931044
6.3333335,6.7798605
16.166666,13.394315
9.0,8.610578
18.333334,14.585602
17.833334,16.77761
9.0,8.62067
5.1666665,6.5295615
11.833333,13.3138485
10.0,7.7284017
5.6666665,6.4097433
9.333333,8.948434
10.833333,9.991547
12.0,15.957209
4.6666665,6.4994717
3.7333333,5.4740224
9.333333,8.809843
11.666667,6.975966
7.3333335,7.491836
7.6666665,8.565749
2.3333333,3.617331
9.166667,8.276628
6.0,6.9154162
9.5,9.071638
6.0,6.7533784
4.6666665,6.8307676
11.833333,11.932436
4.4,5.473376
4.0,5.7964244
7.1666665,8.1724205
17.066668,15.447558
9.5,15.585759
11.833333,12.95873
7.9333334,9.212077
9.333333,7.2123766
4.5,7.0502677
9.166667,9.640085
7.0,7.3758216
4.6666665,5.6199737
6.0,7.138043
6.6666665,7.96698
7.733333,10.853319
4.3333335,6.3923283
10.433333,9.278656
4.6666665,6.95101
8.666667,6.9303765
5.3333335,6.964201
4.0,5.6889853
5.4,6.077292
5.1666665,5.414311
4.5,5.325379
6.0,7.8472333
8.0,7.0181794
15.666667,13.104555
4.8333335,6.191212
5.0,6.7116833
4.6666665,6.8675947
7.8333335,7.86114
8.333333,5.26123
5.0666666,5.789252
4.6666665,8.340419
9.5,8.994643
7.9333334,9.342181
5.0,6.059639
11.733334,7.9455853
15.166667,14.12353
11.733334,14.261154
10.833333,11.685758
7.0666666,10.872164
7.3333335,8.064213
6.0,6.280675
9.5,10.702641
11.666667,10.243197
10.666667,9.670622
7.3333335,12.085529
0.7366667,1.7932252
11.733334,10.423392
7.3333335,7.702581
12.366667,5.822138
5.0666666,6.711973
5.3333335,7.405543
6.8333335,9.830753
5.8333335,11.362254
6.3333335,6.2682567
5.0,7.597497
10.5,12.774187
9.333333,8.7992525
12.066667,12.916624
8.066667,7.4860435
8.666667,7.703617
6.6666665,8.69401
10.066667,11.555962
11.666667,12.439183
7.3333335,7.870528
4.3333335,4.718126
7.0,7.4950414
6.0,7.5706687
5.3333335,7.7525797
6.0,6.2415614
5.0,5.240501
3.7333333,4.736922
4.3333335,6.406079
2.6666667,3.1781037
10.666667,14.648773
3.6666667,3.790561
5.3333335,7.1014028
5.6666665,7.023678
9.166667,13.218075
10.0,9.11922
6.1666665,8.527298
3.6666667,5.1576724
7.6666665,9.940124
6.0666666,8.962788
4.8333335,6.3650966
10.666667,13.981061
25.266666,17.834087
8.333333,6.387825
6.0,5.5906014
8.666667,7.931758
5.5,5.658615
7.3333335,10.439887
19.833334,10.290418
10.666667,11.514899
2.7333333,4.517789
10.333333,9.299749
9.833333,11.608227
8.0,10.105852
4.733333,4.3214016
9.333333,9.808884
4.6666665,6.1255646
8.0,10.076635
10.833333,14.754844
3.1666667,4.5370574
23.166666,14.021184
8.0,7.9376316
10.833333,11.965722
3.3333333,5.937487
9.166667,10.728081
1.6733333,2.2981746
5.0,4.044189
2.7333333,4.391598
11.333333,7.425157
9.333333,8.502449
12.166667,10.635624
10.4,9.429753
7.0666666,8.979077
13.833333,17.476374
15.833333,16.63109
4.6666665,5.346407
5.5,6.8370686
11.733334,17.064575
10.666667,10.689337
5.0,6.4696436
7.733333,7.4721985
3.8333333,5.2280784
10.333333,10.421796
4.0,4.566105
4.3333335,5.8820634
9.333333,11.457985
25.833334,18.256666
7.1666665,6.3241744
5.733333,6.1742926
5.1666665,6.2118244
12.4,10.845299
8.5,7.1537137
6.8333335,7.746404
4.8333335,6.2655463
6.0666666,8.636347
8.066667,8.947552
3.0,4.5279284
5.5,6.719974
8.5,6.425588
4.4,7.2290716
10.666667,8.759373
12.833333,14.320926
6.3333335,7.1574078
11.5,15.6728325
2.3333333,2.1180263
6.6666665,6.798873
20.4,13.528948
5.0,5.028662
6.0,6.9873886
9.5,9.610129
8.666667,7.206215
9.5,6.3695745
10.0,12.456004
4.6666665,4.862762
5.0666666,8.188521
4.3333335,5.6328483
15.833333,12.651278
9.0,9.782773
6.4,7.718217
8.0,10.536619
7.0,9.481041
9.666667,11.106357
4.6666665,7.857949
9.0,7.196927
5.3333335,5.764459
9.333333,12.924584
7.1666665,7.5820413
5.3333335,5.618193
4.0,4.4426227
3.1,4.0219674
1.6666666,2.433623
6.0,6.4574966
9.0,13.011217
9.0,7.169346
8.333333,8.623247
6.1666665,5.175323
3.7333333,5.563552
4.3333335,4.8149405
9.5,10.434638
8.0,6.520726
11.166667,8.650004
5.1666665,6.230292
6.0666666,6.8558
8.0,7.087556
5.0,3.6398444
6.5,6.4919405
11.666667,11.949685
8.066667,7.9887576
7.6666665,6.897898
17.0,13.4324255
6.6666665,6.1551027
8.333333,8.234744
5.1666665,5.4797063
5.733333,7.6619725
8.0,8.227285
7.8333335,8.226309
7.5,8.731863
9.0,10.668402
7.1666665,7.8633924
5.1666665,5.574896
7.3333335,4.0327272
10.666667,10.578845
15.166667,12.6987095
8.333333,9.77985
7.3333335,6.0000844
4.6666665,6.741895
7.6666665,6.6557703
7.266667,7.2137127
14.0,10.223102
10.0,9.803854
5.0,6.25065
27.5,22.060091
4.6666665,6.1404166
5.0,5.5208015
16.066668,20.669395
15.066667,12.757408
10.166667,10.372335
7.0666666,8.287258
16.666666,11.353907
6.3333335,7.1648784
12.0,12.14198
7.0,9.565497
7.5,7.3365283
4.1666665,5.415621
15.733334,20.319254
7.9333334,8.827761
7.733333,8.652754
6.6666665,5.978205
7.6666665,7.1741996
9.5,11.359771
17.5,12.801188
6.3333335,9.005803
9.066667,8.422077
8.666667,7.9817986
21.833334,15.617656
4.0,5.28636
4.6666665,7.816762
11.733334,15.694529
15.166667,16.002462
7.6666665,6.3693647
5.0,5.669692
11.666667,9.599881
11.5,8.530355
8.0,8.04058
10.833333,11.39712
15.166667,13.213729
8.333333,10.137142
8.066667,10.927028
4.8333335,6.5432196
16.5,21.938578
2.0666666,1.3764166
5.0,6.113189
10.166667,9.064959
6.5,14.271814
6.6666665,7.3230166
13.833333,18.104568
5.1666665,3.8162816
7.8333335,8.714815
5.3333335,5.6623607
15.0,9.962881
6.6666665,5.4556255
7.0,8.414537
8.833333,11.683984
7.3333335,7.82276
6.733333,9.038011
9.5,8.332325
8.0,8.273667
6.3333335,7.3479075
17.066668,14.116834
9.333333,9.552843
4.6666665,5.7177806
19.666666,17.469715
6.3333335,6.671704
7.8333335,8.304093
10.0,9.140163
5.0666666,6.3950377
9.5,9.758589
8.5,6.3803053
1.6766666,2.7266624
11.4,15.743106
8.333333,10.812013
6.6666665,8.995102
7.3333335,7.1376514
4.6666665,6.12159
9.166667,7.167921
12.0,9.854538
11.5,11.388945
6.8333335,8.901796
6.3333335,6.5279403
7.0666666,7.826666
7.8333335,8.509562
5.0,6.8643036
1.3333334,1.4489995
5.0,5.0086884
4.6666665,7.243385
6.0,6.1838284
18.333334,15.949136
9.333333,12.615467
8.333333,7.824158
7.733333,9.106088
10.4,9.724349
4.6666665,6.278497
10.833333,14.295805
9.0,6.9437995
11.166667,11.639279
4.8333335,4.893156
8.066667,8.425346
9.833333,11.610058
6.0,7.4196
5.1666665,4.7838383
9.5,8.19081
9.5,13.439162
5.3333335,5.525709
2.6666667,4.124135
4.6666665,6.2292967
14.166667,15.212348
9.333333,12.059992
4.6666665,5.2205925
10.5,7.742116
5.3333335,7.1244164
8.233334,12.32371
22.833334,23.28904
5.6666665,6.212543
15.833333,12.38534
2.0,4.1341915
5.6666665,6.3841467
6.0,7.083065
5.3333335,5.829575
4.0,3.4258964
8.333333,8.071928
9.5,9.595846
4.3333335,4.9634385
3.3333333,4.650104
10.4,13.515991
6.6666665,6.2497563
7.5,8.840977
5.8333335,8.39656
9.666667,7.4728594
8.166667,10.138238
5.733333,6.905459
2.6666667,4.8128977
3.0666666,3.1421533
4.6666665,5.5563936
10.0,9.497751
6.6666665,7.5108323
9.5,13.508001
5.0,5.6471944
5.0,6.23724
10.333333,7.516351
6.5,7.274218
8.833333,10.480997
9.333333,9.039535
3.3333333,4.718683
12.733334,15.889661
4.1666665,5.2619066
5.1666665,6.650833
9.5,10.670311
22.766666,19.324848
9.166667,8.49668
9.0,8.3777485
7.8333335,8.914502
5.6666665,5.056911
5.8333335,7.687089
7.3333335,9.859223
6.6666665,8.484512
13.833333,11.288351
4.3333335,5.5335603
5.8333335,7.2782364
11.666667,14.199011
26.666666,17.203096
9.0,8.257326
7.3333335,8.068634
8.666667,8.910477
8.4,6.2887683
8.0,6.2194624
7.6666665,7.7880063
5.0,5.477271
2.3333333,3.1501849
10.4,11.719219
4.4,5.3563824
5.8333335,6.0436554
21.666666,12.27383
6.733333,8.975466
6.3333335,6.633382
9.333333,10.667106
16.5,10.511357
9.0,8.524116
8.166667,9.548121
10.0,8.410343
11.666667,9.551302
10.166667,12.240527
5.3333335,5.919604
4.366667,7.281626
4.6666665,6.4568157
3.6666667,4.8657794
2.4,4.4464455
8.333333,9.159563
9.5,9.74552
4.3333335,5.4309354
8.666667,6.6430726
15.166667,14.226828
4.1,6.0169044
9.066667,13.081912
8.0,8.285604
8.5,9.611339
4.3333335,5.7427692
9.0,8.317969
6.0666666,7.0243225
5.8333335,6.495554
10.233334,10.760094
6.3333335,6.4095635
8.0,5.7771683
5.733333,8.614523
11.266666,10.517911
6.9,9.926175
10.833333,15.001026
13.733334,14.339616
5.5,7.996469
8.666667,5.0145054
10.733334,12.564047
10.666667,12.76625
16.733334,13.297849
5.8333335,7.780816
7.0666666,8.598373
5.5,6.2658577
7.5,6.205698
3.3333333,3.879475
6.5,8.131158
10.333333,8.258305
9.0,9.378058
7.3333335,8.562895
5.6666665,7.0707383
1.6666666,2.4858372
10.666667,11.643292
6.8333335,7.516624
9.933333,11.605056
9.0,8.84699
7.0,8.009042
10.833333,13.22616
8.666667,8.3953905
5.1666665,7.7017817
9.0,10.9521885
6.0,6.243352
21.5,17.040525
5.6666665,6.9366198
9.166667,8.447276
4.3333335,6.270908
10.733334,10.456929
9.333333,8.398609
11.833333,8.891936
6.3333335,6.783443
9.4,9.912425
7.6666665,7.6825237
3.6666667,5.702657
9.166667,10.941506
7.3333335,7.519312
6.5,6.6053905
4.0666666,5.3563027
4.6666665,5.642297
4.6666665,6.4267006
11.333333,9.628647
9.666667,10.433058
7.6666665,8.652732
4.3333335,4.247715
3.6833334,4.3971844
9.333333,10.09168
9.5,12.281667
9.5,8.539102
8.066667,8.866102
5.6666665,7.6408734
12.733334,11.086181
6.5,7.298352
5.1666665,5.6587214
14.333333,10.242968
23.066668,12.029653
7.733333,12.208604
3.7333333,5.6972156
5.8333335,7.7769957
4.8333335,6.3005276
14.066667,12.87047
5.5,6.1680627
16.733334,22.247791
20.5,12.833876
6.1666665,7.423112
6.8333335,8.333965
8.0,7.745075
3.4,3.998903
17.5,16.362274
8.833333,8.020348
12.733334,13.822188
7.3333335,8.440777
4.3333335,4.7342267
10.0,9.9617
7.0,8.952039
9.333333,9.318903
7.3333335,8.63323
3.0,3.5040584
5.8333335,7.0120277
15.0,13.263046
12.5,13.988372
5.6666665,6.4224553
2.0,3.3733137
8.333333,6.5039363
0.6666667,0.73741555
9.5,12.057776
6.8333335,8.0176325
8.166667,8.667759
7.6666665,8.664924
3.7333333,4.14602
3.6666667,6.270441
3.6666667,4.229968
8.333333,7.9203444
18.333334,13.655713
19.166666,17.380508
3.3366666,5.0411177
8.0,10.153336
6.3333335,6.257663
4.5,4.9408464
23.166666,14.613665
7.6666665,5.9979677
6.733333,8.690143
5.3333335,6.7709618
9.166667,9.991041
11.5,11.706781
4.1,5.599074
4.8333335,4.93026
3.6666667,3.5749137
9.333333,8.414165
12.833333,12.703102
5.0,4.9943786
13.166667,12.083489
10.933333,16.566158
5.3333335,6.2574563
8.333333,7.9268484
7.8333335,9.819628
1.0,1.0569862
6.733333,7.7387905
9.066667,9.371053
6.6666665,8.709213
2.3366666,3.2143905
5.0,5.6650887
12.833333,13.976788
9.166667,9.561301
7.3333335,6.317112
7.4,11.221012
6.0,7.0957785
6.3333335,6.916392
10.333333,7.8503532
4.6666665,5.473712
4.3333335,4.816994
6.0,6.595843
20.166666,15.103759
8.333333,9.658175
7.3333335,8.415275
6.1666665,7.0281825
6.6666665,6.7502365
13.333333,15.804439
28.333334,23.06465
17.233334,21.30871
6.8333335,8.994263
6.6666665,8.464962
2.6666667,4.4777083
7.0,8.340288
11.5,13.313017
6.3333335,8.376733
5.3333335,5.243467
8.0,6.978866
7.6666665,8.60284
11.666667,7.7497416
19.5,18.165905
9.5,12.6954975
11.733334,12.676479
5.6666665,6.5601544
17.4,13.459732
18.5,18.854233
6.0666666,7.1164308
6.5,8.482977
8.333333,8.585194
7.9333334,7.3549247
8.666667,10.319283
10.666667,12.63639
9.166667,9.199111
4.3333335,6.3469987
7.733333,8.204842
6.0,6.0357
8.166667,9.46501
4.5,6.967672
7.733333,13.07513
13.833333,14.289411
13.733334,11.208979
5.3333335,7.084956
5.6666665,6.8982706
3.8333333,4.005386
6.8333335,7.7901883
6.4,4.8874016
4.6666665,5.8155656
8.0,9.427207
16.666666,13.192735
6.3333335,7.1892867
4.3333335,3.9387796
5.6666665,7.1541715
4.4,5.3579493
10.733334,9.815653
9.1,10.792446
9.166667,12.12465
6.0,5.6117043
5.3333335,6.315605
6.0,5.1238947
6.0,6.127541
18.4,14.298464
9.833333,9.692469
9.333333,7.8016
9.066667,9.925896
9.0,8.961044
3.5,4.571006
11.666667,10.489804
9.333333,10.459446
6.6666665,4.8816257
5.5666666,7.685388
12.666667,10.667762
3.1,3.5183108
6.3333335,7.2663064
9.333333,15.122107
4.733333,6.6699147
10.5,10.463725
5.6666665,7.124794
14.833333,13.915424
4.6666665,6.182682
8.333333,8.166613
6.3333335,6.6284842
10.833333,11.766148
6.5,6.811305
7.6666665,9.114666
6.3333335,6.990648
15.166667,9.852159
3.4,5.470061
7.733333,9.89258
7.3333335,7.8667383
10.0,7.885401
8.166667,8.251252
6.0666666,7.74246
7.3333335,7.721698
9.0,9.35609
7.733333,7.9783087
8.5,7.4304433
5.5,7.963671
6.6666665,9.206177
6.233333,12.204962
4.6666665,5.4778695
4.3333335,5.7517595
6.0666666,7.773831
13.333333,14.386728
10.833333,11.228289
8.0,6.914965
8.0,8.175721
8.4,8.713133
13.5,17.404728
5.3333335,7.1889243
4.3333335,5.992208
5.3333335,7.0249777
15.166667,15.632572
6.0,6.5365663
7.8333335,7.897788
6.0,5.4392066
3.5,3.9485698
8.003333,5.6606526
7.3333335,5.884085
2.3333333,3.2193704
6.8333335,5.7255387
7.4,8.533325
6.6666665,9.717129
7.0,9.7343
7.0,7.2928123
6.3333335,7.407618
7.6666665,8.396628
12.166667,10.491289
19.833334,17.221775
8.666667,8.206911
5.6666665,6.366124
4.0,5.7877584
4.6666665,4.7832537
5.6666665,6.947057
9.666667,11.791936
7.3333335,7.49629
16.833334,12.690734
6.0,6.881972
4.3333335,5.3950973
9.333333,8.600571
9.5,10.120863
4.9333334,5.867989
10.433333,12.50288
6.0,7.319171
9.066667,11.387777
3.6666667,4.4458604
7.0666666,14.049335
10.833333,19.82818
5.0,5.578747
10.833333,10.211219
6.4,7.338171
9.333333,11.828719
7.5,7.8972154
8.333333,8.064755
6.5,6.651329
6.1666665,6.686386
7.5,12.347865
3.6666667,4.6701427
3.0,3.972199
11.666667,10.193516
12.833333,11.441461
10.833333,11.223607
9.166667,9.1186695
4.0,3.979158
7.6666665,8.227211
7.0,6.6595483
11.4,12.255183
4.1666665,6.0192857
7.3333335,8.445298
5.3333335,4.595019
5.1666665,6.2000613
3.0,4.9081345
8.166667,8.039313
11.333333,8.737773
18.4,11.720253
4.5,5.680887
1.3333334,1.4529825
6.1666665,7.094296
3.1666667,4.246752
6.6666665,9.263656
5.3333335,6.1326175
10.666667,10.700211
7.3333335,8.424829
6.6666665,7.2667484
10.666667,8.767361
11.733334,12.780127
7.3333335,7.524826
6.3333335,8.036155
8.666667,7.7412033
6.4,7.3671947
8.333333,10.374755
6.6666665,7.084182
10.4,13.775558
3.7333333,5.5737243
4.3333335,5.876094
6.3333335,5.6884294
9.5,11.567436
4.733333,5.8942256
2.7333333,3.8646197
10.333333,9.428418
5.3333335,4.754038
15.833333,15.549234
5.3333335,7.639755
6.6666665,6.844659
4.3333335,4.5854106
2.7333333,3.781849
7.4,10.833026
4.6666665,5.821057
5.6666665,5.830921
10.666667,9.909967
14.5,14.961136
5.6666665,6.6900983
6.1666665,7.5419216
7.3333335,7.926333
14.333333,11.034491
4.733333,8.976563
15.166667,13.308475
3.5,4.70642
24.833334,20.872341
6.8333335,8.216953
8.333333,11.033357
3.0666666,3.8849146
5.0,6.6457276
4.5,6.0502515
5.6666665,6.8733144
5.3333335,5.8340125
9.666667,9.621132
4.6666665,7.0040812
9.5,10.36208
10.666667,9.860997
17.733334,15.900106
9.0,7.8916955
6.8333335,8.369962
8.333333,6.93558
10.833333,9.7049675
10.833333,19.27145
10.666667,9.269938
9.166667,9.81967
4.3333335,5.4329586
5.6666665,6.999815
10.666667,11.313713
17.066668,14.929884
9.5,10.76424
9.333333,8.557053
10.333333,11.442879
11.333333,14.832598
6.0,7.330631
6.4,7.393185
8.166667,6.880142
7.8333335,10.301345
7.6666665,8.459663
8.5,11.294326
4.3333335,5.0375037
6.8333335,8.672191
7.6666665,5.7462993
6.5,7.151958
7.4,8.020938
12.666667,10.927278
7.3333335,8.069288
4.1666665,6.361963
5.8333335,7.347775
7.5,6.9272556
9.166667,12.837011
7.5,9.5556965
7.0,8.075932
4.3333335,5.858106
4.6666665,5.297679
9.666667,8.366991
9.333333,9.756752
13.666667,10.365752
7.8333335,7.76354
5.3333335,5.240587
4.9,6.416821
5.3333335,6.5493193
9.333333,10.750389
7.0666666,8.639708
11.1,9.68582
7.0,7.3272057
6.3333335,6.806799
6.0,6.3006263
3.3333333,4.8623056
10.9,8.589727
7.0,7.678389
12.733334,12.979921
30.666666,18.937601
2.3333333,2.8032253
10.0,12.612015
20.833334,11.721769
9.833333,9.607152
10.833333,8.963995
9.666667,8.5445795
7.233333,9.519635
9.666667,8.962381
5.3333335,7.458913
10.666667,8.962932
26.733334,18.474297
9.0,7.80196
17.166666,16.249857
5.0,6.0224686
8.733334,9.221736
6.3333335,7.9638376
8.666667,12.583618
15.4,13.603202
3.1666667,3.9973903
22.4,12.764486
7.0,6.8130183
7.4,8.362846
6.733333,10.861064
9.5,14.250899
4.6666665,5.687288
8.833333,8.213381
7.4,7.1913624
5.6666665,6.5666094
15.833333,14.734222
5.4,8.707192
7.1666665,8.086966
7.0,7.79151
6.3333335,6.5683675
4.0,5.6850038
8.666667,7.5750327
6.0,7.3681097
8.833333,13.085042
9.166667,8.137014
4.6666665,5.710778
5.3333335,6.7119036
9.166667,8.58015
6.6666665,7.92621
10.833333,13.317879
9.0,7.9843864
10.833333,11.278877
4.6666665,4.864186
10.0,8.938955
2.8333333,3.4230866
7.6666665,6.9072776
8.333333,8.468995
8.0,9.99288
5.6666665,8.139902
7.3333335,7.453724
6.3333335,7.2625847
4.3333335,5.4622927
6.6,9.023048
11.833333,12.677936
4.3333335,6.1456757
1.67,3.077913
6.6666665,7.2609615
6.3333335,7.0962973
10.0,8.6836195
8.0,7.64418
6.0,7.034241
9.333333,9.338069
2.7333333,3.854374
4.3333335,6.4966383
7.6666665,7.211157
10.833333,10.93698
10.833333,13.013792
9.5,11.835221
9.333333,9.894124
2.6733334,3.2807057
12.733334,11.331906
11.733334,12.057753
4.3333335,5.614991
10.166667,15.680629
6.0666666,8.02106
3.3333333,4.051875
11.066667,9.897717
8.5,6.913464
7.0,7.670244
21.733334,19.37694
6.5,8.707265
8.666667,8.001842
5.3333335,5.949632
2.3466666,2.3218644
8.166667,8.03214
17.4,15.430537
2.6666667,5.077874
10.333333,13.200606
9.5,9.119286
23.833334,19.642803
8.833333,11.680647
3.4,4.2588973
7.0,8.018165
7.0666666,7.640771
7.8333335,8.748222
9.166667,11.174354
8.333333,7.204113
9.166667,8.470908
8.0,6.9262776
10.833333,13.818246
12.666667,9.958663
6.0,6.0681086
7.1666665,9.276645
11.433333,10.875304
8.333333,6.946362
8.833333,7.2124963
8.333333,7.742848
12.5,11.191395
4.3333335,4.7656555
7.0666666,9.257119
7.6666665,10.630976
10.666667,13.51577
10.666667,11.331946
3.6666667,5.6742268
11.833333,10.576725
3.0666666,3.9428337
5.6666665,6.367714
32.066666,14.296009
8.5,7.512734
3.0,3.2212236
9.333333,8.125666
3.3333333,3.7704248
7.233333,9.73784
16.333334,14.767069
6.5,7.307419
4.3333335,4.243489
21.833334,17.271126
9.0,8.0994005
5.5,8.48329
3.4,3.437003
2.3333333,4.2976785
6.0,6.025386
14.0,11.807976
4.6666665,4.7355747
7.0,6.837535
8.333333,6.6760206
9.666667,10.858574
11.666667,10.742898
3.0,4.4340777
10.833333,12.815255
11.666667,11.35018
5.6,6.6284466
3.6833334,4.8361287
13.733334,16.128502
9.0,8.535568
8.333333,6.8318906
12.966666,12.218705
7.5,9.428924
9.833333,10.853294
8.166667,8.055022
9.5,13.0767765
4.3333335,5.2761626
7.0,6.3445153
4.3333335,5.9137125
7.8333335,9.507796
4.6666665,5.390773
9.166667,10.019815
4.5,5.1430407
9.166667,7.9741898
10.166667,10.095465
7.1666665,8.252691
9.5,11.105457
6.3333335,6.594623
5.1666665,6.811307
9.0,9.282472
5.5,6.78052
10.166667,9.690198
7.0,7.940911
6.6666665,6.7576194
5.0,6.223024
5.3333335,5.281186
9.333333,8.43115
8.833333,7.2669125
10.333333,10.000195
5.3333335,6.3732433
14.0,10.234441
5.0,6.5762677
10.666667,11.690699
3.6666667,4.2481904
5.0,6.539881
4.3333335,6.23695
17.733334,18.547647
4.5,5.989858
14.0,11.683008
6.0,7.0494304
3.5,5.5841756
5.6666665,7.713943
9.0,7.8776903
6.6666665,7.0422764
7.6666665,8.4189625
5.6666665,7.135659
6.0666666,6.4560094
7.6666665,8.339034
15.233334,15.685841
5.3333335,7.186588
9.666667,7.528143
6.1666665,7.502361
12.0,8.240896
9.333333,13.790266
11.833333,12.1887865
19.4,18.757387
7.3333335,8.270207
10.666667,8.695387
7.3333335,6.4159603
6.3333335,6.0024595
7.3333335,11.553801
11.733334,10.561635
3.1666667,4.002394
5.9333334,10.000851
6.6666665,6.7366195
14.5,16.51207
5.1666665,6.87626
9.833333,9.177046
5.8,6.2232056
10.166667,14.177334
8.333333,7.276183
2.0666666,4.2111487
19.5,13.902477
5.0,5.820933
7.8333335,10.738487
12.833333,12.32481
3.8333333,5.1119647
8.0,8.326829
3.3333333,4.902932
16.666666,14.680187
7.6666665,8.742188
5.0,5.684062
5.0,7.2348404
7.8333335,10.925125
6.3333335,7.6688857
9.5,10.699401
8.166667,8.892224
6.6666665,7.6434827
5.3333335,5.870933
2.5,3.3833992
9.666667,11.740435
9.733334,7.0908923
20.833334,17.605587
3.1666667,4.5407925
9.5,10.673005
9.0,6.9371743
15.5,14.458797
6.0,5.6308866
7.733333,9.949341
14.4,15.253726
7.6666665,8.401232
3.0666666,4.109069
7.5,8.6037655
6.0,7.419212
3.3333333,4.671465
4.3333335,5.619657
6.1666665,6.6341558
10.0,8.982234
4.3333335,5.5378594
10.833333,12.48888
3.5,3.3115845
9.833333,13.53
8.0,6.5719805
6.5,8.61562
5.6666665,6.1460166
5.3333335,6.2593117
5.3333335,5.278655
4.4,6.3587856
7.3333335,8.582047
7.3333335,9.91437
5.4,7.107751
5.8333335,6.9580135
4.6666665,6.7234387
10.066667,11.961413
4.5,7.044781
10.666667,11.326725
9.5,12.743422
11.9,15.323475
3.4,4.4947414
8.333333,7.575103
8.5,7.218955
6.0,5.5755277
7.6666665,8.793162
4.8333335,6.290514
11.166667,18.328314
10.233334,10.256662
12.833333,14.58073
4.3333335,5.037263
9.5,7.4452596
4.8333335,6.3403163
4.0,5.4037614
6.6666665,7.4983354
30.733334,19.66569
8.333333,8.647363
13.833333,15.425526
19.5,17.005592
3.0666666,3.6860154
6.6666665,9.86304
15.166667,13.330372
5.6666665,6.812985
8.0,8.426574
7.8333335,9.867119
6.0666666,7.623615
4.6666665,5.35577
8.666667,6.7842383
4.8333335,6.0812306
9.166667,10.547888
8.566667,7.409227
9.666667,7.056679
11.733334,12.898342
23.833334,13.233291
10.333333,10.485612
20.833334,12.308195
7.6666665,8.338423
24.066668,15.992918
4.6666665,5.6390443
9.333333,8.417703
4.8333335,6.1579957
5.1666665,6.432736
6.1666665,6.1941895
7.0,7.607395
9.0,7.9963694
14.166667,17.183905
8.066667,11.812749
9.5,10.719735
11.666667,9.346558
4.3333335,5.7245183
13.666667,15.204489
11.666667,8.414412
9.5,15.328863
10.333333,9.21456
4.0,4.4202957
22.166666,17.386044
7.8333335,8.286644
7.0,7.926353
15.166667,16.27345
10.5,13.933812
9.5,9.134063
8.066667,8.828191
9.166667,9.70524
10.333333,9.736752
10.0,10.039757
5.9,7.0416226
12.9,14.628856
7.1666665,9.465852
6.733333,7.8782067
3.3366666,4.5715027
7.8333335,8.838928
3.1666667,3.8247306
5.1666665,5.433264
11.5,13.8839035
9.666667,6.3670583
3.6666667,5.8538404
6.3333335,5.735194
9.5,9.186638
9.333333,9.775432
6.6666665,8.287108
7.6666665,10.484302
9.666667,10.51651
8.0,8.146651
6.0,6.8789983
13.0,14.2643795
3.0666666,3.9332013
2.6666667,4.0463834
4.6666665,6.0247803
5.3333335,6.5009623
5.5,7.726366
10.666667,11.554248
11.733334,9.536022
8.666667,8.210939
11.733334,9.636634
8.666667,7.5334034
9.333333,7.6086235
5.0,7.087196
9.333333,8.178541
6.3333335,7.535597
7.6666665,8.0360365
2.35,3.2744238
10.833333,11.640719
2.35,3.1492221
3.8333333,5.381647
4.3333335,4.8613973
9.066667,10.270899
9.266666,10.710842
2.7333333,4.2297235
8.4,11.689575
10.666667,10.5926485
8.0,9.268499
2.35,3.7094111
3.6666667,4.8939624
5.0,6.184708
4.1,5.243487
13.5,17.915453
5.0,7.4421926
7.3333335,8.822445
10.666667,13.139588
4.6666665,5.173483
10.9,11.833363
10.666667,10.2880335
4.6666665,6.5359964
9.666667,11.443901
16.4,13.150247
14.333333,11.401283
7.5,9.54937
9.333333,10.282881
14.2,12.897909
18.5,18.035555
5.0,5.7736645
3.8333333,5.2324123
3.3333333,1.8931707
6.6666665,7.6830673
4.1666665,4.4248157
10.0,10.331731
8.0,7.3505197
9.333333,8.328288
8.333333,8.305137
3.6666667,3.9704714
12.166667,9.831616
4.0,4.9257674
8.166667,9.081529
5.3333335,6.3294497
7.6666665,4.7469125
5.8333335,6.3198524
1.6666666,1.4081836
10.666667,10.074213
6.1666665,7.336405
8.833333,8.700384
5.5,5.89106
4.0,4.5652924
10.1,7.7951827
4.5,6.387948
3.4,2.9861968
3.3833334,6.907157
14.666667,6.768409
4.1666665,5.225979
4.6666665,6.300412
4.6666665,5.506051
5.3333335,5.403659
16.833334,15.319052
9.0,7.3821335
15.166667,11.148483
10.666667,10.4652605
5.6666665,5.8523197
8.733334,12.30214
8.333333,6.259232
6.0,7.2660904
13.666667,13.986792
2.5,2.1184242
11.666667,10.049479
4.733333,5.4977775
23.666666,12.5650015
20.566668,20.281822
5.4,7.3902693
9.333333,7.8138146
9.333333,7.2741647
10.333333,8.449256
4.8333335,6.455774
9.5,12.062039
21.833334,15.150708
4.0,3.7674608
6.0,6.200664
7.6666665,9.404342
10.833333,13.402403
9.833333,12.756497
12.666667,12.174959
9.5,10.844865
8.833333,8.542444
9.0,8.1015215
7.6666665,7.2781925
17.5,14.573789
14.0,10.766816
9.5,13.657707
4.3333335,5.400036
5.8333335,6.5915623
10.0,10.663665
8.666667,9.394216
10.666667,11.820346
6.0,6.0142813
9.5,8.661123
10.666667,9.392353
6.0,7.3599095
7.5,11.082216
6.1666665,8.025018
5.6666665,7.1773024
6.0,7.419968
10.4,14.002355
10.833333,10.818206
13.833333,10.400075
7.6666665,8.071702
9.5,11.201912
16.0,16.021927
14.833333,13.138546
5.4,6.551116
4.3333335,5.9552217
10.833333,11.585925
18.5,15.84323
11.733334,12.443558
5.5,6.0636086
11.9,16.205088
5.0,6.9022055
20.233334,17.116135
15.166667,12.049362
6.733333,8.441272
7.0,9.276492
8.833333,9.372154
2.8333333,2.4330862
7.4,7.240391
9.5,8.094724
4.8333335,5.570559
7.0,7.428852
6.0,6.7890577
7.0,8.591782
19.066668,17.669952
6.0,6.805455
3.0,4.3253055
9.166667,10.331679
7.4,7.506666
7.8333335,8.746979
13.333333,11.937258
10.4,17.427917
5.5,6.178825
9.666667,11.34128
7.6666665,6.557703
5.1666665,6.461986
10.0,10.064586
13.5,15.186585
5.1666665,7.5562763
5.3333335,7.3203273
5.0,7.9504805
6.0666666,7.054415
9.0,8.486834
6.0666666,6.293939
4.3333335,5.3465466
7.6666665,7.9792914
11.5,14.754379
6.6666665,7.9840217
8.0,8.19013
19.333334,16.43281
10.333333,13.591476
12.833333,16.168066
6.6666665,5.9991965
24.5,13.177778
11.833333,12.713997
11.0,10.766235
9.5,13.9471245
10.0,9.658398
15.833333,12.837519
5.1666665,8.025664
6.0,6.205066
7.6666665,9.863537
4.3333335,4.877814
4.8333335,7.1503205
9.666667,12.851423
6.6666665,7.2891455
8.333333,8.630768
7.0666666,9.133108
7.4,7.2559175
9.166667,13.85275
9.5,9.611279
9.333333,10.137342
11.166667,10.847372
10.833333,10.386886
7.0666666,8.618574
6.3333335,7.483151
9.333333,8.30222
14.666667,13.119246
8.166667,8.485925
6.6666665,8.67883
10.4,11.491244
9.166667,10.174213
1.0,1.4759711
5.6666665,6.3174963
6.6666665,7.2429614
11.666667,9.038174
5.3333335,5.8861213
6.733333,5.1424727
7.3333335,10.01106
11.166667,9.696172
6.3333335,7.9336557
3.3333333,3.809494
9.0,9.4611635
6.0,7.243466
9.5,9.6771755
4.3333335,5.523078
4.0,4.3915024
9.833333,9.261725
5.0,6.0551367
5.0,6.3808584
9.333333,9.6554575
12.733334,17.21911
7.3333335,8.751637
11.666667,10.227436
2.6833334,3.7919374
8.066667,8.998426
9.833333,10.565483
7.8333335,8.981531
6.5,7.002719
6.4,8.625818
8.066667,11.235061
6.0,7.088436
10.333333,9.083229
7.5,8.17424
15.733334,17.500357
9.5,10.311149
5.4,5.7465744
3.8333333,7.38868
9.833333,12.33161
3.3333333,3.7592149
8.166667,5.699441
7.3333335,7.441776
9.833333,16.092545
2.7333333,2.679563
9.5,8.911187
9.0,8.248706
6.4,8.109603
5.5,5.8315315
9.5,9.605543
10.733334,8.755173
5.6666665,6.6959558
10.066667,12.989946
7.0,6.422898
9.0,11.599931
6.3333335,7.118124
6.0,6.7430964
5.6666665,8.516929
4.0666666,5.5149455
8.833333,9.844121
8.333333,8.487651
4.3333335,5.2682753
13.166667,13.982223
4.3333335,5.47804
6.6666665,7.584345
11.5,11.3411875
9.666667,7.2351513
7.5,9.0868635
11.733334,13.822588
3.4,4.505201
10.666667,10.882068
5.3333335,6.2506175
5.6666665,5.824179
7.4,8.694217
7.8333335,8.096442
10.666667,8.44718
8.666667,9.561767
5.5,7.2055144
4.5,5.686514
5.0,5.4993367
11.833333,14.858343
20.4,17.098106
10.733334,13.6984625
4.3333335,5.967358
9.666667,11.876631
4.3333335,4.730926
11.833333,15.659401
19.4,16.608187
6.0666666,7.151433
9.5,12.166436
8.0,12.3002615
6.8333335,8.510544
9.5,12.847993
4.1666665,4.820893
7.0,7.854757
8.166667,6.7158422
3.5,4.4914246
6.0,7.14347
3.6666667,4.8461466
4.0,5.649956
3.8333333,4.8738713
7.3333335,6.8990145
10.833333,10.858784
7.4,8.553665
10.0,13.893111
11.0,10.810756
7.3333335,7.50565
7.4,8.882649
7.8333335,8.12396
9.0,10.393604
4.0,4.6550026
3.8333333,4.5638766
4.6666665,6.134089
3.0066667,5.8483243
7.5,9.016581
7.0,7.8604255
5.3333335,6.181545
10.0,9.31328
9.5,8.241484
7.6666665,7.26772
5.8333335,8.378395
9.0,8.885288
5.1666665,5.845732
8.166667,8.713398
6.0,6.14636
4.6666665,5.0297675
3.7333333,6.1103945
7.8333335,9.452687
8.833333,11.314704
18.5,13.571691
8.833333,9.352438
10.666667,9.293799
8.0,8.172775
2.7333333,4.107315
6.5,9.081165
7.8333335,9.572604
6.733333,4.3353424
6.266667,9.221291
4.3333335,6.5058227
3.8333333,4.2671194
10.666667,11.067613
9.333333,7.271799
14.166667,10.895785
6.5,7.774882
24.666666,10.490299
12.666667,10.476982
13.066667,11.584866
18.5,12.86208
9.833333,9.1762705
9.666667,10.052255
12.666667,13.463945
6.0,6.9937625
7.8333335,6.673637
14.5,12.036625
9.5,10.62325
9.0,10.376572
3.7333333,4.7065
10.4,16.105583
9.0,10.046181
26.066668,17.330881
7.6666665,8.227418
11.833333,11.741209
6.0,6.751205
2.7333333,3.4332469
11.733334,16.073395
7.6666665,7.8969765
5.1666665,7.2119937
12.0,11.468961
10.833333,12.728292
9.0,11.191082
2.0166667,3.5157206
11.733334,15.537969
15.333333,9.905173
5.0,5.959315
8.666667,8.890453
6.1666665,8.205612
7.8333335,11.058517
5.1666665,5.9235406
6.4,8.17604
4.6666665,5.3818555
4.3333335,5.187677
12.833333,15.76314
6.0,6.498904
7.4,7.39396
3.7333333,4.928423
5.3333335,6.0952964
14.4,11.7174635
9.5,12.936348
4.3333335,5.7846394
3.6666667,4.35236
6.1666665,6.959428
5.0,7.0879316
4.6666665,6.0804243
3.6666667,5.524956
3.0166667,3.9591584
6.0,6.978854
12.733334,11.95938
6.6666665,5.5824738
5.6666665,7.1402
11.333333,8.760022
6.8333335,6.17129
2.3333333,4.44091
6.6666665,6.31318
7.5,9.588652
11.666667,10.146569
6.6666665,7.336477
10.666667,8.528645
5.733333,6.472623
11.833333,15.814986
5.0,6.478544
4.3333335,5.4791937
10.666667,9.203793
8.0,9.127235
11.833333,10.6915455
3.5,4.2883315
4.1666665,5.2649183
6.6666665,6.464516
13.833333,13.710384
8.833333,7.2820783
4.0,5.517697
10.766666,13.077957
10.4,13.954472
9.333333,8.397308
13.733334,12.634565
11.733334,13.087443
4.8333335,6.1676345
19.333334,15.48791
4.8333335,7.3912854
4.6666665,5.6876044
6.5,4.613582
10.333333,10.298064
4.5,5.405935
4.1666665,6.11321
8.0,6.1194134
9.5,11.879508
5.3333335,6.1845264
4.3333335,5.8797317
4.6666665,5.591038
7.6666665,8.886325
3.8333333,5.5282025
8.4,7.6544414
6.3333335,6.3349366
6.5,8.455375
3.4,3.8214955
8.0,9.204095
4.1666665,5.2148633
8.166667,7.9747443
4.733333,6.614472
8.0,8.934927
10.0,9.05288
6.6666665,5.70012
16.333334,15.467387
4.3333335,6.446136
10.833333,9.266397
14.166667,15.627137
10.833333,10.291904
13.733334,11.639495
6.0,5.929649
7.6666665,7.945199
4.3333335,5.499556
9.0,8.787081
5.0,6.4743257
7.0666666,8.57441
10.333333,10.224943
10.333333,10.374059
15.166667,11.548341
3.8333333,5.5001135
17.4,11.573425
4.6666665,5.0996966
12.833333,17.578146
14.5,16.307005
7.5,8.96431
12.333333,15.36242
6.8333335,7.1635528
5.0,5.534011
10.666667,11.997105
11.733334,11.080836
1.6666666,2.9531982
11.666667,11.187084
10.666667,8.431255
8.666667,6.817664
2.7333333,4.2297645
9.5,11.560742
4.6666665,5.491891
4.0,5.5027714
7.6666665,9.016987
16.0,13.099447
10.333333,10.473339
12.733334,15.050105
6.733333,9.282269
9.0,9.231367
5.8333335,6.5400667
8.333333,8.756002
4.5,7.086655
10.666667,10.637515
6.4,4.684939
10.333333,9.770653
10.833333,10.277173
6.6666665,6.4510913
7.3333335,7.807704
4.6666665,6.387589
12.733334,13.065173
5.3333335,5.980362
4.0666666,5.3642755
7.8333335,9.01437
6.733333,6.6096387
2.1666667,4.0168657
8.0,8.429817
10.0,7.056872
5.3333335,5.149576
9.5,13.206895
6.3333335,6.765195
12.733334,14.98373
2.8333333,3.7105947
6.6666665,5.8135285
3.8333333,4.6189985
1.05,1.6899804
11.666667,10.302535
10.4,12.668275
5.673333,6.207343
7.0666666,7.851944
9.333333,11.356728
26.166666,17.536545
10.833333,14.609769
5.0,5.9507494
5.3333335,6.094284
4.733333,5.658502
7.3333335,7.772249
5.6666665,6.6046333
4.733333,4.4700594
7.6666665,7.293093
4.3333335,5.077257
6.6666665,8.536737
5.6666665,6.6447916
10.5,11.020108
14.0,8.758737
6.6666665,8.580968
7.6666665,10.044766
4.6666665,4.8233933
9.166667,9.0689335
4.6666665,5.0321665
7.8333335,5.907014
6.1666665,6.3187304
6.5666666,9.53578
3.3333333,4.8104887
8.833333,10.234948
8.166667,8.975872
9.733334,8.841583
6.5,6.6200814
10.0,9.715397
8.333333,8.563114
7.5666666,12.996946
9.166667,9.2814455
10.833333,15.564828
3.0,4.0149493
9.333333,11.121081
6.5,8.584818
9.333333,8.945637
5.6666665,7.5726037
13.833333,15.968283
