y_true,y_pred
5.0,6.531021
12.0,8.131671
8.0,6.885291
8.0,7.5570736
8.0,7.788208
5.0,5.4692774
8.0,11.394015
5.0,6.9067516
5.0,6.8696766
5.0,6.705333
5.0,4.947382
5.0,6.3124166
8.0,10.35841
8.0,8.625051
5.0,6.6322384
5.0,6.7132587
8.0,7.6839247
8.0,6.8318515
2.0,5.0012918
8.0,7.760345
3.0,4.214965
8.0,6.6687136
8.0,6.841526
8.0,9.48788
8.0,7.656601
8.0,10.886603
3.0,5.71403
5.0,5.0236588
8.0,8.057055
8.0,8.099534
12.0,7.5485334
8.0,6.611077
12.0,9.054577
8.0,7.4082117
8.0,6.65295
5.0,4.3341312
8.0,11.168666
8.0,8.188205
8.0,8.127041
6.0,6.6825495
5.0,6.573712
12.0,6.694058
8.0,9.055772
8.0,7.137196
5.0,5.6375995
5.0,6.5452943
8.0,10.420088
8.0,11.094669
8.0,8.540871
8.0,7.753639
5.0,5.4996614
5.0,6.69806
3.0,5.063287
8.0,9.2617
8.0,7.2745214
8.0,7.0671687
2.0,5.027335
8.0,7.5943365
8.0,7.567556
8.0,10.229091
8.0,6.3883653
8.0,8.24823
7.0,8.37779
8.0,7.781366
8.0,8.1781225
7.0,6.460178
7.0,6.8393064
2.0,5.322577
8.0,10.232134
5.0,6.1395373
5.0,7.0927486
8.0,6.983741
2.0,4.0950894
5.0,5.5691867
5.0,7.1330824
5.0,5.847258
8.0,6.912302
5.0,4.9315968
8.0,8.7468405
8.0,11.608174
8.0,8.808806
3.0,4.378348
8.0,7.7578173
5.0,8.100095
5.0,6.282365
8.0,10.937354
8.0,7.4653945
6.0,6.659064
5.0,5.673449
8.0,10.5891285
8.0,12.980515
4.0,6.132002
8.0,7.9151263
8.0,7.927859
8.0,9.68284
5.0,5.9298697
4.0,5.0504627
8.0,10.685896
3.0,4.6403246
45.0,10.647891
8.0,7.9558864
5.0,5.8006344
5.0,6.3651295
5.0,5.7851663
2.0,4.190962
5.0,6.6869183
2.0,4.1908526
8.0,6.9666147
8.0,8.760774
5.0,5.7183347
8.0,8.473177
3.0,4.7224293
8.0,5.539207
5.0,6.3611045
8.0,7.964754
8.0,10.2053995
5.0,7.507079
6.0,6.576506
12.0,6.067464
8.0,7.6346936
8.0,8.514288
8.0,7.1439767
8.0,9.339051
8.0,9.900614
7.0,7.2804832
12.0,7.2061615
5.0,5.6838703
5.0,6.909308
8.0,9.924642
5.0,5.577598
8.0,7.1183944
8.0,8.459229
12.0,6.987096
3.0,4.583256
5.0,5.6167464
5.0,6.3981595
3.0,3.8941925
8.0,11.648067
3.0,4.2222857
12.0,5.4490085
8.0,11.518517
5.0,5.4034405
5.0,5.3737884
3.0,4.4490542
5.0,5.4328094
8.0,11.199929
8.0,8.848892
5.0,5.4791627
5.0,6.1960917
5.0,4.9242506
8.0,7.17372
5.0,6.625163
5.0,5.650078
8.0,9.822529
5.0,6.347949
3.0,5.0466886
8.0,5.540633
8.0,7.9769382
12.0,7.761454
12.0,9.184121
5.0,6.735011
8.0,7.6283298
8.0,8.279785
5.0,4.876967
8.0,7.872156
5.0,6.96067
8.0,10.162287
8.0,8.098344
8.0,7.7689385
8.0,7.45393
5.0,6.6537204
5.0,6.1843724
8.0,9.140737
3.0,5.649024
8.0,11.093559
7.0,6.503997
8.0,10.150981
5.0,6.5909944
8.0,7.7960353
8.0,7.146489
8.0,10.226744
8.0,6.4010606
8.0,8.744099
8.0,9.185369
8.0,10.242533
2.0,5.426983
8.0,6.0642276
3.0,4.5895247
8.0,6.8881154
5.0,5.837457
8.0,8.466078
2.0,5.390175
5.0,6.4266057
8.0,7.173737
3.0,4.2920737
2.0,4.747699
5.0,5.938839
8.0,10.5239
6.0,6.8745904
12.0,7.2697406
7.0,6.9128075
5.0,5.53612
8.0,7.763547
8.0,10.520472
8.0,9.53331
5.0,6.465632
8.0,7.902189
4.0,6.0223947
8.0,8.921418
8.0,9.417105
4.0,5.163917
5.0,6.9277005
8.0,8.727044
8.0,6.30304
2.0,4.3962536
8.0,6.6426773
4.0,6.8977385
8.0,7.5579677
3.0,4.875357
8.0,7.4301414
8.0,10.013527
8.0,6.6721406
5.0,6.385292
8.0,8.493375
2.0,2.901141
8.0,7.7957096
12.0,7.4903965
8.0,7.7523665
2.0,3.9845483
3.0,4.259002
8.0,7.0133696
2.0,3.0041
8.0,7.31465
2.0,4.73884
8.0,10.889644
5.0,5.3120008
8.0,8.036677
5.0,7.242098
8.0,7.90946
8.0,8.165845
5.0,5.587896
5.0,5.9055433
8.0,9.444084
3.0,4.5159564
8.0,6.7335777
8.0,10.466348
5.0,5.9413743
8.0,9.043049
8.0,7.2307796
5.0,6.431463
8.0,7.230831
5.0,6.419829
5.0,6.5918007
8.0,7.9031544
12.0,10.571635
5.0,6.731124
12.0,7.3803325
3.0,4.848037
7.0,7.4468784
8.0,8.658127
5.0,6.4199867
8.0,7.491286
5.0,5.8816543
12.0,8.315271
5.0,6.3711667
8.0,9.290819
5.0,6.5113144
12.0,7.771615
5.0,6.94691
12.0,6.117607
5.0,6.2262588
8.0,7.00588
5.0,6.3409486
8.0,7.608548
8.0,7.5232944
8.0,10.05429
8.0,6.965044
7.0,6.310862
2.0,4.169473
5.0,5.996792
8.0,8.119319
12.0,9.117012
12.0,5.9893084
8.0,8.474477
8.0,8.758685
5.0,6.6578293
5.0,5.900444
8.0,9.644854
8.0,7.805477
8.0,7.9647417
5.0,6.1540904
8.0,7.2246575
6.0,7.5480113
5.0,6.5427074
5.0,6.576015
2.0,4.2847643
12.0,8.263747
8.0,7.4418087
5.0,5.4270067
5.0,5.721853
4.0,5.2992563
8.0,9.642603
8.0,8.312962
8.0,7.7386227
8.0,8.5580435
8.0,10.017618
8.0,6.6270027
5.0,5.216028
8.0,6.436217
8.0,7.305072
5.0,6.8005624
5.0,5.7635665
5.0,6.482758
8.0,9.297571
8.0,9.438785
5.0,6.043475
4.0,5.285026
3.0,4.9319205
5.0,6.598483
8.0,10.12664
5.0,5.4416265
8.0,7.08736
12.0,5.9549584
8.0,7.986275
5.0,5.7438293
3.0,4.1690683
7.0,7.196693
8.0,10.514327
8.0,7.487008
5.0,6.134196
7.0,8.550859
8.0,8.384282
8.0,9.524572
4.0,5.9378924
5.0,6.307931
5.0,6.4745164
8.0,7.7911243
5.0,6.5211673
5.0,5.756332
8.0,7.942506
8.0,8.93616
8.0,8.291932
5.0,7.15552
8.0,7.3521547
8.0,9.091267
12.0,8.179801
8.0,9.371273
3.0,5.9468713
12.0,8.838902
5.0,6.3736577
8.0,7.863557
8.0,9.987144
8.0,9.03941
5.0,6.5721292
5.0,5.76017
8.0,10.9274845
5.0,4.5208983
8.0,8.970892
5.0,4.667428
8.0,10.867289
8.0,7.5765996
5.0,5.384049
8.0,10.891906
8.0,8.151114
8.0,9.856801
5.0,6.604306
5.0,5.7126045
8.0,8.89971
42.0,14.756512
8.0,7.1712403
8.0,10.691863
5.2,7.3625593
5.0,6.6641574
2.0,4.640971
8.0,7.1668005
8.0,8.386651
5.0,8.959492
5.0,6.0413556
8.0,8.065772
5.0,6.607164
4.0,5.6325254
8.0,9.014171
5.0,6.2640734
5.0,5.613398
5.0,5.7624836
2.0,3.4819613
5.0,5.627006
3.0,4.4256744
12.0,7.6291614
5.0,5.1697607
2.0,3.6339083
6.0,7.124071
5.0,6.466668
8.0,10.136276
7.0,6.9782104
8.0,10.160463
5.0,5.2230287
5.0,6.4079046
5.0,5.546426
5.0,5.6792073
5.0,8.257038
8.0,8.571993
8.0,7.4754024
12.0,7.0745716
7.0,7.09515
8.0,6.38417
5.0,6.4261317
8.0,9.758735
8.0,6.2424493
8.0,9.205483
8.0,8.5124855
8.0,6.62257
8.0,6.882653
8.0,7.37074
5.0,6.0003014
5.0,5.7907314
8.0,6.869181
8.0,8.396474
5.0,6.5563846
5.0,5.87639
5.0,6.856115
5.0,5.5381956
8.0,8.069238
8.0,7.926779
8.0,9.104146
8.0,8.760652
2.0,5.49303
5.0,6.2589626
8.0,12.329518
8.0,8.568293
8.0,10.675313
8.0,7.5898824
8.0,10.796878
8.0,7.916601
5.0,6.141943
8.0,8.130472
5.0,6.138816
5.0,6.951416
5.0,7.195775
5.0,6.160652
3.0,5.4291883
8.0,7.8424034
8.0,7.6176357
2.0,4.513466
5.0,5.963462
5.0,6.1297493
6.0,7.5099463
5.0,5.0514207
8.0,8.553111
5.0,6.154191
8.0,8.117743
5.0,6.13239
8.0,6.996883
8.0,8.597152
8.0,7.855317
8.0,7.346506
8.0,11.79602
5.0,5.854828
8.0,7.007366
8.0,10.064542
5.0,6.6993914
8.0,9.749978
8.0,9.942275
8.0,7.04878
8.0,7.9470677
3.0,4.5322595
12.0,7.067564
8.0,7.236108
8.0,7.749274
8.0,7.332244
5.0,5.9331026
8.0,10.857448
8.0,11.197352
8.0,9.5568495
8.0,8.517749
8.0,9.193405
8.0,7.172151
5.0,5.220732
8.0,9.6628685
8.0,10.095157
8.0,6.3592224
5.0,6.3883533
2.0,3.5470417
12.0,6.687166
8.0,7.565859
8.0,8.105514
8.0,9.375722
8.0,8.852941
8.0,7.492305
5.0,6.711784
8.0,8.908959
8.0,7.35472
5.0,6.9030337
5.0,5.249468
5.0,5.711772
8.0,8.199814
5.0,6.9501433
3.0,4.710551
2.0,4.3453493
8.0,5.8667283
4.0,5.199731
5.0,6.876369
8.0,9.29778
8.0,9.256481
5.0,6.6911397
7.0,7.341358
5.0,6.0581355
6.0,5.78213
5.0,6.3759727
8.0,7.9826293
8.0,9.712777
8.0,8.960615
8.0,7.6043015
5.0,6.8995275
8.0,8.9907875
5.0,5.7439494
5.0,8.120326
12.0,6.608956
5.0,5.7363954
3.0,4.462296
5.0,7.128506
3.0,4.459276
8.0,8.863371
8.0,7.806527
5.0,6.487343
8.0,10.333738
8.0,8.264032
3.0,5.6801205
8.0,10.072609
12.0,7.8677974
5.0,6.1504426
5.0,6.2136583
8.0,7.977299
8.0,9.450872
42.0,12.6503
5.0,5.550971
5.0,6.636072
12.0,6.9075007
5.0,5.9069476
8.0,10.581127
5.0,7.821521
4.0,5.277518
5.0,6.3864555
5.0,6.0519657
5.0,7.2512407
2.0,3.6636307
45.0,11.487231
8.0,8.133251
5.0,6.5844417
5.0,7.4390287
5.0,5.534373
12.0,5.703399
5.0,4.600839
5.0,6.539984
5.0,6.515571
8.0,7.7829747
8.0,12.048755
8.0,11.451111
8.0,8.016313
3.0,4.70972
5.0,5.025782
8.0,7.6933517
8.0,8.099982
3.0,4.0809526
5.0,5.582094
5.0,7.235545
5.0,6.2285833
8.0,11.131841
5.0,5.941176
6.0,7.8721323
5.0,7.002722
8.0,10.575809
5.0,5.713843
5.0,6.30508
5.0,6.635033
8.0,9.438226
5.0,5.952875
5.0,5.8099003
45.0,11.535239
7.0,8.067142
8.0,8.783758
5.0,6.4910398
5.0,7.607611
8.0,8.170567
5.0,6.893203
8.0,7.3860035
8.0,9.819615
5.0,5.2052956
5.0,6.0878
8.0,8.294226
4.0,4.743989
12.0,7.3531938
5.0,5.247913
3.0,6.735897
5.0,5.9824624
3.0,5.755065
5.0,5.3169217
5.0,6.421308
12.0,8.864366
8.0,6.432912
5.0,6.9512105
8.0,10.095884
8.0,8.2788315
8.0,9.886536
8.0,7.1664557
5.0,6.446426
5.0,5.9142275
8.0,8.077934
5.0,6.7649956
3.0,5.4149575
2.0,4.073271
5.0,6.0213265
5.0,5.991895
8.0,7.9298363
5.0,7.632857
5.0,6.3133125
8.0,8.294557
5.0,6.28743
5.0,6.192334
5.0,6.608333
8.0,7.5045323
12.0,7.8811984
2.0,4.944395
5.0,6.235948
8.0,9.860576
8.0,6.924101
8.0,6.834236
12.0,8.084173
5.0,6.174667
8.0,7.60447
8.0,6.9581547
5.0,7.199985
12.0,6.3994985
8.0,7.2440677
5.0,5.588774
8.0,7.298879
8.0,10.690098
12.0,7.2024865
5.0,5.090489
8.0,7.380244
8.0,8.075156
8.0,8.511713
8.0,6.9618073
12.0,6.366101
5.0,6.953813
5.0,6.6274858
8.0,7.223327
5.0,6.9386697
8.0,11.883921
8.0,8.895747
5.0,6.616207
8.0,8.217014
5.0,6.7842193
8.0,7.6990814
8.0,7.7391434
4.0,5.7242565
8.0,9.428079
5.0,6.7824044
5.0,5.221492
8.0,7.8006964
7.0,6.6615567
8.0,6.220484
8.0,8.9158
45.0,11.152738
8.0,8.7209635
3.0,5.0875473
5.0,6.1330824
5.0,8.420206
5.0,5.0145946
8.0,8.145777
4.0,5.2936153
5.0,5.8318386
8.0,6.6729145
2.0,6.1238647
8.0,10.60556
8.0,8.106505
5.0,6.094503
8.0,10.3158455
8.0,8.392708
8.0,6.764629
5.0,7.8058124
8.0,7.9187284
12.0,6.7583194
8.0,6.746372
5.0,6.257223
8.0,6.8698897
8.0,9.011328
6.0,6.9546714
5.0,6.1864047
5.0,6.089468
5.0,6.627272
8.0,9.379053
5.0,5.304753
8.0,6.9453516
8.0,9.03265
7.0,7.0536594
8.0,8.917141
12.0,6.096023
12.0,9.273388
8.0,8.203727
5.0,6.31537
5.0,5.467383
8.0,9.733015
5.0,6.3718076
7.0,6.12166
3.0,6.008198
8.0,7.916605
3.0,4.7971783
4.0,4.8725805
6.0,7.2535806
7.0,7.6267996
8.0,6.508263
8.0,8.293314
8.0,7.3997555
8.0,7.316301
12.0,6.8278713
8.7,12.530321
2.0,3.7037408
4.0,4.0473833
8.0,8.361237
5.0,6.4325943
5.0,6.4498835
8.0,6.283791
8.0,7.4543486
5.0,5.960843
5.0,6.1456566
8.0,9.546593
8.0,6.4689364
5.0,5.867054
3.0,4.401402
8.0,10.491577
8.0,7.4386177
5.0,5.890078
8.0,7.963747
3.0,4.621735
8.0,7.422154
5.0,5.77713
7.0,7.5559044
5.0,6.614579
5.0,7.407922
4.0,4.812022
8.0,7.607259
6.0,6.812295
8.0,6.956881
5.0,6.854394
8.0,6.5243597
6.0,6.469998
5.0,6.518882
2.0,4.669527
5.0,6.94345
5.0,6.988743
8.0,6.8313656
8.0,6.841982
4.2,6.0052495
1.0,4.882776
8.0,9.367197
8.0,7.0977473
8.0,8.341008
8.0,9.297119
8.0,8.79599
8.0,9.318604
8.0,10.482591
8.0,9.354691
12.0,7.220728
5.0,5.2387176
8.0,6.419132
8.0,7.6235895
5.0,6.938385
8.0,6.94134
6.0,7.3220444
8.0,7.675768
3.0,6.8522983
8.0,8.270829
8.0,8.845659
8.0,9.98329
5.0,6.525463
8.0,6.4131927
8.0,6.8580627
5.0,7.072984
8.0,7.8405066
8.0,10.856838
8.0,9.141232
5.0,6.3234663
5.0,6.405787
8.0,7.7194505
1.0,4.8048205
8.0,10.786798
8.0,7.0753865
8.0,10.053423
8.0,7.2315164
5.0,5.9132805
7.0,6.338499
5.0,5.5927444
8.0,7.2129254
8.0,8.61459
8.0,6.9937477
5.0,6.098367
8.0,7.1946793
5.0,5.7638044
8.0,8.470965
5.0,4.8761373
8.0,10.856873
8.0,7.842143
8.0,7.5291224
2.0,4.2281446
8.0,9.787311
8.0,7.37114
3.0,4.8276305
8.0,8.775997
8.0,8.304267
8.0,7.3263144
5.0,6.770805
8.0,8.4405155
8.0,8.104652
8.0,6.8437643
12.0,7.723934
8.0,8.247586
12.0,6.751178
2.0,5.343728
2.0,3.0901468
8.0,9.5463915
8.0,7.27184
8.0,9.971144
5.0,5.5083017
6.0,8.088401
8.0,11.019242
5.0,7.4017296
3.0,4.438339
5.0,5.4801826
5.0,5.998441
5.0,4.2304373
2.0,3.270052
8.0,7.2638707
5.0,5.898786
8.0,7.2002363
5.0,6.21645
8.0,9.504676
8.0,8.02696
5.0,8.331077
8.0,7.624151
8.0,7.718343
8.0,6.967871
8.0,9.674606
5.0,5.7026615
8.0,7.517512
1.0,2.675828
8.0,8.163206
5.0,6.4805493
8.0,7.8464985
8.0,7.186004
12.0,7.572823
8.0,8.134857
7.0,7.0945144
12.0,6.365859
5.0,5.579171
3.0,4.9458222
7.0,7.4066234
5.0,6.7088814
5.0,5.8738127
8.0,6.7684126
8.0,7.3075747
3.0,5.1065702
5.0,5.5098844
5.0,5.046988
8.0,7.7338324
7.0,7.173582
5.0,6.3794203
5.0,6.5336123
8.0,7.5293703
7.0,8.0565405
8.0,8.287514
5.0,7.1448607
8.0,7.241059
5.0,6.112469
3.0,5.1594133
5.0,6.550708
5.0,6.7036624
5.0,6.896524
8.0,8.811392
5.0,7.5105085
8.0,7.836647
8.0,10.803176
5.0,5.690675
8.0,9.2232
5.0,6.532678
8.0,11.06795
2.0,3.2150197
5.0,6.1181827
8.0,7.6915174
5.0,6.2803044
8.0,8.2716
8.0,9.053209
4.0,5.4852734
3.0,3.880034
5.0,3.886179
5.0,5.1396046
8.0,8.404851
4.0,5.1382885
7.0,6.9079103
8.0,9.014907
8.0,11.319277
8.0,7.523705
8.0,9.258774
8.0,7.2171235
8.0,12.106894
5.0,6.868807
8.0,7.290985
5.0,6.0478935
8.0,8.389834
8.0,9.9896965
8.0,7.858139
5.0,5.8757634
8.0,9.762153
5.0,5.8179493
8.0,10.70954
12.0,7.204273
8.0,8.974615
8.0,7.0810723
38.0,11.243892
5.0,5.7100854
5.0,6.1896195
8.0,9.496223
8.0,9.639575
8.0,8.702874
8.0,7.902559
5.0,6.927403
8.0,8.823198
5.0,5.7783623
8.0,7.1997604
8.0,7.7289667
8.0,7.1836567
12.0,6.7459917
2.0,3.912309
8.0,7.0871754
8.0,7.855515
8.0,7.095295
8.0,7.615141
5.0,6.4281855
8.0,10.911905
5.0,6.515526
8.0,7.003852
12.0,7.356264
8.0,7.103028
8.0,6.222005
8.0,12.085758
8.0,10.317655
5.2,6.453613
8.0,10.671438
5.0,6.766157
5.0,7.677145
8.0,6.5395617
8.0,6.7049356
2.0,5.5319376
5.0,6.9966044
5.0,5.8659816
5.0,7.8328414
5.0,6.9770722
8.0,10.23727
8.0,5.8810472
8.0,7.693068
8.0,9.040066
3.0,6.3305883
5.0,6.146768
8.0,9.308319
8.0,7.816316
5.0,6.50375
3.0,4.9616213
8.0,8.307974
8.0,8.596094
8.0,8.042836
7.0,6.6655855
8.0,7.959794
8.0,7.3878694
5.0,6.2445464
12.0,7.899737
8.0,7.392043
8.0,7.774989
8.0,9.770135
8.0,5.9513044
2.0,4.6821876
5.0,6.570137
8.0,7.3960924
3.0,5.1078444
5.0,7.0611777
2.0,3.6090345
12.0,7.3167953
4.0,7.185208
5.0,5.831546
8.0,7.0521874
5.0,5.3468866
8.0,10.365326
5.0,6.1723933
8.0,10.599449
8.0,11.142427
8.0,7.913893
5.0,6.4822845
12.0,7.7968163
8.0,9.927536
8.0,8.473713
8.0,7.8135962
5.0,6.7933707
8.0,7.814108
8.0,7.5811434
8.0,8.336126
3.0,5.130484
8.0,8.04108
5.0,5.5628567
5.0,5.6369486
8.0,11.583019
8.0,8.817372
5.0,5.8574996
5.0,6.22563
5.0,6.136947
8.0,7.6746745
2.0,3.4556606
8.0,8.862122
8.0,6.268188
8.0,6.70259
8.0,8.4871025
2.0,3.4294531
5.0,5.5574226
8.0,7.2286067
8.0,8.403989
5.0,5.705547
3.0,5.308829
8.0,10.61116
8.0,8.482822
5.0,5.697415
8.0,9.975753
5.0,3.8818467
8.0,5.9812064
8.0,8.167329
3.0,4.7379117
5.0,7.4365315
8.0,9.814192
5.0,6.6485023
2.0,5.3049593
12.0,8.8885565
8.0,7.211087
5.0,5.882668
8.0,8.65374
5.0,5.774314
5.0,5.0776653
5.0,5.708774
3.0,4.0926766
8.0,9.846738
8.0,6.982957
6.0,6.6657586
8.0,5.6736193
2.0,3.9537017
8.0,7.799592
8.0,9.32595
12.0,7.2656183
8.0,6.8749795
5.0,7.2457376
5.0,6.641846
5.0,7.156456
8.0,7.001227
8.0,7.218774
6.0,6.8858814
5.0,7.3759737
8.0,11.530244
8.0,7.1540947
4.0,7.104732
5.0,5.80659
8.0,8.596885
8.0,8.886606
5.0,6.623776
7.0,7.5215626
8.0,7.572039
8.0,7.058559
5.0,5.67564
5.0,6.860996
8.0,7.831371
8.0,7.267827
3.0,5.1428523
5.0,5.644532
8.0,6.942667
8.0,7.7643447
2.0,4.7521844
5.0,6.3935084
5.0,6.502967
8.0,8.009172
5.0,6.301359
8.0,6.9477997
4.0,5.3213367
8.0,7.7765083
5.0,6.2664447
7.0,7.5772634
5.0,5.382861
5.0,6.655604
5.0,5.5582304
8.0,8.014162
5.0,5.758914
5.0,6.708229
8.0,9.974712
5.0,6.2297797
12.0,7.894736
5.0,7.423541
4.0,5.369628
8.0,6.9986563
8.0,7.690324
45.0,11.673357
4.0,6.5417566
5.0,6.9425063
8.0,9.954404
5.0,5.9110384
5.0,6.826622
8.0,8.317874
5.0,6.6173506
5.0,6.9702744
5.0,7.179333
8.0,9.508443
5.0,5.7297597
5.0,5.9592123
4.0,5.8923936
8.0,9.278222
6.0,6.575152
2.0,4.8062587
8.0,10.470188
8.0,12.249605
5.0,6.674804
8.0,9.791317
8.0,7.8357134
5.0,6.807588
2.0,4.096711
5.0,5.316734
5.0,6.178987
8.0,9.745997
3.0,3.203837
8.0,8.93535
5.0,6.9945874
5.0,6.0939393
8.0,11.091055
8.0,9.916729
8.0,9.294844
5.0,5.412763
5.0,5.9399242
8.0,7.423086
2.0,2.887526
12.0,10.456159
5.0,6.1862307
8.0,8.398169
8.0,7.8110657
5.0,6.62748
8.0,7.3147435
12.0,8.216553
5.0,6.9833994
12.0,8.230362
8.0,6.960374
8.0,7.7975774
8.0,8.847618
5.0,6.403008
5.0,5.8368835
5.0,6.9739966
8.0,6.187792
8.0,9.4244175
4.0,5.941942
8.0,8.486852
2.0,3.2156749
8.0,8.169763
8.0,9.051813
5.0,6.838017
5.0,7.0769744
8.0,8.5265465
8.0,7.424886
8.0,8.242869
8.0,6.6155095
5.0,5.363712
2.0,3.739696
8.0,9.036131
2.0,3.0913126
3.0,4.8333273
8.0,9.0335
8.0,9.045229
3.0,5.06123
5.0,5.200027
8.0,6.0715857
8.0,9.5630045
8.0,9.065962
8.0,8.138878
3.0,5.2932534
5.0,6.1697125
8.0,8.125186
5.0,6.405355
5.0,7.4305825
8.0,10.132608
5.0,6.902115
12.0,6.31035
8.0,9.771015
8.0,9.663676
8.0,8.473081
8.0,10.216735
5.0,5.4376154
5.0,5.205606
8.0,7.589816
5.0,6.3625765
5.0,7.0725794
3.0,4.558206
8.0,7.541026
5.0,6.732175
8.0,7.6559954
5.0,6.920588
8.0,9.230771
5.0,6.494769
3.0,5.9125223
5.0,6.6585817
5.0,7.548846
8.0,8.3699875
8.0,6.9300423
8.0,6.832788
5.0,6.648038
5.0,6.7120786
8.0,7.4799023
8.0,6.8581243
8.0,8.86936
8.0,6.660849
12.0,7.724612
5.0,7.200305
3.0,4.727504
5.0,5.715165
8.0,7.562541
5.0,5.043357
5.0,6.4110765
7.0,7.2050414
2.0,4.417667
5.0,6.769754
8.0,8.831808
8.0,8.577173
5.0,5.636546
8.0,9.193209
5.0,7.3354254
5.0,7.102428
12.0,9.379826
5.0,7.320449
5.0,6.0642896
5.0,5.9499817
5.0,6.87995
2.0,3.9253974
8.0,8.502535
8.0,7.256288
4.0,6.1950645
8.0,9.155285
5.0,7.025608
8.0,8.840392
8.0,7.994822
8.0,7.9387794
5.2,7.8789454
8.0,5.5356307
3.0,5.1383553
5.0,5.8331037
8.0,7.831165
5.0,5.3037734
8.0,9.3851
8.0,8.342164
5.0,6.6364384
8.0,10.929932
5.0,6.37969
8.0,7.949754
8.0,7.8386745
4.0,6.3987026
8.0,7.377774
8.0,7.3146734
12.0,7.0100813
5.0,6.4518595
8.0,7.6782765
5.0,5.5871835
1.0,2.9465158
12.0,7.3059406
8.0,8.164519
7.0,7.395082
8.0,7.071276
5.0,7.6994076
5.0,5.91648
8.0,8.245388
3.0,4.836417
8.0,7.3944335
5.0,5.2669697
5.0,6.1769776
8.0,8.450834
5.0,6.6968007
5.0,6.128951
5.0,7.152463
8.0,9.070305
8.0,9.865205
8.0,7.716432
8.0,9.305533
8.0,11.8452635
3.0,3.924569
8.0,10.802471
8.0,7.8920293
5.0,6.4634995
5.0,5.988028
5.0,6.6331086
8.0,8.006987
5.0,5.9224367
8.0,7.2685566
5.0,6.3786783
8.0,10.09063
8.0,7.7379704
5.0,6.637862
5.0,5.7012534
8.0,10.173121
5.0,6.25967
5.0,7.044218
6.0,6.356202
12.0,5.4626336
2.0,3.8935585
8.0,8.965396
5.0,6.8635454
4.0,5.6640773
8.0,7.2719517
8.0,9.01163
5.0,5.5740204
8.0,7.8310714
3.0,4.94434
8.0,9.926953
5.0,5.985112
5.0,6.7339554
8.0,8.470843
8.0,7.827263
5.0,5.96099
8.0,6.8670435
8.0,9.936216
8.0,12.101378
5.0,6.4917245
8.0,7.9517817
8.0,7.9012256
8.0,10.52243
5.0,6.7825694
5.0,6.7963166
3.0,5.161664
12.0,6.0245905
5.0,6.8652306
8.0,8.884542
8.0,10.412308
5.0,6.2559466
8.0,8.113647
8.0,10.707835
8.0,7.5048456
8.0,8.672668
8.0,10.825933
5.0,7.5506926
8.0,9.764708
8.0,8.124946
5.0,5.9080596
8.0,10.599932
5.0,5.15814
12.0,8.1479225
6.0,6.838982
8.0,6.155366
5.0,6.1869617
8.0,7.263738
8.0,11.95678
8.0,7.034405
12.0,7.16613
5.0,6.0059056
5.0,6.1533246
3.0,5.7921095
8.0,7.8604517
5.0,5.379318
5.0,5.8590107
8.0,7.7060122
5.0,6.732794
8.0,8.220759
8.0,7.2533937
5.0,6.7893515
8.0,8.864043
8.0,8.301052
8.0,7.934065
8.0,9.525794
8.0,11.356357
8.0,8.7097845
3.0,4.80548
3.0,4.8944497
4.0,5.3877993
8.0,11.509146
8.0,9.117791
5.0,6.0330315
12.0,5.72547
5.0,6.3162622
8.0,7.852558
3.0,4.9742374
8.0,8.424671
5.0,7.049312
5.0,7.1009097
7.0,7.3267746
8.0,13.255896
5.0,6.3701043
8.0,7.475878
8.0,6.370165
8.0,8.824933
5.0,4.9995456
8.0,7.2084913
5.2,7.067784
8.0,10.228311
3.0,5.46282
5.0,6.1487136
8.0,6.8732147
5.0,6.0144987
7.0,7.5025535
8.0,12.953693
8.0,5.747177
12.0,9.641687
5.0,6.578852
5.0,6.251757
8.0,11.839349
2.0,4.735366
8.0,7.0499916
8.0,7.22355
8.0,8.878178
8.0,7.0151134
8.0,7.8771214
8.0,6.323328
8.0,7.8997684
5.0,6.7784233
5.0,8.925718
5.0,3.8918498
8.0,7.454763
8.0,8.90793
5.0,6.40739
8.0,8.21362
8.0,6.5208716
5.0,5.9815927
8.0,11.055418
5.0,6.066653
5.0,6.1286936
8.0,6.9732785
8.0,7.990313
5.0,6.869523
5.0,6.33979
0.0,5.3692355
8.0,7.9899445
8.0,9.497336
8.0,8.99537
5.0,5.713963
8.0,7.123083
8.0,8.220768
8.0,7.8818307
0.2,2.69119
8.0,6.781636
5.0,6.2751203
8.0,7.3426795
7.0,7.0524883
5.0,6.623056
8.0,7.260225
5.0,6.6920066
8.0,9.439207
8.0,6.618887
12.0,5.813022
8.0,8.618024
5.0,6.557858
5.0,6.2735476
5.0,5.2762523
3.0,4.336951
5.0,6.915936
8.0,8.254529
8.0,7.234946
8.0,8.007788
5.0,6.6373367
8.0,10.47673
8.0,7.9075503
5.0,7.22951
5.0,5.535306
5.0,6.051241
8.0,10.011982
5.0,5.8537545
5.0,6.589228
5.0,6.484139
8.0,6.4344587
8.0,7.955453
8.0,6.5701675
5.0,7.1735005
5.0,6.1050577
5.0,6.519788
8.0,8.8838
3.0,4.8972054
5.0,6.613408
8.0,8.084193
5.0,8.20688
8.0,6.867672
12.0,6.670431
45.0,9.450144
7.0,6.817739
8.0,7.699633
8.0,7.4552364
12.0,7.2236238
8.0,10.970412
3.0,5.9017844
4.0,5.3866
5.0,7.4946446
8.0,9.181217
8.0,8.346071
5.0,6.4989
5.0,5.892022
3.0,4.458711
8.0,12.36194
5.0,6.916715
7.0,6.3628864
7.0,6.737118
8.0,8.567973
5.0,5.5281777
8.0,7.0360246
8.0,10.847768
5.0,6.3778973
8.0,7.5084414
5.0,6.104709
2.0,3.438264
5.0,6.2503405
5.0,6.937484
12.0,6.5106254
8.0,7.5711737
2.0,4.2089868
8.0,7.813213
3.0,3.911966
6.0,7.0763535
8.0,9.196772
8.0,8.684153
8.0,9.102242
8.0,10.029607
8.0,7.4286957
8.0,8.322555
5.0,6.39541
5.0,5.796954
8.0,8.015747
5.0,6.3687124
8.0,8.719716
8.0,9.794295
5.0,5.425866
2.0,3.133055
7.0,7.7119937
5.0,6.1944923
5.2,6.6458654
7.0,7.0225205
8.0,6.968413
5.0,6.928769
5.0,6.4771776
12.0,6.680926
5.0,5.910904
12.0,7.6405487
8.0,9.609402
8.0,7.780512
8.0,7.6282754
8.0,7.565927
5.0,5.3724885
4.0,5.535876
8.0,11.563531
8.0,6.5664597
5.0,5.9773912
8.0,8.272513
3.0,3.9029448
8.0,7.4906883
5.0,6.6704006
12.0,5.445971
8.0,10.558796
8.0,8.403914
8.0,8.0584755
5.0,6.8249435
8.0,9.008595
5.0,5.9975295
2.0,4.4820275
5.0,8.469543
2.0,4.6235914
8.0,7.1181297
8.0,7.11415
8.0,7.4431715
8.0,7.830346
8.0,7.554011
5.0,7.1932044
8.0,8.353994
8.0,8.646675
8.0,7.560131
45.0,9.9825535
8.0,7.292665
5.0,6.219265
5.0,6.43357
5.0,7.162509
8.0,8.472384
4.0,6.01674
8.0,6.4851375
7.0,7.3981485
8.0,7.3932114
5.0,5.4284525
8.0,9.008394
12.0,7.4490075
8.0,9.164829
8.0,10.658526
8.0,10.321461
5.0,5.80685
2.0,4.641753
5.0,6.2836695
5.0,6.590775
8.0,8.353589
8.0,9.118443
8.0,7.671097
5.0,5.572837
45.0,13.360857
8.0,8.767832
5.0,5.882985
8.0,8.405335
5.0,6.2759557
8.0,7.5505843
8.0,8.997923
5.0,5.191432
5.0,7.828134
12.0,8.864877
8.0,8.467705
3.0,4.332265
8.0,11.14146
7.0,6.4291677
12.0,7.8627334
5.0,6.800679
8.0,7.254045
8.0,10.549107
8.0,7.007274
8.0,8.484719
8.0,9.30794
3.0,4.462454
5.0,6.621139
8.0,7.1033583
8.0,9.648293
5.0,5.756438
3.0,5.447274
8.0,9.281472
5.0,6.891161
8.0,7.2753158
8.0,7.310416
5.0,6.891704
4.0,5.250162
5.0,5.808128
3.0,5.671614
4.0,5.5390663
3.0,4.6632214
8.0,7.480346
5.0,6.5004015
8.0,7.3081656
5.0,6.2148724
5.0,6.5666194
8.0,9.507777
8.0,7.6539774
3.0,5.2325535
5.0,6.128938
8.0,6.7555323
8.0,9.833098
8.0,7.963391
5.0,5.0791955
8.0,10.210162
8.0,5.934066
8.0,9.288222
5.0,6.5669727
8.0,8.969393
5.0,6.656331
8.0,7.93865
5.0,8.089621
8.0,8.235304
8.0,8.0644045
12.0,8.218161
5.0,6.420773
5.0,6.6197543
5.0,6.3994074
8.0,8.911129
8.0,7.5352545
5.0,6.9053464
8.0,9.547228
5.0,7.1239867
5.0,6.4217005
8.0,8.7991495
3.0,4.8357515
8.0,8.981275
5.0,5.491172
5.0,7.1716604
5.0,7.004081
8.0,10.717513
8.0,7.4023137
8.0,10.274031
8.0,11.15946
5.0,5.9591784
6.0,7.8804007
8.0,6.502053
5.0,5.6789613
5.0,5.8618608
8.0,7.9457083
8.0,8.307847
5.0,6.3115144
7.0,6.4941106
8.0,7.5138974
8.0,9.570167
8.0,7.7321625
8.0,6.8872337
8.0,5.527804
8.0,9.277664
12.0,7.280196
8.0,8.565173
5.0,5.6261
8.0,7.53631
8.0,7.3764024
3.0,4.8053474
8.0,7.4876356
8.0,7.865102
8.0,7.000867
8.0,9.284195
8.0,11.370343
8.0,7.607429
8.0,10.17749
5.0,8.136425
8.0,9.913684
5.0,5.586918
8.0,7.1536283
5.0,6.299778
3.0,5.1225963
2.0,4.934813
5.0,6.373303
8.0,10.315907
5.0,6.9400525
2.0,3.8438017
5.0,6.392691
8.0,7.566707
8.0,10.073396
8.0,6.2178154
5.0,6.8051224
8.0,6.09392
8.0,7.5182595
5.0,6.187598
5.0,7.1016607
6.0,7.5053573
6.0,6.9675665
5.0,6.9610586
5.0,7.7783055
8.0,7.551789
5.0,5.5302258
8.0,9.618405
2.0,4.2849517
8.0,7.3614664
8.0,9.904527
4.0,6.061206
8.0,7.086315
8.0,6.394199
12.0,8.0510435
5.0,6.444387
8.0,9.134715
5.0,6.135844
5.0,6.3526177
1.0,5.1851544
3.0,5.3168755
8.0,9.974495
8.0,7.367477
12.0,7.905458
12.0,5.617924
5.0,8.218431
5.0,6.5624084
8.0,7.4827385
2.0,4.728681
5.0,6.9076753
5.0,6.072536
5.0,6.9154615
8.0,8.902857
8.0,8.586604
8.0,9.297871
8.0,6.3195753
5.0,6.22625
5.0,5.833413
8.0,9.000271
8.0,8.29124
5.0,7.035022
5.2,7.270243
8.0,8.0340395
5.0,6.440726
8.0,7.537863
5.0,5.8619156
3.0,4.3132815
8.0,6.685284
8.0,7.3552423
8.0,7.4948826
8.0,8.178329
5.0,6.2545686
12.0,8.142195
8.0,8.793603
8.0,10.489057
5.0,6.386966
8.0,6.5188985
8.0,7.0232706
5.0,6.5111027
5.0,5.8362083
45.0,13.082424
12.0,7.8005953
8.0,9.29069
5.0,6.383383
8.0,8.699538
8.0,6.681799
4.0,5.335799
5.0,6.141867
5.0,5.0397425
5.0,5.4695797
8.0,8.343114
3.0,5.711691
8.0,10.132521
5.0,6.97788
8.0,6.6305623
8.0,8.760673
8.0,10.493353
8.0,8.133705
8.0,9.154475
8.0,10.065707
5.0,6.9791074
5.0,6.1618285
6.0,6.521301
7.0,6.242674
8.0,10.958247
5.0,6.6766753
4.0,5.3586397
2.0,4.8331146
12.0,7.763918
8.0,9.6157465
8.0,7.6848564
6.0,6.7592487
8.0,7.615867
8.0,7.3552213
8.0,7.9520464
45.0,9.480145
8.0,9.145391
2.0,3.0127232
5.0,6.9248037
5.0,5.414032
8.0,9.320755
3.0,4.773487
2.0,5.0524483
3.0,4.963677
5.0,7.1389537
8.0,7.7211905
8.0,8.3564005
5.0,6.0812893
12.0,8.221259
8.0,9.210523
7.0,6.532369
3.0,5.430541
8.0,7.2242265
5.0,5.7225227
5.0,7.084324
12.0,6.4666815
2.0,4.717271
5.0,5.411314
8.0,8.560362
3.0,4.6883116
8.0,8.415208
8.0,6.9818707
5.0,5.64363
5.0,5.6287313
8.0,9.26783
12.0,7.343213
8.0,8.835241
7.0,8.350831
8.0,6.557413
8.0,8.051595
4.0,5.719161
8.0,5.595715
8.0,8.423125
5.0,5.5026946
12.0,5.2750664
8.0,8.610855
8.0,8.261204
8.0,8.788208
12.0,8.337622
5.2,7.213649
5.0,8.0016
8.0,7.366586
5.0,6.2348433
5.0,5.958457
8.0,8.107277
8.0,8.566092
5.0,5.994872
8.0,7.578925
8.0,7.2833157
8.0,7.0262337
7.0,6.0689235
8.0,9.31472
5.0,5.502096
5.0,6.5176196
8.0,7.8439717
8.0,7.814882
45.0,11.728042
5.0,4.6802983
8.0,7.515629
8.0,10.532044
5.0,6.33041
8.0,10.691428
8.0,10.956185
8.0,11.582188
5.0,5.948286
8.0,6.625191
8.0,7.077479
8.0,8.607307
5.0,7.4229693
5.0,5.626787
8.0,9.569693
8.0,6.643366
5.0,6.540752
6.0,6.775991
8.0,7.9289446
5.0,5.5452127
8.0,7.0888634
8.0,10.597179
8.0,11.369741
5.0,6.6685863
8.0,7.959567
2.0,4.0517187
8.0,6.944643
8.0,6.7923574
8.0,10.079563
5.0,5.8618474
2.0,4.6680717
8.0,9.327811
8.0,8.140789
8.0,8.173355
3.0,5.0938816
5.0,6.5004764
2.0,4.282549
8.0,9.837878
8.0,9.283995
5.0,5.276628
8.0,11.032022
8.0,6.533201
8.0,8.805942
5.0,6.4322724
12.0,6.2856035
8.0,5.4283
8.0,11.7216835
5.0,6.1443048
5.0,5.9995728
5.0,6.5514383
7.0,6.4796205
12.0,6.4336543
5.0,5.9465175
5.0,6.266627
5.0,6.4120984
8.0,8.657849
5.0,6.5815773
8.0,6.5677714
5.0,6.3890405
5.0,6.033327
8.0,12.635346
8.0,7.8833747
4.0,5.392519
5.0,6.5042143
8.0,9.443161
5.0,6.520457
8.0,7.813584
5.0,6.5660496
8.0,6.0680223
12.0,6.6642
5.0,6.1492567
12.0,8.078054
5.0,6.4972453
5.0,5.988188
5.0,7.007351
8.0,6.7387266
3.0,4.894925
8.0,8.25983
5.0,4.9419007
8.0,10.066683
8.0,7.651182
8.0,9.698202
4.0,5.7272453
0.2,2.7564175
8.0,8.003553
12.0,7.7273827
8.0,7.0593038
8.0,7.469346
8.0,10.97579
8.0,7.319063
5.0,6.622842
5.0,5.2121644
5.0,5.7395506
8.0,9.386614
5.0,5.483167
5.0,5.809416
8.0,8.047317
5.0,6.619249
5.0,6.125068
4.0,5.016542
5.0,6.244878
5.0,5.7872047
2.0,2.6322215
8.0,7.5256333
5.0,6.1543703
8.0,7.4677234
5.0,6.372811
5.0,5.1659966
12.0,8.327586
8.0,6.8618784
8.0,8.272685
8.0,7.441747
5.0,5.0408
8.0,8.3386755
2.0,3.0370922
8.0,6.996202
8.0,7.1794014
8.0,7.629071
3.0,4.6061296
8.0,8.469395
3.0,4.4946275
8.0,6.8395143
2.0,5.647202
8.0,7.1593146
8.0,11.20525
5.0,6.387891
8.0,9.629927
8.0,9.070506
8.0,6.9761133
8.0,9.740059
8.0,10.147813
8.0,7.5234203
8.0,7.312935
8.0,9.2729025
7.0,6.0450635
8.7,10.639291
5.0,5.378057
5.0,6.2033844
8.0,9.446764
5.0,6.146475
4.0,6.1953073
8.0,7.1104064
8.0,8.941573
5.0,6.5460577
7.0,7.6237664
8.0,7.850281
7.0,6.822841
5.0,7.330924
7.0,7.390384
8.0,8.282534
5.0,5.7571983
8.0,6.4904466
5.0,6.2433224
5.0,7.0935035
8.0,11.005418
5.0,5.77039
8.0,12.517852
5.0,6.0200267
5.0,6.4827824
8.0,11.03953
8.0,7.5269637
8.0,8.821093
5.0,5.8194227
8.0,8.112355
8.0,9.19895
12.0,5.9029307
5.0,6.0289235
8.0,8.088799
8.0,7.4621716
5.0,5.6213923
8.0,7.268144
8.0,7.530742
3.0,4.1724033
8.0,7.0665545
8.0,8.361427
5.0,6.117186
8.0,6.8426957
5.0,6.010973
8.0,9.219078
8.0,7.4087214
12.0,7.2074437
8.0,7.0396895
5.0,5.801416
3.0,5.154398
8.0,7.9396663
5.0,6.4845834
8.0,7.676297
5.0,5.012315
8.0,6.532596
5.0,6.0872464
8.0,8.067301
8.0,11.770529
5.0,6.174063
8.0,8.184778
2.0,2.9631205
5.2,5.974273
8.0,7.8633046
5.0,6.2986164
8.0,12.116129
8.0,10.8869
5.0,6.6961164
8.0,6.568369
5.0,7.3873606
8.0,5.6446524
5.0,5.7529693
8.0,7.8129654
8.0,7.229345
8.0,8.554484
8.0,7.515721
8.0,7.1322126
3.0,5.158042
8.0,10.063825
5.0,7.105243
8.0,7.1915755
5.0,6.6878467
5.0,6.491014
12.0,9.152102
8.0,8.789331
8.0,7.8912287
5.0,6.0059824
3.0,4.8595443
8.0,6.8887753
8.0,7.725644
8.0,7.577145
8.0,8.284398
8.0,8.950235
3.0,5.0824986
5.0,6.5188785
8.0,8.3321705
7.0,6.965747
5.0,5.9468822
5.0,6.471543
8.0,9.019089
5.0,7.3283215
8.0,7.7338266
8.0,7.3985853
5.0,6.2253475
3.0,5.767997
35.0,8.144316
5.0,6.5144606
8.0,7.9979415
5.0,5.7675443
8.0,6.574894
8.0,7.7545266
8.0,7.3867884
5.0,7.190153
7.0,6.967017
6.0,6.7430305
8.0,9.600921
5.0,6.0747857
4.0,5.401421
8.0,7.1252966
8.0,5.759713
2.0,4.431073
8.0,6.724335
5.0,6.0906663
3.0,4.9031134
8.0,8.815587
8.0,7.2859287
5.0,6.28574
8.0,7.7872353
3.0,5.6816244
8.0,7.7461543
2.0,4.8280525
5.0,7.1269774
5.0,5.9976177
5.0,6.4338183
5.0,4.7998176
8.0,11.9520235
5.0,5.907766
8.0,7.6535587
5.0,6.03763
8.0,10.507224
8.0,9.213814
5.0,7.126005
12.0,6.905498
5.0,6.6490226
8.0,11.4725065
5.0,5.768794
8.0,8.942592
8.0,9.057414
8.0,8.596479
8.0,8.391925
5.0,6.1933465
5.0,6.369884
8.0,7.9536586
5.0,7.201978
5.0,6.6850247
8.0,9.489504
8.0,8.146811
12.0,7.4716816
8.0,8.133849
5.0,5.9691844
8.0,8.426239
3.0,5.5671616
12.0,9.019482
8.0,9.672444
5.0,5.5090528
8.0,8.414504
8.0,7.63922
8.0,7.4799895
8.0,8.732219
8.0,7.0546618
8.0,7.436233
5.0,6.6629486
8.0,7.382706
8.0,9.987668
8.0,7.042809
6.0,7.509129
8.0,10.655642
8.0,9.039821
8.0,6.6228943
5.0,7.079807
5.0,6.799228
3.0,4.4566555
8.0,9.085642
8.0,7.103033
8.0,8.278214
8.0,6.8867664
5.0,5.2576523
8.0,7.556075
5.0,5.5394244
3.0,5.0611777
8.0,6.798045
8.0,6.4603415
8.0,11.628748
7.0,8.720227
5.0,6.820839
8.0,8.018081
8.0,8.82792
8.0,6.49935
3.0,4.757194
8.0,8.357166
5.0,6.37534
5.0,4.727318
5.0,6.285164
8.0,8.548016
5.0,6.3981476
8.0,7.6928616
8.0,8.347396
2.0,3.1738844
3.0,4.915259
3.0,4.936314
5.0,5.2994585
5.0,4.731601
1.0,2.9586258
2.0,4.9925838
8.0,8.528756
12.0,9.921773
8.0,7.381506
45.0,11.198154
5.0,6.0035586
8.0,8.087108
3.0,4.8054113
8.0,10.17928
4.0,6.176817
5.0,6.034716
5.0,5.704722
8.0,10.383505
8.0,7.991414
5.0,6.3451705
8.0,7.4068623
5.0,5.9802685
5.0,6.8579116
8.0,6.52637
7.0,8.551883
8.0,7.740068
5.0,5.610848
8.0,8.469237
8.0,8.366889
8.0,8.314667
8.0,7.0285854
8.0,9.174009
12.0,7.513961
5.0,6.0864973
8.0,6.7489614
3.0,6.085965
3.0,4.896736
12.0,6.3670692
8.0,8.523132
5.0,5.6726103
8.0,8.722997
5.0,6.995704
5.0,5.278088
8.0,7.104138
5.0,6.2237735
8.0,9.778139
8.0,9.166498
8.0,7.905818
8.0,6.859462
3.0,3.3858566
8.0,9.594901
8.0,7.548638
12.0,6.0321507
5.0,6.1959095
5.0,6.0691547
5.0,6.9723234
5.0,6.3252726
7.0,7.4413457
8.0,10.9313345
4.0,5.137805
5.0,5.8034253
5.0,6.292066
5.0,6.8792005
4.0,5.6652083
5.0,5.9644537
5.0,8.220525
3.0,5.295494
8.0,6.7246337
8.0,7.5376325
12.0,7.2736874
12.0,7.683235
8.0,9.193073
2.0,3.983422
5.0,4.942889
8.0,8.091237
12.0,9.743096
2.0,4.783457
8.0,7.846918
8.0,8.277011
8.0,8.870173
3.0,5.189447
8.0,11.357436
5.0,6.7076507
5.0,6.513122
8.0,8.597757
5.0,5.6108537
5.0,6.9948664
5.0,5.8180118
5.0,6.2454214
5.0,6.0586834
8.0,7.534563
2.0,4.149992
5.0,8.169444
8.0,6.890084
5.0,5.550843
8.0,8.337455
8.0,8.784019
8.0,8.345633
5.0,6.7671533
8.0,7.4846406
12.0,9.513292
8.0,12.253146
8.0,7.022616
5.0,6.3260016
3.0,5.6294813
8.0,6.5980744
7.0,6.996916
8.0,9.793598
8.0,11.832457
8.0,7.1877084
8.0,9.673099
6.0,7.1066084
3.0,5.4698267
8.0,7.4420285
8.0,8.068829
4.0,5.3621974
12.0,8.492645
4.0,4.8812165
8.0,7.587866
8.0,9.42307
5.0,6.149654
1.0,5.7990065
5.0,5.934761
5.0,6.060222
5.0,6.9743767
5.0,7.0118175
8.0,7.7271976
12.0,7.701715
5.0,5.911615
5.0,5.9034615
8.0,6.5646577
8.0,8.826638
5.0,5.3971863
5.0,6.1703935
8.0,6.6513553
5.0,6.943825
5.0,6.9804254
8.0,11.981689
5.0,5.7775016
8.0,7.8974347
4.0,6.0773354
12.0,7.7728686
5.0,5.8337417
4.0,5.6675243
5.0,6.190993
5.0,6.7978897
45.0,11.380115
8.0,7.493604
8.0,6.36508
8.0,8.749253
5.0,6.5326686
8.0,7.213971
8.0,10.737183
8.0,7.389154
5.0,7.1992173
5.0,6.3447013
5.0,6.506851
6.0,6.8796835
8.0,9.147533
5.0,5.5959344
5.2,6.386157
8.0,7.281291
5.0,6.6066756
8.0,9.844899
5.0,8.032131
5.0,5.1944923
8.0,8.921078
8.0,9.493358
4.0,4.770259
5.0,5.439451
6.0,6.763565
8.0,6.9059777
8.0,6.692573
5.0,6.7048583
6.0,6.565429
5.0,5.879878
8.0,7.1528277
12.0,10.476474
5.0,6.1259775
3.0,5.338633
8.0,8.571042
5.0,6.343721
5.0,6.8008823
8.0,6.95702
5.0,5.149381
8.0,10.848139
8.0,7.0335116
8.0,9.260848
8.0,6.4604306
12.0,8.807438
8.0,7.8601522
8.0,8.868955
8.0,9.949122
5.0,6.9504533
8.0,7.0777173
45.0,12.063791
8.0,10.017332
8.0,9.655695
8.0,8.356167
5.0,6.44143
8.0,11.143583
5.0,6.0902014
8.0,8.427389
5.0,6.788038
8.0,11.243278
8.0,8.322334
8.0,7.918724
8.0,7.8305445
3.0,4.2808595
8.0,9.181754
5.0,6.6572375
8.0,8.205266
8.0,6.4580297
5.0,6.5255885
4.0,5.3366055
8.0,11.955682
3.0,4.864297
5.0,5.607698
8.0,7.108231
5.0,4.0860267
8.0,7.3525214
8.0,12.450676
8.0,8.00744
5.0,5.6164455
8.0,9.474645
5.0,5.559834
8.0,8.948734
5.0,5.8490915
8.0,6.122787
6.0,7.518164
8.0,5.596479
8.0,7.1241817
7.0,6.5260186
8.0,8.552704
5.2,7.9368863
5.0,5.17596
8.0,6.9585037
7.0,6.3032193
8.0,8.332208
8.0,11.379718
8.0,7.2167625
8.0,11.322954
8.0,8.9557495
8.0,7.43233
8.0,7.257441
5.0,7.0100617
7.0,6.773958
8.0,8.479127
8.0,8.160132
8.0,7.2062345
5.0,5.6715956
5.0,5.410389
8.0,6.9068646
8.0,6.7813683
8.0,7.0192146
8.0,10.1409
8.0,6.8748555
5.0,6.3754964
5.0,6.533825
8.0,7.2589674
8.0,8.552785
8.0,9.213514
5.0,6.7807994
8.0,8.067302
8.0,10.343991
4.2,5.511383
8.0,8.188907
12.0,7.7931314
7.0,6.08288
3.0,4.774696
8.0,7.6820784
3.0,5.4249377
5.0,5.8740993
8.0,7.670741
8.0,8.827075
5.0,6.0762143
5.0,6.267196
6.0,6.7498827
8.0,9.072788
8.0,8.701754
8.0,8.846435
8.0,8.032907
5.0,5.5294867
8.0,7.197835
8.0,7.2770724
2.0,3.0968049
12.0,6.723723
8.0,6.9148235
8.0,8.631467
5.0,6.6513906
12.0,6.1602197
8.0,8.773313
5.0,5.8835096
8.0,10.3845825
2.0,4.411932
8.0,8.263852
8.0,9.980469
8.0,6.846955
8.0,9.70937
8.0,9.128343
3.0,4.9037366
5.0,6.4411907
8.0,8.4038
8.0,9.444521
8.0,7.1085215
5.0,6.9193892
8.0,6.564971
5.0,5.6781487
5.0,5.605337
5.0,6.7082133
8.0,9.289209
8.0,7.2887692
8.0,8.296198
5.0,3.795221
8.0,7.0788713
5.0,5.349907
8.0,8.016876
8.0,5.774355
5.0,6.967291
5.0,6.828371
5.0,5.8020034
6.0,6.9486217
5.0,5.256765
8.0,12.029474
5.0,6.1561184
8.0,7.4034276
8.0,7.9918065
8.0,9.968904
8.0,8.645011
8.0,8.058224
5.0,6.534847
8.0,10.691885
5.0,5.7408357
8.0,8.687367
5.0,6.885624
45.0,9.533767
8.0,9.619278
8.0,7.195711
5.0,5.939948
8.0,6.9434557
5.2,6.8309517
8.0,7.4641004
12.0,6.164021
5.0,7.5420046
7.0,7.1550884
8.0,9.964432
8.0,8.354241
8.0,7.3303585
8.0,8.999793
5.0,5.4507737
8.0,7.449556
5.0,6.872676
5.0,5.424417
5.0,7.3853016
5.0,5.5191994
8.0,11.046549
5.0,5.2186446
5.0,5.8034334
5.0,6.1495266
4.0,4.5823236
8.0,6.093201
8.0,8.093132
8.0,6.345361
8.0,7.874194
3.0,5.513197
5.0,5.9721518
4.0,6.362833
5.0,5.0510783
8.0,9.02236
8.0,8.6657715
4.0,5.162945
8.0,8.36761
8.0,6.995329
8.0,9.520046
7.0,8.625864
8.0,12.433396
8.0,6.520971
8.0,8.064614
5.0,6.3617516
3.0,4.7586274
8.0,6.5409756
8.0,6.627734
5.0,5.518562
7.0,7.1919994
5.0,6.066681
8.0,6.803444
8.0,12.299147
5.0,6.4734373
8.0,7.6103826
8.0,6.7397823
4.0,4.231629
5.0,5.5537386
3.0,4.7949333
8.0,8.359399
8.0,8.967012
5.0,6.0820417
8.0,6.73694
5.0,5.9902062
5.0,5.3005333
5.0,6.1236143
5.0,6.415058
5.0,6.215293
2.0,3.1221101
8.0,7.2280927
8.0,7.0574884
8.0,10.741813
8.0,9.739773
8.0,7.5099254
8.0,6.9460506
8.0,8.895592
5.0,5.5181003
3.0,5.0088997
12.0,5.464233
8.0,7.7766566
8.0,7.410137
3.0,4.5157437
5.0,6.409254
8.0,5.5265102
8.0,7.10672
45.0,10.803694
5.0,6.500388
8.0,9.09027
8.0,6.9633517
8.0,7.5841565
5.0,6.762182
12.0,6.599987
5.0,4.8415365
8.0,7.682145
8.0,9.245614
5.0,5.70307
8.0,7.9336133
7.0,7.4859905
8.0,7.9101477
8.0,9.516681
5.0,6.276524
8.0,7.1371083
8.0,7.982491
8.0,10.011605
2.0,4.2807055
5.0,6.369383
5.0,5.085817
8.0,10.301725
8.0,9.991042
5.0,6.423589
3.0,4.7987967
8.0,8.807939
8.0,12.150445
5.0,5.8731236
8.0,10.184983
6.0,7.172123
5.0,5.998654
7.0,9.539984
8.0,7.026306
5.0,7.022937
8.0,7.1799817
8.0,10.156329
8.0,9.394196
8.0,7.183056
8.0,6.6036816
5.0,6.4641385
8.0,9.112487
5.0,6.2469673
7.0,7.026226
8.0,8.973453
5.0,5.6723094
8.0,8.986754
5.0,5.4510646
8.0,9.888299
5.0,7.6437507
5.0,6.843308
5.0,6.6065493
8.0,5.737437
12.0,7.1861596
5.0,6.782303
8.0,8.500196
8.0,11.639909
5.0,7.161496
5.0,6.071134
8.0,8.262871
5.0,6.8532553
2.0,2.81722
5.0,5.8783627
5.2,6.489166
5.0,6.502048
8.0,8.129417
8.0,8.760568
8.0,8.850259
8.0,6.2025285
5.0,6.1993814
45.0,13.776831
8.0,8.461758
8.0,7.558657
5.0,5.956707
8.0,7.407139
8.0,7.691471
8.0,8.950901
2.0,3.9925494
8.0,8.580881
8.0,7.6593137
8.0,6.0882177
2.0,4.18484
5.0,6.5177526
8.0,8.575896
5.0,5.2817345
8.0,10.417446
8.0,7.061416
8.0,7.118368
8.0,8.000882
5.0,6.2394624
8.0,11.712213
3.0,4.6986938
5.0,6.4655094
5.0,7.5503173
8.0,8.7446575
7.0,7.7867055
8.0,8.350538
8.0,8.216298
5.0,6.7064576
8.0,7.3293643
7.0,7.1987815
6.0,6.938441
8.0,9.840675
3.0,5.797485
6.0,7.592217
8.0,8.281064
2.0,3.8072264
3.0,4.9692125
8.0,10.102854
8.0,6.2843556
8.0,7.0184417
5.0,6.881692
8.0,7.106766
2.0,4.5704665
8.0,8.301496
8.0,12.129267
5.0,5.464665
5.0,6.519421
8.0,7.584889
5.0,5.9950256
8.0,10.958917
8.0,14.333359
8.0,8.27329
5.0,5.807041
8.0,9.72671
8.0,9.147845
5.0,6.052702
4.0,6.084087
8.0,8.401641
8.0,8.616152
7.0,7.5724025
5.0,7.234667
8.0,8.487806
5.0,6.757201
7.0,6.9788675
45.0,12.739972
8.0,10.518104
8.0,7.5878067
8.0,6.497245
8.0,8.000053
8.0,13.484467
8.0,8.91788
8.0,10.63989
5.0,6.1309485
3.0,5.319427
5.0,6.983206
5.0,6.419568
5.0,5.961875
5.0,6.3272123
8.0,9.079414
3.0,4.693121
8.0,8.885712
2.0,4.870591
12.0,8.745446
5.0,6.8711233
6.0,7.614977
5.2,6.263592
5.0,6.770383
8.0,7.707641
8.0,9.840438
5.0,6.3467565
8.0,7.7517085
8.0,7.0991974
5.0,5.842306
8.0,9.780927
8.0,7.2241335
12.0,9.17329
12.0,6.7818284
3.0,5.788404
2.0,4.8988867
5.0,8.407627
6.0,6.3364544
4.0,5.481421
8.0,8.431742
5.0,6.4473515
5.0,6.230502
8.0,8.06162
3.0,4.599358
8.0,8.617411
8.0,8.443537
5.0,5.843745
8.0,8.851527
8.0,9.1913395
8.0,7.7137403
5.0,6.1046495
5.0,6.106485
5.0,7.080347
8.0,11.370757
4.0,5.334228
8.0,7.757388
4.0,4.859915
5.0,5.163861
8.0,6.0244613
8.0,8.5344
8.0,9.71918
3.0,6.018385
8.0,9.997432
7.0,7.394834
5.0,6.417172
8.0,7.423331
5.0,5.4452763
8.0,7.8019156
8.0,7.457999
8.0,7.3661504
45.0,10.896077
3.0,4.7337074
12.0,8.362395
3.0,5.5707855
8.0,8.130588
8.0,10.83038
8.0,8.201488
2.0,5.012138
45.0,14.164177
5.2,6.931332
8.0,9.663248
5.0,5.497314
8.0,10.817115
3.0,5.22922
3.0,5.4768305
8.0,7.358421
5.0,5.4859166
8.0,7.0355024
8.0,7.1371946
5.0,6.6374693
8.0,7.790898
8.0,5.2363214
5.0,6.4904723
8.0,10.5068035
8.0,8.478067
8.0,7.028886
8.0,8.044711
7.0,7.8385515
5.0,6.3545947
8.0,7.225845
8.0,7.337145
8.0,10.747099
8.0,7.1663685
3.0,4.0316634
8.0,9.156471
8.0,7.585413
8.0,6.4714437
6.0,7.2856493
5.0,6.322528
5.0,5.4925904
8.0,7.9494085
8.0,7.209981
8.0,7.812547
8.0,10.529296
5.0,6.0055475
5.2,6.540868
5.0,6.792885
4.0,6.064336
8.0,7.5105243
8.0,12.40673
8.0,7.595158
8.0,7.71122
8.0,7.0150485
8.0,7.886732
5.0,5.560353
6.0,6.8467636
8.0,7.481494
5.0,6.6889553
8.0,11.032056
8.0,10.093966
8.0,8.70974
7.0,7.2009945
5.0,6.68137
8.0,6.864959
12.0,8.741252
8.0,7.4942217
5.0,7.0485277
3.0,4.784611
5.0,5.721046
5.0,6.2981896
8.0,7.553355
8.0,9.307237
2.0,7.912727
6.0,6.8066487
8.0,10.427631
5.0,6.4642334
5.0,5.3703356
3.0,5.1129775
5.0,6.4035425
8.0,7.5864244
8.0,8.578544
3.0,5.3036637
8.0,9.649061
12.0,9.139275
8.0,9.301717
8.0,8.424662
2.0,2.7137825
8.0,10.390003
8.0,7.365888
5.0,6.111375
8.0,9.340672
8.0,7.6231666
8.0,9.460097
8.0,9.711393
8.0,7.372557
8.0,10.637907
5.0,5.655689
8.0,7.5224338
8.0,8.537747
3.0,5.8826933
8.0,10.897566
5.0,8.467973
8.0,10.276916
5.0,7.110908
8.0,7.161349
5.0,6.643532
3.0,4.526345
8.0,6.932044
3.0,4.214653
5.0,4.869689
2.0,4.251439
8.0,9.982976
8.0,7.4642296
8.0,7.5768247
5.0,6.328309
5.0,5.8041406
8.0,8.576052
5.0,6.5234175
8.0,6.776234
5.0,5.6114907
5.0,8.0687065
3.0,4.858721
8.0,6.4455853
5.0,6.037479
6.0,6.037311
8.0,7.238645
12.0,6.7785983
5.0,7.5076623
8.0,7.1468916
5.0,6.767919
8.0,6.936856
3.0,3.9596853
2.0,4.7023783
8.0,10.27048
8.0,10.570023
8.0,10.678779
8.0,8.16146
8.0,8.659302
5.0,5.901505
5.0,7.5499835
5.0,5.9237046
8.0,10.807768
3.0,5.5630717
8.0,11.289285
8.0,6.961991
5.0,6.5555487
8.0,7.938366
5.0,6.703606
8.0,7.8288126
5.0,6.6548576
8.0,8.4577
8.0,8.891691
8.0,7.235593
5.0,5.668943
8.0,8.931193
5.0,6.1538696
5.0,6.6791816
8.0,7.585987
5.0,5.274191
5.0,7.694324
8.0,7.1731367
8.0,5.913582
8.0,8.37382
8.0,7.9960494
5.0,6.7377057
5.0,6.458141
8.0,9.260866
2.0,4.4690404
8.0,8.146213
2.0,3.2819326
12.0,8.268871
8.0,6.508901
3.0,4.614823
8.0,8.171908
5.0,6.6874695
8.0,12.0584955
8.0,8.072948
8.0,7.2962127
8.0,9.11169
8.0,8.405803
5.0,5.711792
45.0,9.766047
5.0,6.6611757
8.0,6.498592
8.0,8.52876
3.0,4.1532893
8.0,8.704828
8.0,7.7370934
8.0,8.201059
8.0,8.20717
3.0,6.6993623
2.0,2.9331598
8.0,9.034753
8.0,9.0634575
8.0,8.131328
8.0,6.269934
5.0,5.8832955
8.0,8.459332
5.0,6.3484654
8.0,8.271449
5.0,6.284856
8.0,8.538493
5.0,5.975789
8.0,7.6993546
3.0,5.7040772
8.0,6.0525007
8.0,7.79275
8.0,7.5379696
8.0,7.1766872
8.0,7.369638
8.0,6.2737384
5.0,6.411432
5.0,6.7366767
5.0,5.8094106
12.0,7.689187
5.0,5.5983353
12.0,6.0571694
8.0,7.4684362
4.0,6.130615
5.0,5.566541
8.0,8.255492
5.0,5.4747987
5.0,6.146649
5.0,5.7404814
8.0,7.284647
6.0,7.116166
3.0,4.9322214
5.0,5.993036
8.0,7.0087314
5.0,6.5531125
8.0,10.045137
8.0,11.261894
6.0,7.7535043
8.0,6.3068724
3.0,5.2855854
5.0,5.786983
6.0,7.696717
5.0,5.949586
5.0,5.69172
5.0,5.186682
8.0,7.055285
5.2,6.8760185
8.0,7.684675
8.0,9.471767
8.0,8.7217455
3.0,5.3354697
2.0,3.106283
8.0,7.7296653
5.0,5.066077
5.0,6.2659664
8.0,8.848427
8.0,6.6209006
8.0,6.3709726
8.0,7.524036
12.0,6.1224055
5.0,7.9255657
5.0,6.904532
5.0,6.391411
3.0,5.055038
8.0,9.232634
5.0,8.182747
8.0,8.82213
8.0,8.9931
8.0,9.535606
5.0,6.520439
5.0,6.443434
8.0,8.715937
5.0,6.531083
12.0,5.159661
8.0,9.240421
2.0,5.4226823
5.0,6.750003
5.0,5.391339
8.0,7.9777737
8.0,6.9919558
5.0,6.153278
5.0,6.961486
8.0,10.365314
8.0,7.2312484
8.0,10.394034
8.0,12.099378
5.0,5.8182616
5.0,5.8042126
5.0,6.15214
8.0,9.006709
8.0,7.3916764
5.0,6.650813
8.0,12.637906
5.0,5.610848
8.0,7.8070607
5.0,7.578718
5.0,5.7609935
5.0,7.1546726
8.0,9.393076
3.0,5.3860345
5.0,6.3306036
6.0,6.4231877
8.0,9.538159
8.0,11.446887
5.0,5.528455
8.0,7.318959
12.0,7.6310387
5.0,6.869345
45.0,11.884692
12.0,7.7324147
8.0,7.6443815
8.0,12.6692705
8.0,7.5091915
8.0,9.815323
8.0,7.5511036
8.0,9.370139
5.0,6.24562
8.0,9.299362
5.0,6.042264
12.0,6.648976
6.0,7.008995
5.0,6.753827
8.0,9.636454
8.0,10.162776
8.0,6.8926854
8.0,8.755173
8.0,10.236307
8.0,10.264656
8.0,8.642142
8.0,7.9176464
8.0,6.810075
5.0,6.184191
8.0,7.4654565
3.0,5.175245
7.0,7.486789
7.0,6.423484
8.0,11.540005
12.0,6.4217257
5.0,6.156619
8.0,5.977053
8.0,7.7201934
7.0,6.552871
8.0,8.823732
8.0,7.6299562
5.0,6.055751
5.0,5.7582855
5.0,4.761768
8.0,8.254965
8.0,6.606179
8.0,6.253343
35.0,12.720168
2.0,4.4671082
5.0,6.39185
8.0,7.1543913
8.0,7.4545283
8.0,9.312087
8.0,10.015821
8.0,8.390612
8.0,8.77148
8.0,7.9455423
8.0,7.44575
12.0,8.786458
8.0,7.109721
8.0,8.060513
5.0,6.578071
5.0,5.9535427
5.0,6.916632
5.0,6.671169
8.0,6.799108
8.0,7.9405212
8.0,7.705152
8.0,8.171861
3.0,4.6124153
5.0,5.7271237
8.0,7.0600286
5.0,6.9584208
8.0,9.973096
5.0,5.921209
8.0,10.043359
8.0,8.398671
5.0,6.4813447
8.0,9.267442
5.0,6.0442123
8.0,7.9865866
5.0,5.7943864
8.0,6.566075
8.0,11.141702
5.0,6.620683
3.0,5.037422
7.0,7.2822914
8.0,8.439328
5.0,7.6772065
5.0,5.713328
5.0,5.8949633
5.0,5.392716
5.0,5.4783936
12.0,7.164532
7.0,6.452867
7.0,6.733422
2.0,4.5115566
8.0,7.6787176
3.0,5.146609
8.0,7.3944173
8.0,7.8001413
8.0,8.331549
12.0,8.0169525
12.0,6.300416
8.0,8.866065
8.0,7.3886323
8.0,7.1578546
8.0,6.8422866
8.0,9.978073
4.0,5.8654366
5.0,5.940995
5.0,6.7350802
5.0,6.451554
5.0,6.323364
5.0,6.5641
5.0,6.609816
8.0,8.617182
5.0,5.769393
5.0,5.8249197
5.0,5.1507044
5.0,7.544098
8.0,8.7151
5.0,5.897384
12.0,7.754304
12.0,9.37304
8.0,6.912251
8.0,7.7944
8.0,10.929834
8.0,8.237944
5.0,7.3252077
8.0,10.518064
5.0,5.9353743
12.0,7.7647505
8.0,7.243754
5.0,5.816914
7.0,7.377406
5.0,5.84437
8.0,8.3069725
8.0,8.953948
5.0,8.2224045
5.0,5.59844
8.0,10.164324
8.0,7.3158894
5.0,6.7797766
8.0,6.493545
5.0,7.4687233
5.0,6.0955772
12.0,6.5276895
5.0,7.909846
8.0,8.650131
12.0,9.811274
12.0,6.817116
5.0,6.171366
5.0,6.1950336
5.0,6.130226
8.0,8.215482
2.0,5.8674116
8.0,10.470163
5.0,5.817546
8.0,7.7815943
8.0,7.189126
3.0,5.528453
8.0,7.4939785
8.0,9.183161
8.0,9.5001955
3.0,5.9399734
8.0,9.382342
12.0,6.632962
5.0,6.569235
3.0,5.309421
8.0,6.719763
5.0,5.92597
8.0,7.176955
7.0,8.266056
5.0,6.140353
5.0,5.201058
8.0,7.427523
6.0,6.161832
7.0,6.913698
8.0,6.644217
8.0,11.105046
8.0,8.74142
8.0,9.223526
8.0,9.099701
3.0,5.234314
5.0,6.8013616
12.0,6.052334
4.0,5.319382
8.0,7.8727317
8.0,11.779902
5.0,6.898154
8.0,7.585947
8.0,10.112152
8.0,7.64408
5.0,6.3067484
7.0,8.347613
8.0,7.671077
5.0,5.9094787
5.0,5.356077
6.0,6.700897
3.0,5.258927
5.0,6.7996883
8.0,9.110496
8.0,7.601232
5.0,8.852102
6.0,7.860246
5.0,7.1817303
5.0,6.0103965
8.0,9.006103
5.0,6.384925
8.0,8.778963
8.0,8.987412
5.0,5.4741993
5.0,5.782667
8.0,6.537957
8.0,6.878857
4.0,5.1043487
8.0,9.234527
12.0,9.336574
8.0,7.6794624
5.0,6.939515
3.0,4.295239
5.2,7.9515576
2.0,3.8253636
5.0,6.131264
7.0,7.6723046
8.0,9.447803
8.0,7.972892
5.0,4.943735
4.0,5.0357623
8.0,11.303437
8.0,8.520641
5.0,6.556539
45.0,10.549139
5.0,6.21671
8.0,7.7642326
8.0,7.1005077
8.0,9.573459
8.0,8.010633
5.0,6.082019
7.0,6.226768
6.0,7.9460855
8.0,9.194999
8.0,8.423685
8.0,6.9296255
45.0,11.034179
3.0,4.98656
8.0,12.833634
8.0,6.47581
12.0,7.7619576
4.0,5.6728497
8.0,7.394548
8.0,7.24212
8.0,8.039772
8.0,7.833453
5.0,6.1289616
5.0,6.0368586
8.0,9.045974
12.0,7.3058095
8.0,9.49468
5.0,6.9902496
8.0,11.416273
5.0,5.291167
12.0,5.7555346
8.0,6.355288
8.0,9.325066
8.0,8.953026
5.0,6.692301
8.0,11.86532
8.0,7.3692064
5.0,6.2517815
7.0,7.9685283
8.0,6.022343
8.0,7.7810774
5.0,7.9211507
8.0,9.656472
8.0,12.198013
8.0,7.3817425
8.0,7.294933
5.0,6.9414606
5.0,6.474197
5.0,5.5747747
5.0,6.5892434
6.0,7.602167
12.0,7.1842303
7.0,6.7628555
5.0,5.117178
5.0,5.3069954
6.0,7.3550053
8.0,7.7438836
8.0,10.7027855
5.0,6.6589413
6.0,6.729644
8.0,7.5986342
8.0,7.995034
5.0,6.3006153
8.0,7.9381847
8.0,6.9562235
7.0,6.9501987
3.0,5.75379
8.0,10.242461
12.0,6.7922444
8.0,8.405649
3.0,3.5580103
8.0,9.897215
12.0,7.782501
8.0,8.859799
3.0,4.5484443
4.0,5.267337
8.0,10.58914
8.0,10.04053
8.0,8.562676
8.0,8.59899
8.0,10.549747
12.0,7.651805
8.0,10.040406
8.0,8.249484
5.0,5.8085876
8.0,7.5745745
5.0,6.46124
8.0,10.928074
8.0,7.4255543
5.0,5.7524123
5.0,5.248193
5.0,5.6128535
5.0,6.18067
5.0,7.406967
2.0,4.78948
5.0,6.3667517
5.0,7.0282955
8.0,7.3860126
8.0,8.572929
5.0,6.439931
8.0,10.009746
8.0,8.798598
5.0,5.565983
3.0,5.9846087
5.0,6.8435674
8.0,7.9025364
5.0,6.1551228
5.0,6.58463
8.0,8.257918
8.0,11.352227
8.0,10.998376
8.0,10.198592
5.0,5.3804054
8.0,7.1640363
8.0,5.731065
8.0,8.819748
8.0,12.066015
8.0,8.728779
8.0,7.9062443
8.0,6.7349286
7.0,6.896558
8.0,10.305155
5.0,7.7429795
8.0,7.328825
12.0,6.1199775
5.0,6.827978
8.0,7.3890266
8.0,10.118902
7.0,9.857853
8.0,7.339946
8.0,8.6772175
8.0,7.553546
5.0,5.4063525
5.0,6.6187234
5.0,6.1975946
8.0,6.3716226
2.0,3.089557
5.0,6.301155
8.0,8.138654
3.0,5.7208304
8.0,6.6793323
3.0,5.126825
5.0,6.7616653
5.0,5.090139
5.0,7.4451246
5.0,6.3188314
8.0,7.401733
5.0,6.2722507
5.0,6.5801105
8.0,10.062163
8.0,7.3208985
8.0,11.650991
8.0,6.891896
12.0,7.3259377
4.0,6.599519
8.0,8.324588
8.0,8.422519
2.0,4.219281
2.0,4.8217664
8.0,8.035034
12.0,5.3947496
8.0,7.475101
5.0,5.8992577
8.0,8.110823
8.0,6.7332153
8.0,10.616897
5.0,7.0407014
12.0,8.160193
5.0,7.684037
5.0,6.1111693
5.0,7.4370804
5.0,4.7378516
8.0,8.924999
5.0,6.285982
8.0,6.6244497
8.0,9.663406
8.0,6.254449
5.0,6.005515
8.0,7.296864
8.0,9.320988
5.0,8.76676
8.0,9.09198
5.0,6.3953285
8.0,7.259406
8.0,7.8386335
3.0,4.0810537
5.0,5.6668453
3.0,4.9373302
8.0,8.037995
8.0,9.869458
8.0,9.471056
4.0,5.72856
8.0,8.732189
3.0,5.005832
5.0,5.1079698
5.2,6.671607
8.0,9.019947
7.0,6.616058
8.0,6.5682516
5.0,6.478826
8.0,9.444469
8.0,9.683159
8.0,10.339642
12.0,8.793451
8.0,5.237443
7.0,7.774373
7.0,5.5892305
5.0,7.3069725
8.0,8.559393
2.0,5.190641
8.0,7.313843
8.0,9.10706
8.0,7.124445
8.0,6.9396987
5.0,6.155846
8.0,8.710803
5.0,5.700374
3.0,5.0910583
3.0,5.748951
6.0,6.9468775
8.0,7.4288783
8.0,5.9916267
8.0,7.7058797
8.0,9.119687
7.0,7.3194547
8.0,10.19683
2.0,2.6847265
8.0,8.809973
5.0,5.6964283
5.0,5.8438926
5.0,5.8861074
8.0,7.662813
8.0,10.399873
8.0,8.815674
7.0,6.6605124
8.0,11.043881
5.0,5.591389
8.0,11.490187
8.0,7.1646123
8.0,7.7030187
8.0,9.414878
5.0,6.355538
8.0,5.8300467
5.0,6.273369
8.0,8.31504
5.0,5.6274624
5.0,5.6998887
4.0,5.4015903
8.0,8.103337
8.0,7.4587603
8.0,7.000571
5.0,6.143321
5.0,5.4265428
8.0,8.9165945
8.0,8.718782
8.0,9.76111
8.0,8.09905
8.0,6.3280377
8.0,8.452653
3.0,3.405318
12.0,7.562753
12.0,7.3789754
2.0,4.04425
8.0,6.774364
8.0,7.851972
5.0,5.91874
8.0,9.683705
5.0,5.7943263
5.0,5.9327383
12.0,5.8995066
12.0,10.788697
8.0,6.679412
12.0,8.252695
3.0,4.3321714
8.0,7.903158
8.0,7.5940833
8.0,6.993365
5.0,6.6753874
5.0,6.6210856
8.0,8.3723
8.0,6.1473746
3.0,4.996359
8.0,7.426018
8.0,7.893467
12.0,5.7375216
8.0,7.420189
5.0,6.1571503
8.0,8.2700815
5.0,5.108033
3.0,4.7227225
8.0,7.217963
8.0,6.4984818
5.0,6.845723
5.0,5.0898895
8.0,7.9067187
8.0,6.711834
12.0,10.049365
8.0,6.7555323
8.0,10.134578
8.0,8.128156
8.0,7.054002
8.0,7.6196504
12.0,7.3677106
5.0,6.978468
5.0,6.9264293
8.0,6.415808
8.0,7.7057247
5.0,6.853882
8.0,8.113591
8.0,7.546835
8.0,11.607287
4.0,6.1861525
3.0,4.723029
8.0,8.286627
8.0,9.806217
8.0,7.1168675
3.0,5.3827176
12.0,7.1163263
7.0,7.230458
5.0,6.642076
5.0,6.204193
12.0,6.541557
8.0,7.3636866
12.0,9.031624
12.0,9.497284
5.0,6.2769866
4.0,5.087844
8.0,6.9052753
5.0,6.8248067
5.0,6.3767624
5.0,6.7641587
8.0,7.6597943
12.0,4.4212613
8.0,7.6607985
8.0,8.347745
8.0,7.099426
5.0,5.844957
5.0,6.145843
5.0,7.5226393
8.0,9.4074335
8.0,8.139174
3.0,4.981743
12.0,6.271984
5.0,5.4068966
8.0,7.003743
8.0,7.8586555
8.0,6.110038
8.0,7.3904147
8.2,12.74262
8.0,8.393038
5.0,6.2793946
8.0,7.78574
5.0,6.0454307
5.0,5.939545
5.0,5.7700005
5.0,6.307356
8.0,9.534644
2.0,5.61258
8.0,8.478473
8.0,9.305523
5.0,5.934274
8.0,7.1195793
3.0,5.085932
3.0,4.862983
8.0,7.618239
5.0,5.442743
35.0,13.076908
8.0,6.989449
3.0,5.790126
8.0,7.996386
3.0,5.46154
5.0,6.6690865
5.0,6.6644297
8.0,12.101898
8.0,7.0609612
5.0,5.6857243
8.0,10.386198
12.0,8.080484
8.0,7.886595
5.0,6.2595696
8.0,10.118283
5.0,5.5133815
8.0,7.3751926
8.0,8.283467
8.0,8.023033
12.0,7.41744
8.0,8.395172
5.2,6.4009056
5.0,5.553636
5.0,5.6572747
8.0,7.2520585
8.0,8.875835
5.0,5.8662677
8.0,10.899387
5.0,5.9944773
2.0,4.5965633
8.0,12.937658
5.0,6.4046397
5.0,6.313119
8.0,7.9430494
5.0,6.988561
8.0,9.858418
8.0,10.711801
8.0,8.133503
8.0,6.6526394
8.0,7.4508
8.0,9.097831
5.0,6.2722664
8.0,7.232055
8.0,8.810969
8.0,10.241317
2.0,4.6278887
8.0,10.901601
8.0,7.4115257
8.0,7.1345797
5.0,6.2337728
8.0,7.2137938
12.0,6.8650413
5.0,5.4640503
8.0,6.9661384
5.0,5.2706404
5.0,5.913016
12.0,7.56355
5.0,5.9068284
12.0,5.292767
8.0,10.50119
5.0,6.4967237
7.0,7.585589
3.0,4.815298
45.0,9.65817
8.0,6.892878
8.0,7.90861
8.0,7.7115283
4.0,5.206109
8.0,10.245737
5.0,6.8453183
5.0,5.728302
8.0,7.4799323
8.0,7.917184
5.0,6.8735175
5.0,6.22713
3.0,4.6978254
8.0,8.698256
5.0,7.502634
45.0,11.592223
5.0,6.3582487
5.0,6.328259
8.0,7.940034
8.0,7.292466
3.0,5.1711135
8.0,8.774276
8.0,7.9380474
2.0,3.4457395
8.0,8.660218
12.0,7.765592
8.0,7.611889
5.0,6.9038577
12.0,7.4723725
3.0,4.5392566
5.0,5.707528
8.0,7.620438
8.0,7.9999356
7.0,7.4786434
5.0,5.918867
4.0,5.1711197
5.0,7.0948243
5.0,6.3138885
5.0,5.9832253
5.0,5.735469
5.0,7.1819453
5.0,5.3575807
5.0,5.763404
7.0,7.035141
8.0,6.7280426
5.0,6.5439672
3.0,4.063969
8.0,7.511382
8.0,9.775227
5.0,5.707513
8.0,7.0402665
8.0,8.971701
5.0,5.668288
5.0,7.348337
4.0,5.4333706
5.0,7.190088
8.0,6.960492
5.0,6.1281624
12.0,9.430772
2.0,5.1223364
8.0,9.335765
8.0,8.786277
8.0,8.88326
8.0,8.878444
8.0,9.681462
2.0,4.464375
3.0,4.8920116
5.0,6.9323215
5.0,6.0217843
8.0,8.137605
2.0,3.909738
5.0,5.749718
8.0,8.152198
12.0,11.486236
12.0,8.404125
8.0,9.6456785
2.0,3.361814
5.0,5.5200377
3.0,5.4290986
5.0,5.7259746
8.0,8.166949
3.0,5.5457506
5.0,6.7089705
5.0,5.5761137
5.0,5.877628
8.0,8.193523
5.0,6.671485
5.0,6.1728854
8.0,10.093295
5.0,6.650158
8.0,8.04383
8.0,9.675652
5.0,4.7394376
12.0,8.013967
2.0,4.2693553
12.0,8.781436
8.0,7.4450593
8.0,9.01408
8.0,8.054481
8.0,6.471387
5.0,5.6798368
8.0,7.8252873
5.0,6.529462
8.0,7.270319
8.0,6.525203
4.0,5.3479214
2.0,5.6513467
35.0,9.608185
3.0,5.749134
8.0,10.285366
8.0,7.152066
8.0,6.9482036
5.2,6.790942
8.0,8.0421915
8.0,9.29464
8.0,9.459919
3.0,4.7725286
8.0,7.3300138
8.0,7.7041574
3.0,4.7525787
8.0,8.161425
8.0,9.998259
8.0,11.061961
8.0,8.4182415
8.0,9.930871
8.0,10.844489
8.0,11.174683
5.0,5.825722
8.0,8.53276
5.0,6.6671934
8.0,8.558824
8.0,5.0106
5.0,5.8233247
8.0,7.1669526
8.0,8.511253
8.0,6.571797
5.0,6.8187404
5.0,6.6506515
5.0,6.6195173
8.0,7.520231
4.0,5.0631385
8.0,10.391014
8.0,11.217436
8.0,6.9810963
5.0,6.024298
8.0,7.0682063
8.0,8.601348
8.0,11.538757
8.0,7.4528384
5.0,6.6928725
5.0,7.418432
8.0,7.566251
6.0,7.4285774
5.0,6.1879187
7.0,7.0342946
5.0,5.8340335
8.0,7.980403
5.0,7.075554
5.0,7.105475
5.0,7.3947644
8.0,8.403001
12.0,6.992492
8.0,7.563876
5.0,6.3542724
5.0,6.022064
8.0,7.3657317
8.0,10.928015
5.0,6.0106034
8.0,11.996735
8.0,8.886089
8.0,7.620345
8.0,7.381375
3.0,4.859801
5.0,4.9890976
3.0,3.899715
4.0,5.0493054
8.0,11.110056
5.0,6.028157
5.0,5.7086325
8.0,10.448926
8.0,9.29418
8.0,7.1025753
3.0,5.3362303
8.0,8.780687
8.0,7.398851
2.0,3.5870836
8.0,8.536566
8.0,6.8499227
8.0,10.056046
5.0,6.3160806
7.0,7.553814
3.0,5.4320283
12.0,6.2617807
8.0,6.789288
4.0,4.784245
8.0,8.603559
42.0,12.648006
3.0,5.3685045
3.0,4.8159432
5.0,5.406722
8.0,8.319743
5.0,6.048378
5.0,5.7076955
8.0,10.622254
5.0,6.5127783
8.0,7.8733025
8.0,7.748194
8.0,10.885052
8.0,7.6203723
5.0,6.520413
1.0,3.1055315
8.0,7.9889994
8.0,6.873356
8.0,7.165714
5.0,6.6746955
8.0,9.562501
8.0,10.054062
8.0,7.8722343
12.0,6.088554
8.0,6.7314534
5.0,8.19182
8.0,8.483264
45.0,11.963217
12.0,5.27304
8.0,7.357781
5.0,6.0058937
7.0,6.5065084
12.0,10.623296
8.0,9.070024
5.0,5.93003
5.0,5.778012
8.0,6.15808
8.0,8.57164
5.0,6.0229816
8.0,6.321121
5.0,6.6890874
5.0,5.6769977
8.0,8.025277
5.0,6.971815
8.0,8.072234
12.0,6.702927
4.0,3.7922237
5.0,5.047361
5.0,5.094493
5.0,7.455518
8.0,9.149916
8.0,10.129997
5.0,6.8132305
8.0,8.990122
8.0,8.026247
3.0,4.7030687
8.0,6.01895
8.0,10.210871
12.0,7.5736628
5.0,5.784505
2.0,2.8998277
5.0,6.2692246
5.0,6.4966416
12.0,6.650717
8.0,7.9079137
5.0,6.04433
8.0,11.697057
8.0,11.91123
5.0,6.7687364
3.0,4.7806044
8.0,12.041237
8.0,10.153197
8.0,8.087058
5.0,6.270443
5.0,5.4792004
8.0,6.891395
8.0,7.7077894
3.0,4.796686
8.0,6.720556
8.0,8.676399
7.0,7.3601723
8.0,9.966339
0.0,5.011344
5.0,6.774411
8.0,6.6876516
8.0,9.874886
5.0,6.9451528
5.0,6.6989493
3.0,4.788217
8.0,7.683923
5.0,5.928331
8.0,8.539367
2.0,3.1755662
5.0,5.8677506
8.0,7.8982162
5.0,6.164516
5.0,6.7390003
2.0,4.5577936
8.0,7.221841
5.0,5.8093505
7.0,7.6627364
5.0,6.313079
8.0,6.8722057
5.0,6.162218
8.0,10.019368
8.0,7.1353235
8.0,6.25273
8.0,8.174296
8.0,10.6384735
5.0,5.555396
6.0,6.8177476
5.0,6.7322416
5.0,4.6386266
8.0,8.00154
8.0,11.6103325
5.0,6.4286113
5.0,6.3929853
5.0,6.437675
8.0,9.159883
8.0,10.699168
8.0,7.4697123
8.0,8.644848
8.0,7.901392
8.0,8.096274
8.0,6.8883586
5.0,6.5362496
8.0,8.423953
5.0,6.1746626
5.0,6.0547447
8.0,8.812175
5.0,5.912261
5.0,5.9897776
8.0,9.887455
8.0,8.455924
7.0,6.1019797
8.0,10.422918
8.0,7.233587
5.2,6.8888655
5.0,6.5531383
8.0,7.813965
8.0,11.219878
5.0,5.620945
8.0,11.99781
7.0,8.132353
5.0,6.242186
5.0,6.430176
2.0,4.114404
5.0,3.3769138
12.0,5.5582533
5.0,6.6321273
5.0,7.719642
8.0,7.322785
5.0,5.2329445
8.0,10.805975
8.0,7.7584662
5.0,7.1228294
8.0,8.92737
8.0,8.629819
8.0,7.717536
5.0,6.7784247
8.0,7.5807033
5.0,6.2878714
5.0,5.370446
8.0,7.6233497
12.0,6.59992
45.0,10.523443
4.0,4.9658756
8.0,9.031279
5.0,5.537273
5.0,6.505199
8.0,9.905335
8.0,9.327818
2.0,5.573723
8.0,7.5885653
8.0,7.3791075
8.0,7.7245035
8.0,9.523067
8.0,7.222155
5.0,6.022744
8.0,7.692176
5.0,7.7532673
8.0,14.481466
8.0,7.126532
5.0,6.5900216
5.0,7.345494
8.0,8.830521
8.0,8.047766
8.0,9.034421
8.0,10.023031
5.0,5.392892
6.0,6.569967
8.0,7.9983773
8.0,9.845682
5.0,5.954972
8.0,10.923903
8.0,6.99033
8.0,7.834041
5.0,5.9212213
5.0,5.854143
8.0,8.446842
8.0,8.976285
12.0,6.6508503
8.0,10.126055
8.0,11.102259
8.0,8.194824
5.0,5.7763996
8.0,5.399328
5.0,6.5117083
8.0,9.015293
8.0,9.857777
5.0,5.772093
12.0,7.02103
5.0,6.5772524
4.0,6.0802865
8.0,9.826686
8.0,10.032778
5.0,7.645126
8.0,7.3593764
5.0,6.0922613
5.0,6.714535
5.0,5.57877
5.0,6.8975363
8.0,9.091436
5.0,7.3308506
2.0,4.6301537
8.0,8.076729
5.0,6.3794684
12.0,6.5996175
8.0,8.661629
5.0,5.616672
5.0,6.2549896
8.0,8.027999
8.0,9.229236
8.0,7.1784105
8.0,8.517255
8.0,7.5445123
8.0,7.919288
8.0,8.75025
8.0,9.43807
8.0,10.784507
8.0,11.549241
5.0,6.455933
5.0,6.613563
6.0,7.051086
5.0,6.191412
8.0,13.242662
5.0,6.036492
8.0,8.583731
5.0,7.9060507
8.0,11.108878
8.0,6.966921
8.0,11.337992
8.0,10.262544
8.0,11.354011
8.0,8.45493
5.0,6.1720624
12.0,5.2370667
8.0,9.331764
5.0,6.528836
7.0,9.978857
8.0,7.113797
5.0,6.8082848
5.0,6.7187586
5.0,6.0692225
4.0,5.374221
5.0,5.5803103
5.0,6.691845
8.0,6.6531625
8.0,9.001837
8.0,7.103158
8.0,7.688127
5.0,6.118703
8.0,7.3632503
5.0,6.631414
5.0,5.665855
5.0,5.2744255
5.0,6.8601265
8.0,6.8822823
5.0,6.3496943
45.0,11.24508
5.0,6.8566957
8.0,6.683707
12.0,10.633766
8.0,7.7183304
8.0,9.014867
5.0,7.153456
3.0,5.4471354
5.0,6.894796
8.0,6.6472144
8.0,7.5670023
8.0,6.359834
3.0,5.2577767
2.0,4.039255
8.0,12.419517
8.0,7.5818653
8.0,7.5228314
8.0,7.4228683
8.0,8.386179
3.0,5.3448653
5.0,6.0829515
8.0,8.752954
8.0,12.411034
8.0,10.7018175
5.0,5.0752087
8.0,12.36741
8.0,9.663635
8.0,7.9315968
5.0,5.5522537
8.0,8.236893
8.0,8.664928
8.0,12.431809
8.0,6.6423483
8.0,10.312697
12.0,8.282612
5.0,5.3289576
12.0,6.9220333
5.0,6.187694
5.0,5.4995775
5.0,7.411988
4.0,5.8246484
5.0,6.4635463
5.0,5.9778447
3.0,5.1557736
5.0,6.384412
8.0,9.973327
8.0,8.645947
8.0,7.603243
8.0,8.376409
5.0,8.100334
8.0,6.6213403
4.0,4.7554555
8.0,7.9159226
5.0,5.7102876
8.0,5.724759
8.0,7.538305
5.0,6.8944354
8.0,11.329675
5.0,7.128432
8.0,9.178837
8.0,7.7783875
7.0,7.577915
8.0,9.384172
35.0,10.725635
8.0,10.417417
3.0,4.278098
8.0,13.273078
8.0,9.883963
5.0,7.35297
4.0,5.696057
5.0,6.611003
5.0,6.1830754
5.0,6.727653
7.0,7.437176
2.0,4.928447
3.0,4.567721
5.0,5.752017
8.0,10.848885
4.0,5.9557424
5.0,6.1712923
8.0,9.556604
8.0,11.036481
8.0,7.841301
8.0,7.980343
8.0,8.087312
8.0,10.984642
8.0,8.407555
8.0,8.279394
3.0,5.1067047
12.0,5.828401
8.0,8.346649
8.0,12.257733
8.0,9.351724
8.0,10.125696
8.0,6.8736587
8.0,10.139441
8.0,7.470822
8.0,10.346838
5.0,6.8172626
8.0,8.178611
5.0,4.9773126
8.0,8.278543
5.0,6.4148927
8.0,10.498565
8.0,11.598404
3.0,4.8959055
5.0,6.517461
5.0,7.414686
2.0,3.5583372
4.0,6.375976
8.0,7.687299
8.0,8.700531
8.0,10.328109
8.0,7.5841722
8.0,9.231979
5.0,6.682199
8.0,9.237513
8.0,9.925559
5.0,5.8902693
8.0,7.8662496
3.0,4.4413276
6.0,7.3672066
8.0,9.876878
8.0,8.447983
8.0,8.3885765
5.0,7.055628
7.0,8.872704
8.0,7.0916023
8.0,7.1688523
8.0,8.207248
8.0,8.848584
8.0,7.9745865
8.0,9.235284
5.0,6.5115275
5.0,6.157112
5.0,6.702228
8.0,10.309548
8.0,7.687926
8.0,6.85891
5.0,7.114026
5.0,8.177203
5.0,7.1117253
5.0,6.856386
12.0,7.7753716
3.0,5.313706
5.0,6.0259137
2.0,5.0874023
8.0,7.276696
5.0,5.858843
3.0,5.2258897
5.0,6.6186147
8.0,7.0897336
5.0,5.8588257
8.0,9.576394
5.0,6.389873
5.0,5.959011
8.0,12.004798
5.0,6.6542077
8.0,9.316821
5.0,6.131637
8.0,7.379577
8.0,8.536826
12.0,6.712006
5.0,5.6647053
5.0,5.7543488
8.0,6.8352427
4.0,5.2894278
12.0,9.871723
5.0,6.8503985
12.0,7.7310133
4.0,5.562239
5.0,5.789886
5.0,6.3316035
5.0,6.19144
42.0,11.496441
8.0,8.539682
8.0,11.180475
3.0,4.08421
5.0,5.784527
8.0,7.8233447
5.0,6.57245
8.0,6.1043134
5.0,6.6963897
8.0,10.148926
5.0,6.1193266
8.0,7.2105536
5.0,6.282568
6.0,7.625047
5.0,6.115566
2.0,4.4383135
8.0,6.001436
3.0,4.9837713
4.0,5.3543854
2.0,4.855148
12.0,6.071917
5.0,6.574857
5.0,6.640654
12.0,4.6392107
8.0,7.0028105
7.0,7.391275
8.0,8.558129
5.0,5.509141
8.0,7.1323967
7.0,6.5528245
8.0,7.71298
5.0,5.414498
8.0,7.4814267
5.0,6.5114655
2.0,3.4572387
7.0,6.2193933
8.0,10.4689045
5.0,6.499164
8.0,7.098824
8.0,10.511672
5.0,4.6762533
8.0,11.234409
8.0,11.812445
8.0,7.5374475
5.0,5.925128
8.0,8.126201
3.0,6.4501247
3.0,4.861395
8.0,10.206117
8.0,8.917243
2.0,4.414538
5.0,8.326447
5.0,6.05589
12.0,6.623679
12.0,9.131606
5.0,6.7137275
8.0,8.120593
8.0,8.513775
12.0,7.3703513
2.0,3.4944663
12.0,6.7978497
5.0,6.514248
8.0,10.776243
8.0,7.478046
8.0,10.16118
8.0,10.157637
8.0,8.910883
3.0,3.6297128
5.0,7.3969507
8.0,8.16749
8.0,9.2568655
5.0,6.0771384
8.0,9.145588
5.0,7.1717515
5.0,6.3757014
8.0,9.25113
3.0,4.824421
8.0,6.551878
4.0,6.208442
5.0,6.368891
5.0,6.4237213
6.0,7.122501
8.0,8.078011
8.0,8.95587
8.0,7.512829
8.0,7.571568
5.0,8.40622
8.0,10.102369
5.0,6.473044
8.0,8.158308
3.0,5.577634
5.0,5.882843
8.0,11.163864
5.0,8.3041
8.0,8.916906
1.0,3.3524487
5.0,6.325525
8.0,7.7455144
3.0,5.291977
5.0,5.8917594
8.0,8.851534
5.0,5.2597656
8.0,6.2373796
5.0,6.256579
8.0,7.8146343
5.0,6.134285
8.0,8.0369425
8.0,8.843678
5.0,5.158282
5.0,6.4030175
8.0,8.085985
7.0,7.457554
7.0,8.040399
8.0,8.020805
8.0,8.605832
8.2,9.515967
5.0,5.589469
5.0,4.4525757
5.0,7.0255566
5.0,6.43415
8.0,10.196916
8.0,7.491056
8.0,9.603094
8.0,8.123739
8.0,7.8334694
12.0,7.1290383
8.0,8.831804
4.0,6.9510202
2.0,3.3274784
5.0,5.5545683
8.0,7.1730175
8.0,7.2263217
3.0,4.9328623
8.0,10.287112
8.0,7.5615435
8.0,10.3196125
8.0,8.300731
8.0,9.749905
8.0,8.487005
8.0,8.965377
5.0,6.8239994
5.0,5.778579
8.0,10.338277
8.0,6.151954
5.0,5.999744
8.0,6.5821967
8.0,7.8474727
5.0,6.7509828
5.0,6.6348443
5.0,8.307524
8.0,4.548098
5.0,7.022899
5.0,7.231061
5.0,6.889828
8.0,7.7930603
8.0,6.541786
5.0,8.720107
8.0,7.453395
12.0,8.252972
5.0,6.4659424
8.0,10.786088
5.0,7.2789354
8.0,9.947568
8.0,8.416507
8.0,7.2620273
5.0,5.9210896
8.0,7.3422613
8.0,7.7678237
8.0,10.553487
8.0,9.394452
5.0,5.9513144
8.0,6.778821
8.0,7.176129
8.0,7.318817
8.0,7.3226104
5.0,5.924035
5.0,6.1772294
8.0,8.093625
5.0,7.156018
8.0,6.956837
5.0,6.4827666
2.0,4.276049
8.0,12.101639
5.0,6.0981436
8.0,11.996059
5.0,5.7049317
8.0,8.752435
8.0,8.236859
5.0,6.192434
8.0,9.347884
8.0,7.8123546
2.0,2.9727328
2.0,3.083344
5.0,5.579027
5.0,6.3400564
8.0,6.806015
5.0,6.425095
5.0,5.927906
12.0,6.353576
5.0,6.497142
5.0,6.5985384
5.0,6.3203254
3.0,4.9630594
8.0,6.715652
8.0,7.812221
8.0,6.3142886
8.0,9.507304
2.0,3.4757068
8.0,10.05353
5.0,5.7247953
8.0,7.423841
3.0,4.3029914
8.0,7.39942
5.0,6.065881
5.0,4.5755296
8.0,8.908803
5.0,5.9056916
5.0,6.071637
8.0,6.865699
8.0,8.364149
8.0,9.373869
8.0,7.901235
8.0,7.695855
8.0,7.6652656
5.0,5.8403172
3.0,5.532296
8.0,9.982367
8.0,7.8998666
8.0,6.6999764
8.0,9.563291
8.0,7.082408
8.0,11.12725
8.0,7.530792
8.0,7.6292505
8.0,9.127073
5.0,5.885166
12.0,6.7997937
8.0,8.679841
5.0,5.967236
8.0,6.7033405
8.0,11.542648
8.0,7.984352
8.0,9.508827
5.0,6.698932
6.0,6.581687
12.0,6.0146794
8.0,10.585509
8.0,9.416882
5.0,5.8756237
8.0,11.270955
8.0,9.178511
5.0,5.2746725
8.0,8.677507
7.0,8.088983
8.0,10.064138
8.0,8.415237
4.0,5.6481404
8.0,10.004054
5.0,6.5575027
5.0,6.703785
8.0,10.104204
8.0,9.665545
5.0,6.0976753
8.0,10.221051
8.0,11.301285
5.0,7.496122
2.0,3.600094
8.0,8.263003
8.0,7.0923076
8.0,8.576902
5.0,5.3503094
8.0,9.471159
5.0,5.722593
8.0,7.233973
12.0,8.052058
8.0,6.878517
8.0,7.8434525
8.0,8.349902
8.0,9.636361
8.0,7.5612745
6.0,7.0201764
5.0,6.7034364
8.0,8.033762
8.0,10.991935
8.0,6.520936
5.0,6.910916
12.0,7.498591
8.0,10.417546
3.0,4.696711
8.0,7.3314004
5.0,5.3920054
8.0,10.02192
8.0,6.7263827
5.0,6.5971594
5.0,7.2347474
5.0,6.61686
2.0,4.335719
5.0,5.461027
12.0,7.148445
5.0,6.5012736
8.0,11.652757
8.0,5.427087
8.0,8.355928
5.0,6.920637
8.0,7.7109427
8.0,8.427391
8.0,6.64418
4.0,5.0426817
8.0,10.82424
8.0,8.81517
2.0,5.302153
3.0,5.479326
3.0,4.5762672
8.0,7.090187
8.0,12.028241
8.0,9.839178
8.0,6.8573956
3.0,4.4432626
5.2,8.104698
5.0,6.6933694
8.0,7.5902004
8.0,10.518777
5.0,6.7756248
8.0,8.70395
4.0,5.829221
3.0,5.5301394
8.0,7.4259567
5.0,5.3711843
8.0,7.200626
1.0,4.839839
8.0,7.5176477
5.0,6.774244
8.0,8.138858
6.0,6.84049
8.0,7.3167152
8.0,7.647947
5.0,6.3143053
3.0,5.584054
8.0,6.786769
5.0,6.2382164
8.0,6.560962
5.0,6.835441
8.0,6.845017
8.0,10.525838
8.0,6.871335
5.0,5.664592
5.0,7.6908884
8.0,7.555133
5.0,6.426104
8.0,8.528639
12.0,7.884836
5.0,6.5331616
8.0,10.780812
3.0,4.842795
5.0,6.6984625
8.0,10.917351
5.0,6.814339
8.0,7.351541
5.0,5.6153593
5.0,8.865799
5.0,5.3025885
8.0,7.704359
3.0,5.228832
8.0,8.065746
6.0,7.9359894
5.0,4.758595
5.0,5.894142
8.0,8.034905
3.0,5.0745125
8.0,9.242091
8.0,7.476132
12.0,6.3145027
8.0,9.788262
8.0,7.404248
6.0,6.382179
8.0,10.978876
5.0,6.2164426
12.0,8.2661915
8.0,7.933592
8.0,7.730027
8.0,12.139193
8.0,8.795419
8.0,10.518006
5.0,6.199476
8.0,8.5024605
8.0,8.070684
3.0,3.7185555
2.0,3.9914114
8.0,8.564214
8.0,10.8310175
3.0,6.553931
2.0,4.6632686
2.0,3.9201183
12.0,6.239089
8.0,10.070486
5.0,8.043168
2.0,3.6563087
8.0,7.6101327
5.0,5.652851
5.0,7.1173563
8.0,8.697868
8.0,6.7151184
12.0,8.091547
8.0,8.279476
8.0,6.9955235
5.0,5.8213215
8.0,8.877522
8.0,8.406771
4.0,5.0337467
2.0,4.641019
5.0,5.893563
5.0,5.0840545
8.0,7.156862
8.0,7.702666
8.0,8.29906
8.0,7.279451
12.0,7.7496095
8.0,7.2160525
8.0,8.294539
8.0,6.8863344
8.0,7.1676693
5.0,5.8881965
3.0,4.617584
8.0,8.757081
5.0,6.72979
8.0,7.5258603
8.0,7.817655
5.0,6.362754
3.0,6.2990503
8.0,7.2303715
3.0,5.7371917
2.0,4.6951003
5.0,6.6053724
8.0,8.278296
8.0,8.538933
12.0,8.972681
8.0,8.082013
5.0,6.9499626
5.0,6.273006
45.0,14.148098
8.0,7.704786
8.0,8.979941
5.0,5.991006
5.0,6.175671
5.0,6.45098
12.0,7.5202074
5.0,7.542903
5.0,6.419103
2.0,3.270702
5.0,6.8437376
6.0,6.7844043
5.0,5.248865
8.0,5.832409
8.0,6.193824
8.0,8.323086
5.0,6.2992263
8.0,9.926717
8.0,7.041232
8.0,7.0404477
8.0,8.199026
5.0,6.3967776
12.0,6.621584
8.0,7.2452145
8.0,8.851503
8.0,11.920554
8.0,8.081203
8.0,8.363226
5.0,5.7163973
8.0,7.3057446
5.0,6.544273
5.0,6.4884853
8.0,7.760149
5.0,6.012031
8.0,7.165444
8.0,9.976392
5.0,6.0008893
12.0,9.079979
8.0,7.09805
8.0,6.430658
8.0,11.285574
5.0,6.6927
7.0,7.080959
8.0,7.8075633
2.0,3.545489
8.0,8.127587
8.0,7.2060175
5.0,6.9889936
8.0,8.292367
8.0,7.068353
3.0,4.921708
8.0,8.951248
5.0,6.6200356
3.0,4.7796674
8.0,8.030807
8.0,7.3099775
5.0,5.904457
3.0,5.3384643
5.0,6.280164
8.0,10.096057
3.0,5.735181
8.0,8.975946
5.0,6.0565867
8.0,9.113742
8.0,8.095731
8.0,8.071173
8.0,7.0841556
5.0,6.00782
5.0,6.292832
5.0,7.738568
8.0,10.288994
8.0,8.346304
5.0,6.4340515
8.0,11.064554
5.0,5.780337
8.0,7.653406
8.0,9.599291
8.0,9.389628
8.0,9.361364
2.0,5.0768094
3.0,4.253408
8.0,7.9801373
8.0,6.463248
5.0,4.9176683
8.0,10.137016
5.0,5.952096
3.0,5.0034156
8.0,8.712521
8.0,6.7932386
2.0,4.2052608
8.0,8.700194
8.0,6.690618
8.0,7.0422325
6.0,7.6221685
8.0,11.623037
8.0,9.3080015
8.0,8.956254
5.0,6.842503
8.0,7.646638
5.0,7.5771446
8.0,7.3427916
8.0,9.104984
5.0,6.5384016
8.0,9.100945
8.0,9.353239
8.0,7.2651095
5.0,8.080764
8.0,9.333791
7.0,7.128308
5.0,6.5991325
12.0,6.654757
8.0,8.213773
2.0,5.89178
5.0,3.4215977
8.0,11.352472
8.0,7.8455586
8.0,9.832791
3.0,4.344434
5.0,5.7500267
5.0,6.0417013
5.0,5.7612824
8.0,8.434249
3.0,5.399909
8.0,9.305272
8.0,8.780282
8.0,7.3920918
8.0,6.6118917
5.0,7.0731726
12.0,9.670705
8.0,8.109863
8.0,6.9493284
8.0,6.495623
5.0,6.2846546
45.0,9.783091
5.0,7.242083
8.0,6.862214
5.0,7.6432314
8.0,7.5786448
3.0,4.532732
8.0,11.903649
8.0,9.9562235
8.0,7.2242355
3.0,4.9110317
8.0,7.654017
5.0,6.58824
8.0,6.3950443
3.0,4.773062
5.0,5.2685924
5.0,5.57275
8.0,8.213972
5.0,6.5539446
8.0,9.606407
8.0,6.3996897
8.0,10.61366
8.0,7.7903824
8.0,10.210876
2.0,3.281205
8.0,11.168534
5.0,5.166614
8.0,10.427997
12.0,7.496371
5.0,6.438393
5.2,7.0625362
45.0,12.830447
5.0,6.3643503
8.0,7.7684503
8.0,5.3476143
5.0,6.346982
5.0,5.718308
5.0,5.8863864
5.0,5.88342
5.0,5.912082
5.0,6.0569825
8.0,8.33951
5.0,6.6580772
8.0,7.1389217
8.0,7.5437803
8.0,9.869725
7.0,7.3739414
2.0,5.280442
5.0,7.892961
8.0,8.270308
8.0,8.721105
4.0,5.504555
5.0,5.6746135
8.0,5.9805503
8.0,7.967132
5.0,5.8228774
8.0,7.5378966
8.0,7.922386
2.0,4.9785852
5.0,6.931761
12.0,6.6859927
5.0,4.868935
8.0,8.809514
8.0,9.892111
7.0,7.9509406
3.0,5.6545696
8.0,6.952797
5.0,5.720107
5.0,6.414442
12.0,7.7385726
8.0,6.9593034
8.0,8.276734
4.0,6.038059
8.0,9.443383
8.0,9.447756
5.0,5.8068385
8.0,7.2312403
8.0,8.654707
3.0,4.062411
8.0,9.274313
8.0,9.723725
5.0,6.191582
8.0,6.9891176
5.0,6.478249
8.0,6.9576774
2.0,4.4973416
12.0,5.7711024
8.0,8.628609
2.0,3.3813477
8.0,7.968238
5.0,7.9197736
5.0,7.2646823
12.0,9.156411
5.0,6.258344
5.0,6.4109683
5.0,6.6613474
8.0,7.022231
3.0,6.4224024
8.0,7.4889245
3.0,5.2724113
5.0,5.954132
1.2,4.978644
5.0,5.749426
5.0,6.464058
8.0,11.115786
8.0,6.911257
8.0,11.754367
8.0,7.351486
8.0,8.198205
8.0,9.608048
5.0,7.705814
8.0,7.280509
8.0,8.715369
8.0,7.049526
5.0,6.2499657
5.0,8.6342945
3.0,6.0392265
5.0,5.8102684
5.0,6.7114315
2.0,4.0826607
8.0,8.088222
5.0,6.6589704
8.0,7.9606237
8.0,7.534459
8.0,9.407813
3.0,7.082962
7.0,9.492705
8.0,7.6452317
8.0,6.437093
8.0,7.814748
8.0,7.079223
8.0,7.6371236
6.0,7.9759364
12.0,8.626903
8.0,8.486429
4.0,5.7152777
8.0,7.859294
5.0,6.1522336
8.0,8.3015995
8.0,7.5504274
5.0,6.771209
8.0,6.444794
5.0,8.589793
8.0,11.649424
8.0,8.866291
8.0,8.96765
3.0,5.5315304
5.0,5.514407
8.0,6.518057
5.0,5.6350875
5.0,6.109965
8.0,6.541743
5.0,7.072328
8.0,11.508365
6.0,6.9788823
3.0,6.3783097
12.0,7.7895308
12.0,8.098429
6.0,7.0528064
8.0,11.130976
5.0,7.093182
8.0,9.627366
5.0,6.4752684
5.0,8.462102
5.0,5.916377
8.0,9.485108
8.0,7.5224967
8.0,8.226455
8.0,7.749526
3.0,4.9123836
8.0,8.197889
5.0,6.122582
8.0,7.238118
3.0,5.722857
5.0,5.1495643
45.0,10.30754
5.0,4.846856
8.0,7.5879326
8.0,7.7823515
5.0,6.072768
8.0,7.3780017
5.0,6.6293154
5.0,7.099927
5.0,6.6261883
8.0,8.010502
8.0,9.096447
3.0,5.9906473
8.0,6.9064837
3.0,4.940347
12.0,6.356469
8.0,6.8052635
8.0,10.041941
8.0,7.344827
5.0,6.3748903
5.0,5.471747
4.0,5.206062
8.0,7.314331
45.0,12.260974
8.0,7.3466725
3.0,4.933235
8.0,7.6961975
8.0,8.773092
5.0,6.84734
12.0,7.087673
8.0,8.74814
5.0,5.962464
8.0,7.506126
8.0,7.6584334
8.0,6.9131417
5.0,5.5918694
8.0,7.8729544
5.0,6.0844083
8.0,8.455585
8.0,9.391749
8.0,9.0348
8.0,10.492958
8.0,7.645956
8.0,8.713102
8.0,7.231068
8.0,7.4679413
8.0,7.463423
45.0,14.575248
5.0,7.2614784
8.0,7.9455156
8.0,9.41326
4.0,5.954881
12.0,9.811218
8.0,8.719738
8.0,7.8612475
2.0,3.9472682
45.0,12.34364
5.0,7.5421433
5.0,7.160739
5.0,5.8954763
8.0,10.348796
8.0,9.174977
2.0,4.429017
8.0,8.256255
8.0,8.140248
3.0,5.102042
8.0,7.2147045
8.0,7.375934
2.0,2.802474
8.0,7.835243
5.0,7.380326
5.0,7.211987
5.0,5.3514776
5.0,5.884667
5.0,6.3488936
5.0,6.205097
5.0,5.7698946
8.0,8.211064
8.0,8.391186
8.0,6.4506955
5.0,6.6094112
8.0,7.3272
5.0,6.776271
5.0,5.6006665
3.0,4.7790847
8.0,7.2218237
8.0,9.583806
5.0,5.310916
8.0,7.0217333
5.0,6.2898593
5.0,5.9543157
8.0,9.66452
8.0,7.581293
5.0,4.9052854
8.0,9.508029
8.0,7.771803
8.0,8.287531
12.0,7.5476127
8.0,7.0203447
8.0,10.967273
45.0,10.048955
5.0,6.0445733
5.0,5.047119
8.0,12.308439
8.0,11.176662
5.0,6.0756955
5.0,6.898342
8.0,8.049221
7.0,7.426237
5.0,6.1432347
8.0,6.483136
8.0,8.448393
5.0,6.5402827
5.2,7.134355
5.0,6.1206856
5.0,6.844545
12.0,8.184242
5.0,7.2925425
5.0,6.010428
12.0,6.7359123
8.0,9.205009
8.0,9.221438
3.0,5.8227057
5.0,7.5060387
8.0,8.519449
5.0,6.2776904
8.0,8.831113
5.0,6.888656
8.0,11.354192
5.0,6.179495
8.0,8.822868
8.0,6.3461432
8.0,10.908012
3.0,4.5757766
8.0,7.340311
8.0,7.60935
8.0,12.153382
6.0,7.639417
8.0,7.8789234
3.0,4.5045342
45.0,11.283138
5.0,5.065793
8.0,7.936144
5.0,6.3090076
5.0,6.905444
8.0,8.853211
2.0,4.5003386
8.0,7.983548
5.0,5.2723527
5.0,7.1201386
8.0,7.4008017
5.0,6.225168
8.0,11.143053
5.0,4.9743524
8.0,8.235926
5.0,6.9767456
8.0,7.2191596
8.0,6.8692827
8.0,7.1899285
8.0,7.7065644
8.0,10.377597
5.0,4.5222683
3.0,5.0866256
8.0,9.586438
5.0,5.9076595
3.0,5.131871
5.0,5.6585755
5.0,6.430166
5.0,5.521301
3.0,4.825791
8.0,10.597942
8.0,8.9229965
8.0,10.744078
8.0,5.843134
8.0,8.475418
2.0,4.962003
5.0,6.824938
5.0,6.2708025
4.0,5.3996687
5.0,5.690018
2.0,3.577031
8.0,8.041067
8.0,7.272377
3.0,5.13347
3.0,4.8563805
2.0,3.1285715
3.0,3.690497
8.0,10.332774
8.0,7.3053536
2.0,2.910603
8.0,10.802568
8.0,7.6691856
8.0,6.2760305
5.0,5.8330436
5.0,4.853943
8.0,10.511013
8.0,8.53832
8.0,8.434785
5.0,6.224764
5.0,6.8883014
5.0,6.0611525
8.0,10.014374
7.0,7.017827
5.0,7.047891
8.0,9.066934
8.0,7.77923
8.0,6.6965
8.0,7.871291
5.0,6.367866
2.0,3.9274871
8.0,12.240583
8.0,7.120629
7.0,5.3780093
8.0,10.180259
4.0,6.0829306
5.0,6.582321
8.0,6.5327616
3.0,5.069791
8.0,9.474302
4.0,5.7508545
8.0,7.5690055
8.0,9.858415
5.0,5.5597496
8.0,8.023468
12.0,5.811362
45.0,9.721634
3.0,6.3052073
12.0,5.9747534
5.0,6.0871434
12.0,10.071694
7.0,6.178611
5.0,6.3115335
8.0,8.98524
8.0,9.286215
8.0,6.7725167
8.0,7.6609907
8.0,5.581561
8.0,6.897421
12.0,10.219478
5.0,6.559122
5.0,5.577944
4.0,5.395905
5.0,6.8370743
2.0,3.883718
2.0,4.359959
5.0,5.207403
8.0,9.080836
5.0,5.220751
8.0,8.537722
8.0,8.773766
5.0,6.461198
8.0,7.6363134
3.0,5.1270804
8.0,7.9044857
8.0,6.7867713
6.0,6.610974
5.0,6.6114645
8.0,7.2826643
5.0,6.171945
8.0,8.301408
8.0,8.450531
8.0,8.5692425
8.0,8.931293
8.0,8.708512
8.0,8.592226
5.0,5.9616113
8.0,7.326031
8.0,9.426877
8.0,6.672794
5.0,5.7722754
5.0,7.28173
5.0,6.311493
8.0,7.6720433
45.0,11.503097
5.0,6.6769233
7.0,7.303265
8.0,6.7484145
5.0,6.010567
8.0,13.329314
3.0,5.99805
5.0,6.68923
5.0,6.4156075
4.0,4.999899
5.0,8.415252
5.2,8.003742
8.0,9.672239
5.0,6.4378695
8.0,9.03405
5.0,6.7196646
8.0,12.329623
5.0,7.033415
7.0,6.88101
7.0,7.768224
5.0,6.5256624
8.0,6.53806
8.0,11.053079
2.0,3.7552457
8.0,13.893832
8.0,7.370146
5.0,6.151094
5.0,5.828018
12.0,10.976799
0.2,2.4376345
3.0,5.536575
4.0,5.4609137
8.0,6.5367255
5.0,5.608389
5.0,6.7700562
3.0,6.239996
3.0,5.041742
8.0,8.079403
5.0,6.0200076
8.0,10.159421
5.0,7.5488396
8.0,9.55657
8.0,7.6144223
5.0,6.6594906
2.0,4.9857717
5.0,6.592682
8.0,8.989379
3.0,4.7767754
8.0,8.9665785
8.0,9.5035
8.0,8.417946
12.0,8.432083
5.0,7.7099233
8.0,8.946194
8.0,6.5415964
5.2,7.1074114
8.0,11.031153
5.0,5.574075
8.0,7.4722953
8.0,7.6974125
8.0,9.342043
5.0,6.728932
5.2,5.7827134
8.0,9.822563
45.0,11.2174635
8.0,8.444986
7.0,6.6681786
8.0,9.678649
8.0,7.35311
8.0,7.501557
8.0,6.95073
8.0,7.7695813
8.0,9.164551
8.0,6.7849293
5.0,7.485032
3.0,5.6365123
8.0,8.547293
2.0,4.860387
8.0,7.8428764
7.0,7.566453
2.0,5.8543777
8.0,7.268464
6.0,7.841982
8.0,10.910925
5.0,6.5190444
2.0,5.122664
8.0,8.92211
4.0,6.0443234
8.0,11.052217
5.0,5.855914
4.0,5.4658666
8.0,8.776742
8.0,7.6849804
5.0,6.351593
5.0,6.350965
5.0,6.2580605
8.0,7.746289
2.0,3.84069
5.0,6.9176955
8.0,7.268481
8.0,7.7463274
12.0,10.444922
3.0,5.0724936
5.0,5.1531496
8.0,10.304133
8.0,9.740649
3.0,5.21624
12.0,8.484026
5.0,6.2491846
5.0,6.158467
5.0,5.8737645
7.0,6.608265
5.2,6.581188
8.0,7.9892483
12.0,6.766241
3.0,4.926166
12.0,7.0745573
2.0,5.2867584
8.0,7.390809
8.0,7.7679195
8.0,7.395485
8.0,7.110862
6.0,7.2974677
6.0,7.1887836
8.0,7.229069
5.0,6.4911275
3.0,4.879074
8.0,7.7532005
7.0,7.8003454
5.0,6.6782036
8.0,8.436002
5.0,6.268388
2.0,4.980765
5.0,7.3095245
5.0,7.1270003
3.0,4.3444667
5.0,5.901592
8.0,9.807135
12.0,5.515479
8.0,8.447182
8.0,8.239436
5.0,7.51877
5.0,7.0746894
5.0,7.302651
8.0,8.45472
5.0,5.751094
8.0,7.799974
8.0,7.3207364
8.0,8.074877
8.0,10.134854
2.0,4.291533
5.0,7.2297235
8.0,7.5920396
4.0,5.41493
3.0,5.277742
5.0,6.478375
8.0,7.0256205
8.0,7.275744
8.0,8.409389
6.0,6.978175
8.0,7.465448
5.0,6.6767263
12.0,6.7005224
8.0,7.2390876
5.0,5.4889274
8.0,8.592961
2.0,4.9096346
8.0,7.675157
8.0,8.32658
8.0,7.4968414
7.0,7.1016235
5.0,6.4020796
5.0,6.7719555
8.0,7.2817807
8.0,7.4381495
8.0,11.107596
3.0,4.755289
5.0,6.810314
5.0,5.240036
5.0,7.1354127
6.0,7.056957
5.0,6.3516173
8.0,7.7252917
8.0,7.0615096
8.0,9.24255
8.0,6.3642464
8.0,8.351751
5.0,5.747366
5.0,5.797374
5.0,6.849214
5.0,5.542266
8.0,7.6835785
8.0,6.9946547
8.0,7.144479
8.0,8.841038
5.0,6.4232273
5.0,5.5091386
8.0,7.631289
8.0,7.487815
8.0,7.5693
5.0,7.1136055
5.0,6.830596
5.0,6.2998137
5.0,6.1219583
3.0,5.250522
5.0,6.356107
8.0,9.065815
5.0,7.2386837
8.0,8.7651
8.0,8.010391
8.0,6.083316
12.0,6.706598
5.0,5.563393
5.0,5.691177
8.0,7.5769672
45.0,10.371311
2.0,3.1908245
5.0,5.563893
8.0,9.905064
8.0,9.797634
2.0,4.09924
8.0,6.4279823
8.0,7.19582
8.0,8.063638
8.0,8.578568
12.0,9.577466
8.0,7.8334775
8.0,6.5623264
8.0,8.098946
5.0,6.6701202
8.0,9.421205
5.0,6.477171
8.0,7.1413445
5.0,6.9692984
8.0,7.930505
5.0,6.275124
5.0,6.1335087
8.0,9.340723
8.0,7.4498444
5.0,7.6952515
8.0,8.466233
5.0,5.8554683
5.0,6.1195307
5.0,8.614874
8.0,9.676894
5.0,8.468155
5.0,7.03994
45.0,10.501202
8.0,7.3394046
8.0,8.054568
8.0,7.828737
5.0,5.801266
5.0,5.7547727
8.0,10.803386
5.0,5.311129
5.0,7.100283
8.0,8.86876
8.0,7.5194993
5.0,6.529393
8.0,7.972923
5.0,5.6875715
8.0,7.4009576
8.0,7.319984
8.0,8.740737
5.0,6.193705
8.0,7.6371408
7.0,6.488715
8.0,9.462986
5.0,8.88639
8.0,6.601499
8.0,10.494947
8.0,10.220224
3.0,6.7128067
3.0,5.402136
5.0,6.86763
8.0,6.946294
8.0,7.225058
8.0,9.107869
5.0,7.026061
8.0,7.900342
1.0,2.8250964
3.0,4.7485943
12.0,8.179096
8.0,7.097779
2.0,3.1371503
5.0,7.2969866
8.0,7.9325724
8.0,7.6609545
8.0,9.057817
8.0,7.971271
8.0,7.070621
8.0,7.1833496
8.0,7.6999717
5.0,6.8242393
8.0,11.754215
8.0,9.186921
5.0,6.6349916
8.0,9.156761
8.0,11.202961
12.0,7.5508723
5.0,5.9109755
8.0,8.500602
8.0,7.5771422
8.0,7.4951234
5.0,6.4095445
8.0,9.855027
8.0,8.419723
8.0,6.20872
5.0,6.4534383
8.0,8.488093
5.0,6.1109853
3.0,5.4689827
8.0,9.467276
8.0,11.571597
5.0,6.330262
3.0,4.2222285
12.0,7.3027253
8.0,6.4667783
8.0,7.480275
8.0,8.802598
8.0,7.8409805
8.0,11.947082
8.0,11.170438
5.0,7.086951
5.0,4.84549
3.0,6.538364
8.0,9.355427
5.0,6.182203
12.0,6.8114305
8.0,11.084673
8.0,7.6297264
5.0,5.923302
8.0,8.809834
5.0,6.08515
8.0,7.8435655
5.0,6.8292465
8.0,7.66353
8.0,7.072429
8.0,6.8714705
8.0,8.830154
5.0,6.2313976
8.0,10.208823
12.0,5.0217276
8.0,9.490464
5.0,8.326754
8.0,9.102081
8.0,10.43209
5.0,6.384682
3.0,4.970562
8.0,7.4724693
8.0,7.531757
3.0,4.3198895
5.0,6.5977807
5.0,7.422843
8.0,7.491209
8.0,6.650446
8.0,8.237175
5.0,5.794072
8.0,10.42209
8.0,6.411359
8.0,10.276405
7.0,7.4454784
5.0,6.4328413
5.0,6.490535
8.0,9.140101
8.0,8.097601
8.0,7.4524045
3.0,4.7903275
8.0,6.8942213
5.0,6.771985
32.0,10.804837
8.0,8.665262
8.0,7.0478077
5.0,5.608211
4.0,4.951924
5.0,5.054821
5.0,6.6620345
8.0,6.4996266
3.0,6.0099325
8.0,8.029279
8.0,8.524675
5.0,6.69912
8.0,11.464701
8.0,10.125675
12.0,6.9812407
8.0,7.8846035
8.0,8.472111
8.0,8.669044
5.0,6.014165
5.0,5.950386
5.0,5.269993
5.0,6.957592
8.0,7.9591236
8.0,8.059401
5.0,6.5536194
8.0,8.709939
8.0,10.318503
12.0,6.9485965
7.0,7.429348
5.0,5.8210893
8.0,7.186582
8.0,7.367332
5.0,6.166748
8.0,10.464951
5.0,6.050612
5.0,6.7580132
8.0,9.4455
5.0,6.327102
8.0,9.029366
5.0,5.941878
12.0,6.5694985
5.0,6.208285
8.0,9.442127
8.0,6.828168
5.0,5.168237
5.0,5.3190975
8.0,6.6677446
4.0,4.927203
8.0,7.870831
8.0,9.791612
8.0,7.7284617
8.0,6.82229
5.0,6.598586
5.0,6.6952753
7.0,6.462181
5.0,6.304289
8.0,7.605452
5.0,5.349958
5.0,6.5377026
8.0,8.05873
8.0,7.683794
5.0,6.5730734
5.0,6.2206817
5.0,6.352836
8.0,8.80294
5.0,6.316981
5.0,6.5117874
8.0,8.678834
7.0,8.043069
8.0,8.78366
5.0,7.2479663
8.0,8.537986
5.0,6.72033
8.0,10.010383
8.0,10.473473
6.0,6.890939
8.0,7.1540504
8.0,9.629017
3.0,4.611893
5.0,7.190093
8.0,11.398509
12.0,8.110222
5.0,6.3797083
8.0,8.945205
5.0,7.077752
8.0,6.296462
4.0,6.0265245
8.0,6.132963
3.0,5.6834245
8.0,9.73527
5.0,7.775636
5.0,5.604914
5.0,5.2173944
5.0,6.809543
5.0,5.94619
8.0,7.9921885
5.0,6.6666656
5.0,6.783164
5.0,5.918947
3.0,4.843822
12.0,7.9943357
5.0,6.031151
5.0,7.578684
5.0,6.7961435
8.0,8.305564
8.0,6.892158
8.0,8.341055
5.0,5.1578407
3.0,5.9437337
5.0,5.798453
4.0,5.438783
12.0,5.9239464
7.0,6.652781
5.0,6.384351
5.0,5.835456
5.0,7.205592
8.0,9.077712
5.0,6.123693
3.0,5.373003
5.0,6.354136
12.0,7.4206557
5.0,4.174701
8.0,7.113596
4.0,4.6472874
12.0,8.300743
6.0,6.527915
45.0,12.038457
12.0,7.2501507
5.0,6.561235
8.0,9.755671
8.0,6.7298064
8.0,7.1015687
5.0,6.315427
8.0,8.929498
8.0,9.465213
3.0,4.8254666
8.0,6.564506
12.0,7.75961
8.0,6.1531577
8.0,7.410437
5.0,6.0767817
12.0,8.919951
8.0,11.355283
5.0,6.2413616
8.0,7.854721
8.0,7.45961
5.0,6.5174603
8.0,7.0483375
3.0,4.797779
8.0,8.2867
8.0,7.166148
8.2,11.3255005
5.0,5.2758746
4.0,5.3243375
5.0,7.096286
5.0,7.567012
5.0,7.039007
8.0,6.982423
8.0,7.2817965
8.0,10.078908
8.0,8.008526
5.0,6.9920506
12.0,8.028988
8.0,7.3893456
8.0,6.500077
8.0,7.824599
8.0,9.290379
7.0,6.0638824
8.0,8.457739
8.0,10.9839
5.0,6.496643
8.0,7.606388
8.0,7.023066
5.0,7.4503136
8.0,6.6791024
8.0,7.823264
5.0,6.6185174
8.0,10.43933
5.0,5.5603924
8.0,7.2275105
8.0,7.5581894
5.0,6.811307
12.0,6.09638
8.0,10.172135
8.0,10.552354
12.0,9.242544
12.0,9.338931
8.0,13.635973
8.0,8.339499
8.0,6.761311
8.0,8.2029
5.0,6.509041
4.0,6.0227623
2.0,3.8229158
8.0,7.9718366
8.0,8.760994
5.0,5.658949
8.0,6.5949597
8.0,7.366144
8.0,8.373248
5.0,6.03651
8.0,8.850063
5.0,7.9761605
8.0,8.790347
8.0,6.085899
8.0,9.252598
8.0,6.171626
12.0,6.0490785
8.0,10.567305
7.0,6.333953
5.0,6.296958
8.0,7.1705923
8.0,10.460209
8.0,8.547352
3.0,5.0600996
8.0,8.094411
7.0,6.7755837
4.0,5.2730722
3.0,5.2285194
8.0,8.355548
8.0,6.3031535
8.0,9.541852
8.0,7.4778395
8.0,11.247499
5.0,6.3730426
8.0,9.508692
5.0,6.550008
8.0,8.95081
5.0,7.0098944
8.0,7.056385
5.0,5.0326343
8.0,7.56375
5.0,6.861823
5.0,5.794857
8.0,12.3441
8.0,9.514387
8.0,8.734546
5.0,6.1601877
8.0,8.927167
8.0,7.133932
8.0,7.5304627
8.0,7.7332006
12.0,5.1945214
5.0,6.3378606
12.0,7.928747
5.0,7.9463196
4.0,4.573244
5.0,6.6271906
8.0,8.301647
5.0,6.0137744
8.0,8.740699
5.0,7.225044
5.0,6.6402364
7.0,6.4617925
2.0,4.5408387
8.0,9.137324
5.0,6.3815866
5.0,5.194648
5.0,6.1194158
8.0,10.502849
8.0,8.666434
7.0,7.414959
8.0,10.91617
5.0,6.011798
8.0,7.4363556
5.0,5.6859465
8.0,7.721222
8.0,7.4427195
5.0,7.368345
5.0,7.6745615
8.0,6.6469936
8.0,7.915875
5.0,6.8473816
5.0,5.855738
8.0,6.768319
7.0,7.216009
8.0,9.980091
35.0,10.605075
8.0,9.976005
3.0,4.3472834
3.0,4.735819
6.0,7.566367
5.0,6.1807528
8.0,8.298218
8.0,8.339022
8.0,6.5409017
4.0,5.7880445
8.0,6.8303537
8.0,6.659226
8.0,7.27829
2.0,4.6624675
5.0,4.469966
8.0,11.270819
5.0,6.710962
5.0,6.975482
5.0,5.739905
12.0,5.876467
5.0,6.0623546
12.0,7.014951
5.0,5.3604555
8.0,6.7717
5.0,6.3185196
8.0,7.3557043
8.0,8.7815275
8.0,10.115493
5.0,5.5717754
5.0,5.6458697
5.0,5.4070897
8.0,6.2475367
8.0,7.1741714
8.0,8.482644
8.0,9.521347
3.0,5.6225085
5.0,6.720086
8.0,8.651757
5.0,5.994852
3.0,4.872877
8.0,7.9385657
5.0,5.3929048
5.0,6.704301
5.0,5.091278
5.0,6.2163806
12.0,8.163265
8.0,8.672171
5.0,8.201017
8.0,8.18897
5.0,6.1224103
4.0,4.7012863
8.0,8.502463
12.0,9.4229765
8.0,6.968166
8.0,6.8667555
8.0,9.354269
12.0,6.5162706
5.0,6.7643523
8.0,6.977754
5.0,5.417669
8.0,7.5942082
8.0,8.454229
5.0,6.8131714
8.0,10.072843
8.0,7.734209
8.0,7.804475
3.0,6.119894
8.0,7.3295484
6.0,5.9833016
8.0,9.157029
8.0,10.307199
8.0,6.4568224
5.0,5.5188227
5.0,6.333501
8.0,7.9812994
8.0,10.0263405
8.0,6.2067647
5.0,6.98702
5.0,6.7029223
8.0,8.779898
8.0,7.2734256
5.0,7.261984
8.0,8.420557
8.0,8.879633
5.0,4.6466303
8.0,7.1172943
8.0,9.181226
5.0,6.913211
8.0,8.91572
6.0,6.821691
8.0,8.1078
12.0,6.5569277
8.0,9.497164
6.0,5.567476
5.0,5.9885383
5.0,7.0598626
5.0,6.4719925
8.0,8.557835
8.0,9.582653
8.0,8.793494
5.0,5.9826064
8.0,7.686023
5.0,6.778048
5.0,6.346312
8.0,7.6163282
8.0,8.189413
8.0,8.935213
5.0,6.0992637
8.0,7.52155
8.0,7.277168
5.0,8.2523155
5.0,5.863377
5.0,6.233678
12.0,6.7650447
5.0,5.971787
5.0,6.35486
4.0,3.621571
5.0,5.6737165
8.0,7.785615
8.0,7.860339
8.0,9.112832
3.0,4.3348384
8.0,7.569842
8.0,9.490223
12.0,6.7862287
2.0,3.459054
8.0,7.2089434
8.0,6.485468
5.0,6.171836
8.0,10.275605
8.0,7.5970345
12.0,9.207901
8.0,9.853944
8.0,9.487268
2.0,3.572992
5.0,6.3826866
2.0,4.373577
3.0,5.0994487
8.0,7.125972
5.0,5.3433137
8.0,7.070131
2.0,2.9125857
2.0,2.791079
2.0,4.243828
12.0,6.6040664
2.0,3.692669
5.0,5.8674464
8.0,10.525405
5.0,6.5404096
8.0,8.863322
2.0,4.898011
8.0,7.265828
8.0,7.5688066
5.0,6.6515203
8.0,7.589532
8.0,7.978775
5.0,7.0592794
8.0,8.368326
8.0,5.941416
8.0,12.3482685
8.0,8.328221
2.0,3.4880033
3.0,5.89219
4.0,4.0193233
12.0,6.3009934
5.0,5.9331756
8.0,6.946216
8.0,8.662783
5.0,6.0205784
5.0,5.521933
3.0,4.995156
8.0,7.3156557
5.0,5.948221
5.0,6.9445405
8.0,7.9301305
8.0,6.961284
8.0,9.260419
8.0,7.9460063
6.0,6.996191
8.0,8.163798
8.0,9.8638735
8.0,6.868123
8.0,9.726303
5.0,6.3333516
8.0,7.36299
8.0,8.189559
4.0,5.431637
8.0,9.3162565
8.0,7.299037
5.0,7.3161707
5.0,6.3519225
8.0,7.3406124
5.0,6.716358
5.0,7.1748056
5.0,5.4547167
8.0,9.509048
8.0,7.5323315
8.0,7.799122
45.0,13.652472
45.0,9.664989
8.0,7.1960673
8.0,10.24005
8.0,8.823754
5.0,7.619381
8.0,6.168247
12.0,7.9810753
8.0,7.563716
12.0,7.258129
8.0,7.4823527
8.0,10.368888
8.0,8.865334
5.0,5.782847
8.0,8.61838
7.0,7.5898128
5.0,6.4603376
4.0,5.776563
5.0,5.813585
8.0,9.736489
8.0,8.492627
3.0,5.0729046
8.0,7.1863775
3.0,5.241561
5.0,6.1458936
8.0,9.170115
8.0,7.654378
5.0,6.312714
8.0,11.426852
8.0,9.856035
5.0,7.003974
5.0,5.4049616
8.0,7.249245
8.0,8.423932
5.0,5.0657573
5.0,5.6390257
8.0,9.074157
3.0,4.6705055
5.0,5.463802
5.0,6.5105104
8.0,11.039012
8.0,7.90891
8.0,8.752781
8.0,7.018527
8.0,7.4273257
5.0,6.6002355
8.0,10.668209
5.0,6.269669
7.0,7.101247
8.0,10.18695
3.0,5.2743583
5.0,6.4154267
5.0,5.7277865
8.0,7.6163483
5.0,6.559066
5.0,5.547925
45.0,10.57965
8.0,6.8678904
8.0,9.919247
5.0,5.533893
5.0,5.8279805
4.0,5.124162
5.0,5.536733
8.0,8.215623
8.0,7.8797164
5.0,6.73969
8.0,8.907723
8.0,5.622175
5.0,6.801105
5.0,6.7846627
8.0,7.959711
5.0,6.1265316
3.0,4.8892493
3.0,4.145995
8.0,12.375815
4.0,6.954812
5.0,5.8831735
8.0,7.0889416
8.0,6.390654
8.0,9.185143
5.0,5.938675
6.0,7.2574363
8.0,10.483584
2.0,3.8913753
8.0,6.520126
8.0,9.561211
8.0,5.630293
8.0,7.6470475
8.0,11.543142
8.0,7.775853
5.0,6.7330823
8.0,8.578259
8.0,8.1545
8.0,7.984082
8.0,5.5461044
5.0,6.1856565
8.0,9.188285
4.0,6.3219285
8.0,7.735041
7.0,7.4369183
8.0,7.5591187
5.0,5.148434
5.0,6.8259506
8.0,7.662211
5.0,5.236644
8.2,14.041304
8.0,7.0769005
5.0,4.326218
6.0,7.9092946
7.0,6.5599303
8.0,9.310146
2.0,3.3372922
8.0,7.2929373
5.0,6.1469045
3.0,5.3232894
4.0,5.0054293
8.0,8.493117
8.0,8.518708
8.0,8.561907
8.0,9.302242
8.0,10.047986
8.0,6.4151397
8.0,8.2190485
3.0,4.398049
5.0,6.2653394
8.0,10.171679
8.0,6.8636274
8.0,7.252483
8.0,9.612947
4.0,5.6240945
8.0,8.126303
8.0,8.928439
3.0,5.0941978
3.0,5.2156897
8.0,9.115361
8.0,6.1610785
8.0,10.0992155
8.0,8.113149
5.0,5.8558593
5.0,6.357382
5.0,6.0710716
5.0,7.0718102
12.0,7.4953074
8.0,10.439696
3.0,4.3890543
8.0,9.50264
8.0,7.4299846
8.0,7.5612664
8.0,9.962245
5.0,6.479758
8.0,9.3329735
5.0,5.730833
8.0,8.066525
5.0,6.6817503
6.0,9.014333
8.0,5.3610535
8.0,9.525086
5.0,6.0189767
8.0,7.419399
5.0,5.9515853
8.0,7.2684383
5.0,6.6956296
8.0,10.2628355
8.0,8.721068
8.0,7.238666
5.0,6.003142
12.0,7.3717165
8.0,7.5253844
8.0,8.474038
8.0,8.337894
5.0,6.932583
12.0,9.963692
5.0,6.895095
5.0,7.1948357
5.0,6.551394
5.0,6.4051385
45.0,9.625955
8.0,9.22463
12.0,6.1257734
7.0,7.791951
8.0,7.7171216
3.0,4.92745
5.0,6.190401
8.0,7.4442725
5.0,6.0621867
8.0,10.587631
5.0,5.7312293
5.0,6.031446
12.0,6.035202
5.0,6.061914
5.0,5.594329
5.2,6.630045
3.0,4.6750474
5.0,5.666528
6.0,6.933135
8.0,7.798715
5.0,6.2265244
5.0,6.6190367
8.0,10.091072
8.0,7.8814135
8.0,8.537993
5.0,6.268193
8.0,8.3256035
8.0,7.435371
5.0,6.749343
8.0,8.59245
5.0,6.4246683
5.0,6.7158217
5.0,7.584793
5.0,6.2244987
5.0,5.370752
8.0,7.403292
8.0,10.458804
8.0,7.224203
5.0,5.5343504
8.0,8.974873
5.0,7.8310604
4.0,5.1167636
8.0,8.257056
5.0,8.534865
8.0,8.86676
8.0,7.162357
5.0,5.7006507
8.0,10.538427
5.0,5.693865
8.0,8.010044
5.0,6.882561
8.0,7.507202
8.0,8.800904
5.0,7.4619374
8.0,7.745092
12.0,8.433142
4.0,5.5738773
8.0,9.133946
5.0,6.806084
8.0,7.5112715
5.0,5.980897
8.0,9.601744
8.0,9.78036
45.0,10.687621
5.0,6.325516
8.0,6.758027
5.0,6.189295
8.0,7.7871957
5.0,5.249404
8.0,8.508235
8.0,6.0713563
8.0,9.273594
8.0,7.491138
8.0,7.593158
8.0,7.2585044
12.0,9.305069
8.0,9.610586
8.0,9.338586
8.0,9.121233
3.0,4.810526
8.0,6.795812
8.0,9.781366
7.0,7.096199
8.0,7.6351013
5.0,7.2579656
8.0,9.860956
8.0,8.507002
12.0,7.06302
8.0,7.6981983
3.0,3.7691314
3.0,5.342906
8.0,7.1920075
8.0,8.234307
2.0,3.7831528
8.0,6.523573
6.0,6.9519606
5.0,6.13807
5.0,5.4757104
4.0,5.726773
8.0,7.0672345
8.0,10.007104
5.0,6.2739153
5.0,5.5011635
8.0,7.9958735
5.0,5.95833
5.2,9.335692
8.0,7.1937118
4.0,5.7004447
4.0,5.627317
8.0,7.12929
8.0,7.5509295
8.0,7.6062927
8.0,9.230943
8.0,7.090598
8.0,12.169199
8.0,6.3049273
5.0,5.2659616
8.0,8.472008
5.0,6.4096293
5.0,6.483324
7.0,6.2649755
8.0,7.6912518
5.0,6.873139
5.0,7.601533
12.0,11.836572
8.0,7.5035357
8.0,11.520273
5.0,6.5554385
5.0,6.154532
12.0,8.716187
12.0,8.75978
8.0,9.629037
5.0,5.4182487
5.0,5.2303853
7.0,6.546959
8.0,8.832608
5.0,5.7788625
8.0,6.4599442
8.0,7.7894855
8.0,7.4341226
5.0,7.1863146
3.0,6.3661346
8.0,7.1127796
12.0,6.594653
8.0,9.273624
8.0,7.0260277
8.0,8.630572
5.0,6.174137
5.0,6.71879
5.0,7.4485087
8.0,9.575191
5.0,6.6929016
8.0,11.250556
12.0,5.460309
8.0,9.259085
7.0,9.281467
5.0,6.5839753
8.0,7.854185
5.0,5.3728843
8.0,6.6020665
8.0,9.910876
8.0,7.4665885
8.0,6.855445
8.0,10.132398
8.0,7.8474135
12.0,7.1836987
8.0,8.836675
8.0,9.148336
8.0,8.818645
5.0,6.882389
2.0,3.497969
8.0,9.085213
2.0,3.8952477
5.0,6.4131017
8.0,7.2602744
5.0,6.3981643
8.0,6.511666
8.0,7.3921423
5.0,5.596156
8.0,8.250625
4.0,5.858617
4.0,5.7861586
7.0,6.2045455
4.0,6.096413
8.0,11.003637
4.0,4.95395
8.0,9.566749
8.0,9.8396845
5.0,6.4404607
5.0,6.7559595
5.0,6.607272
8.0,7.100801
8.0,7.3912077
8.0,6.9092336
5.0,5.5603137
5.0,6.1745667
8.0,9.111863
8.0,7.8942914
5.0,5.6578946
8.0,8.097516
5.0,7.321861
5.2,7.771262
5.0,6.306297
5.0,6.682356
8.0,9.998415
3.0,5.0431557
4.0,4.9892893
8.0,10.470461
8.0,6.9730725
8.0,6.6448803
8.0,9.321187
5.0,6.3079033
8.0,8.162921
5.0,5.2426624
5.0,7.734594
12.0,7.228614
8.0,6.5327926
8.0,9.65065
4.0,5.617224
8.0,10.375945
8.0,9.652325
8.0,6.644428
5.0,6.9819837
5.0,5.866797
8.0,6.970024
5.0,6.367632
5.0,5.9619007
8.0,10.127862
8.0,9.336351
8.0,9.00857
5.0,5.503381
8.0,9.191306
8.0,9.288505
8.0,10.208548
8.0,6.988252
2.0,3.1035857
5.0,7.119183
5.0,5.450616
3.0,4.129346
5.0,7.573106
5.0,6.186326
5.0,6.073223
8.0,8.5450535
8.0,6.5670886
8.0,10.56064
4.0,5.6837244
7.0,6.6519227
5.0,6.273604
5.0,7.0310555
8.0,7.9788785
1.0,2.237833
5.0,5.327381
5.0,6.4507813
8.0,6.957368
8.0,8.481723
8.0,7.949459
5.0,6.957982
12.0,6.5446453
12.0,6.579068
8.0,6.595678
5.0,5.9825487
5.0,7.7587867
3.0,5.280881
12.0,7.120736
8.0,7.642016
8.0,6.188081
5.0,6.6338496
3.0,5.406349
8.0,8.044287
8.0,10.0752945
8.0,9.120712
5.0,5.9166536
8.0,7.816389
5.0,6.226702
8.0,9.49931
5.0,6.121927
3.0,4.2442646
5.0,6.3875947
8.0,7.1865034
5.0,5.600188
8.0,9.042893
8.0,8.109393
8.0,6.2929544
5.0,6.137226
5.0,6.5710244
8.0,7.809416
4.0,6.213599
8.0,6.728864
12.0,7.5198507
5.0,6.6658297
8.0,9.866328
12.0,7.168522
8.0,6.7754774
8.0,8.430526
8.0,9.339141
2.0,4.5708537
8.0,10.098339
12.0,9.202982
8.0,10.433112
5.0,6.3979263
5.0,5.813029
5.0,6.1252303
5.0,6.128444
12.0,7.466929
45.0,12.137613
5.0,6.455961
5.0,5.2628713
8.0,8.398769
5.0,5.5661273
6.0,6.523828
8.0,6.7510796
8.0,8.355273
8.0,5.5116806
5.0,6.194425
8.0,11.595096
5.0,6.256105
5.2,6.516795
5.0,6.53049
5.0,6.790882
8.0,9.706156
7.0,7.2137485
5.0,7.009969
4.0,5.9287868
8.0,9.215112
1.0,4.5021667
8.0,8.920721
6.0,6.9982586
8.0,7.364504
7.0,7.0828667
8.0,10.607317
5.0,5.4691715
3.0,5.261588
5.0,6.3791637
8.0,7.495851
5.0,5.668212
8.0,10.390722
2.0,4.6002083
8.0,9.140254
8.0,12.030399
12.0,6.958643
8.0,8.656663
8.0,6.478791
8.0,9.448701
8.0,11.567463
8.0,7.3505692
4.0,6.452583
3.0,4.333312
5.0,7.11973
8.2,11.559419
5.0,6.9149666
8.0,9.251196
8.0,10.312465
5.0,6.711668
8.0,9.0295925
8.0,9.247265
4.0,5.880908
5.0,6.397185
5.0,6.2650585
5.0,6.332115
5.0,5.750777
3.0,4.614849
5.0,5.5449796
8.0,10.060037
5.0,5.9442725
8.0,6.8258686
5.0,6.3372383
5.0,5.5938153
8.0,7.8155084
5.0,7.024866
8.0,5.305122
8.0,8.236988
5.0,5.7468166
8.0,10.490875
8.0,10.463808
8.0,6.349657
5.0,6.8216333
5.0,6.8352633
2.0,4.5334387
8.0,7.8663435
8.0,7.5399437
8.0,7.5256443
5.0,6.5560427
8.0,9.5973015
8.0,11.208347
8.0,8.358192
5.0,5.6840506
8.0,9.456213
8.0,9.212893
2.0,5.0706115
8.0,8.82271
8.0,8.262981
12.0,8.762884
5.0,5.888251
8.0,6.9097238
8.0,7.9722233
8.0,6.753953
8.0,7.595621
5.0,7.1638594
5.0,6.0595307
42.0,12.183571
8.0,7.9243355
8.0,8.397567
8.0,7.171755
5.0,6.90942
8.0,7.415553
8.0,7.2540894
5.0,7.629756
8.0,8.59947
5.0,6.0758114
5.0,5.722662
5.0,7.3511677
2.0,3.8424737
12.0,8.018501
8.0,6.6316957
8.0,8.842279
4.0,5.6474876
8.0,9.189069
5.0,6.164252
5.0,6.6262984
8.0,8.030887
5.0,7.5122128
3.0,5.0028715
7.0,7.6302824
6.0,7.0383663
5.0,6.284239
12.0,7.1184707
5.0,6.6062717
4.0,5.4086146
8.0,7.543526
8.0,9.128338
5.0,5.290678
8.0,8.617138
5.0,7.3633513
5.0,6.2485204
5.0,4.9051895
5.0,7.0572143
8.0,7.0421576
8.0,9.50929
3.0,3.5580413
8.0,11.626244
5.0,6.599414
2.0,3.616043
2.0,3.8229957
8.0,11.775275
5.0,6.025604
5.0,6.310736
5.0,5.867016
5.0,6.4222484
5.0,6.0255327
8.0,9.791333
5.0,5.7490177
5.0,6.383623
8.0,6.7638803
5.0,6.5119762
8.0,11.601174
8.0,8.503384
8.0,8.074294
5.0,6.62929
8.0,9.7877035
2.0,3.366476
5.0,6.1165657
8.0,8.70764
8.0,8.052202
5.0,5.653431
5.0,6.373095
5.0,5.796043
6.0,6.9919105
5.0,5.522913
8.0,9.074229
8.0,7.4421816
8.0,7.3202095
5.0,5.749217
8.0,6.919934
12.0,6.7862763
8.0,10.1789055
8.0,7.826674
5.0,6.3145485
8.0,8.595126
3.0,5.1641
8.0,7.589489
5.0,6.8955674
4.0,6.2246513
7.0,7.3413215
5.0,6.2875834
5.0,5.728268
8.0,9.181752
8.0,7.797309
8.0,9.329057
5.0,6.9159746
8.0,6.9032826
8.0,8.1025
8.0,10.099082
8.0,6.398569
8.0,7.1031075
8.0,10.582991
8.0,7.109467
5.0,6.7635503
5.0,6.312142
8.0,7.8921337
8.0,8.528983
5.0,6.7523265
8.0,9.609229
8.0,6.620797
8.0,6.417648
8.0,9.142754
8.0,7.3522787
5.0,6.1312413
8.0,5.16439
7.0,7.973744
5.0,5.4069486
8.0,6.7618546
8.0,11.711294
8.0,9.835022
8.0,7.038827
5.0,5.591286
5.0,6.112481
32.0,11.107779
5.0,5.5702186
8.0,7.379889
5.0,5.2883306
5.0,7.4096665
5.0,6.052836
5.0,6.3046117
3.0,5.086451
8.0,9.740444
8.0,8.790019
5.0,6.6025043
5.0,7.0831103
8.0,9.1281805
5.0,6.077849
5.0,5.535471
5.0,6.8746533
3.0,6.1959724
2.0,2.9628897
8.0,7.410826
8.0,8.373204
5.0,6.320508
8.0,10.479699
8.0,8.423147
5.0,6.2975717
8.0,8.422708
8.0,10.137377
8.0,8.613862
5.0,6.710234
5.0,5.7865796
8.0,7.531652
5.0,7.0425043
8.0,7.4577775
3.0,4.588434
8.0,8.105982
8.0,8.019161
8.0,9.980781
5.0,5.9709663
3.0,6.2749653
5.0,6.513679
8.0,8.546711
8.0,9.599779
5.0,6.365764
8.0,8.161214
5.0,5.917063
5.0,5.0402956
5.0,6.157966
8.0,9.463953
8.0,9.12244
5.0,6.4079113
8.0,7.2168446
8.0,9.204433
5.0,5.2784185
5.0,6.6499724
2.0,4.07662
8.0,9.59554
8.0,11.6130085
5.0,7.903161
8.0,7.089404
5.0,7.4266253
8.0,7.31038
8.0,7.8103857
8.0,10.082132
8.0,7.6448393
12.0,7.7330513
8.0,10.888935
8.0,9.115998
5.0,6.404702
8.0,9.321818
8.0,8.430758
8.0,7.882648
8.0,8.852617
8.0,8.821978
8.0,5.672477
45.0,9.377023
5.0,5.428468
8.0,9.238171
5.0,5.540036
8.0,7.338602
8.0,6.8240337
8.0,7.490084
8.0,9.779955
8.0,7.274812
8.0,7.8254566
8.0,9.293697
8.0,8.336918
5.0,6.8783064
8.0,7.69993
5.0,5.3307166
8.0,8.711665
2.0,2.8495896
8.0,9.440519
8.0,6.122723
45.0,12.651831
5.0,5.9830894
8.0,6.4199524
5.0,6.261032
8.0,7.6108136
8.0,7.783773
3.0,5.812827
5.0,6.3386784
2.0,4.7300763
5.0,5.9021044
8.0,8.031287
8.0,6.71588
7.0,6.6647716
8.0,8.5712
8.0,7.7659287
5.0,6.410309
8.0,6.5856156
8.7,10.732916
5.0,6.3465714
8.0,7.1660776
8.0,7.8153744
8.0,6.9229383
8.0,7.417687
5.0,6.924324
8.0,7.4481435
8.0,8.702263
4.0,5.575203
8.0,7.7204504
2.0,3.8905172
8.0,9.291263
8.0,9.363842
3.0,4.6255994
2.0,4.0612087
5.0,5.997
8.0,8.527205
8.0,8.960434
5.0,6.999239
8.0,8.145798
12.0,8.251411
8.0,10.861724
8.0,7.673358
8.0,7.3749228
5.0,6.61096
5.0,8.244348
5.0,5.4703417
8.0,10.233828
8.0,7.6963696
6.0,7.0273156
7.0,7.996517
8.0,7.356366
5.0,6.4711747
3.0,4.8025146
5.0,6.377253
2.0,5.052033
2.0,4.7403765
8.0,11.229791
5.0,6.061559
8.0,8.275654
3.0,5.250002
8.0,8.014033
8.0,8.401183
5.0,7.1019907
8.0,9.140801
12.0,6.184173
5.0,6.7192554
5.0,6.2688494
8.0,7.9791865
8.0,8.155485
5.0,6.3845935
5.0,5.925516
12.0,6.0648465
8.0,9.545835
4.0,5.939709
8.0,11.180967
5.0,6.257186
8.0,8.373813
5.0,5.0054817
5.0,6.3222094
5.0,7.5888805
8.0,9.601393
8.0,10.189761
8.0,8.293842
8.0,8.381597
5.0,6.169726
5.2,6.6640706
2.0,4.9451156
8.0,8.956124
5.0,5.198694
3.0,6.2090044
5.0,5.5965657
5.0,4.6120496
5.0,6.1700873
12.0,7.3142166
3.0,5.5062623
5.0,7.4014273
3.0,5.6132584
12.0,9.1746
8.0,6.8978047
8.0,8.633592
5.0,5.704661
8.0,11.295274
8.0,8.593345
8.0,8.381727
8.0,5.83598
5.0,6.733288
8.0,6.739623
5.0,6.623641
8.0,8.247602
8.0,10.5008745
8.0,7.6841044
5.0,6.5789766
12.0,6.31145
2.0,3.5573184
5.0,6.9372277
5.0,6.922476
8.0,8.281378
5.0,5.2759433
5.0,6.007015
5.0,6.16658
8.0,7.485807
8.0,9.798109
5.0,6.2448916
0.2,2.9051175
8.0,9.656623
6.0,6.70596
3.0,5.4247985
5.0,6.2506685
8.0,7.3733664
8.0,8.21641
8.0,7.737671
8.0,10.025567
5.0,6.7028165
8.0,8.249709
8.0,6.750817
8.0,6.7142096
5.0,6.020566
6.0,6.438814
8.0,7.327246
6.0,6.921409
5.0,5.6713486
5.0,7.3466387
8.0,6.9057407
8.0,8.606705
8.0,9.809634
8.0,7.8438306
5.0,4.8616505
8.0,10.920174
5.0,6.3110223
8.0,7.545307
5.0,6.3862114
8.0,11.69784
12.0,7.7247767
5.0,7.0988784
4.0,6.5724754
8.0,9.435308
8.0,7.4132223
5.0,5.7063975
5.0,6.1307693
5.0,4.8326626
8.0,8.346649
8.0,10.894045
8.0,10.052742
42.0,8.71162
5.0,6.2757034
8.0,7.3852634
8.0,6.589304
5.0,6.3206816
8.0,10.51406
8.0,6.9994392
5.0,6.244182
6.0,7.1935916
12.0,6.3293805
8.0,8.8134775
8.0,7.8963227
8.0,5.910825
8.0,10.800307
8.0,9.81478
5.0,5.9061527
8.0,7.1525846
5.0,4.8830223
2.0,5.107835
8.0,11.840293
8.0,7.542536
8.0,5.1864433
8.0,10.103325
8.0,6.734631
8.0,7.1060624
5.0,6.6765437
8.0,9.18007
4.0,5.939985
5.0,6.2480826
7.0,7.465845
8.0,7.281189
3.0,4.320941
8.0,5.441554
5.0,6.416823
3.0,5.1192784
8.0,8.789718
8.0,7.9378457
8.0,8.91927
5.0,6.047234
8.0,7.819697
3.0,5.7679863
8.0,8.15078
8.0,9.49105
5.0,5.993222
5.0,6.0048537
8.0,9.432969
8.0,12.359087
8.0,9.4052515
8.0,7.010994
8.0,6.369382
5.0,5.949685
5.0,9.783681
8.0,5.9558554
8.0,9.151622
8.0,6.5232434
12.0,9.349123
5.0,6.5309215
5.0,5.6102104
5.0,4.6833477
8.0,7.697
2.0,2.7244442
12.0,6.8477187
8.0,7.386305
8.0,8.4683695
5.0,6.472725
8.0,8.358324
8.0,6.1246824
8.0,7.2817683
5.0,6.3695116
5.0,5.705536
8.0,7.508288
8.0,7.859629
12.0,7.5393457
5.0,6.7694197
8.0,7.8844786
5.0,6.283049
12.0,6.9676313
8.0,7.7465644
12.0,7.970559
8.0,7.298819
5.0,6.5238147
8.0,10.104948
8.0,7.8314047
5.0,5.9394674
3.0,5.236991
8.0,8.322697
8.0,9.489065
8.0,7.0049314
3.0,5.0228386
8.0,8.159171
5.0,5.7727833
5.0,7.0187693
8.0,10.280987
45.0,12.072565
8.0,6.782991
5.0,6.006421
5.0,5.6258135
8.0,9.527842
12.0,7.126721
8.0,8.284642
5.0,6.4361086
5.0,7.0061893
8.0,10.937595
8.0,7.5081396
8.0,8.656455
5.0,5.6908646
8.0,10.022401
5.0,4.5511336
8.0,9.881349
8.0,9.037555
5.0,6.9890847
5.0,5.625366
8.0,8.841988
8.0,7.8444543
8.0,9.103983
5.0,5.388686
5.0,5.8673005
8.0,9.529369
8.0,6.7584763
8.0,8.027091
5.0,4.62618
5.0,6.762976
5.0,6.0586896
8.0,9.531332
8.0,8.067618
8.0,9.210296
8.0,7.417788
8.0,7.097833
8.0,6.0516706
5.0,6.1512036
4.0,4.9006624
42.0,9.523847
8.0,6.735012
5.0,5.8941464
5.0,5.343065
5.0,5.578436
5.0,7.0365944
5.0,5.743392
5.0,5.132495
2.0,5.680548
8.0,6.6540313
8.0,7.5304437
5.0,5.6635003
12.0,7.9392667
5.0,6.8180113
3.0,4.5913415
5.0,6.236616
12.0,6.957039
8.0,10.093317
5.0,6.197056
8.0,7.6302013
3.0,5.906377
8.0,7.1537585
5.0,5.3137984
8.0,6.5524745
8.0,7.2627673
8.0,8.300477
8.0,9.815218
6.0,6.8592286
8.0,7.8356414
5.0,5.508748
8.0,7.627904
5.0,5.9163604
8.0,6.392911
8.0,8.715538
5.0,6.05687
8.0,8.053239
8.0,10.586308
5.0,7.4855022
8.0,8.265191
4.0,5.265319
12.0,8.632659
6.0,7.176194
8.0,8.092985
8.0,7.8812084
8.0,7.224278
5.0,6.5907617
5.0,7.394424
8.0,7.162502
4.0,5.2546844
8.0,10.799254
2.0,6.6766186
8.0,7.812232
8.0,8.977891
8.0,9.54583
8.0,6.238733
8.0,10.713776
3.0,5.383431
8.0,7.6750116
2.0,4.2092657
4.0,5.8352423
5.0,6.151356
5.0,5.761952
8.0,11.56941
2.0,4.479821
5.0,6.1663
8.0,7.7120924
8.0,7.360125
5.0,6.775819
12.0,6.4737487
7.0,7.6165304
8.0,8.229527
8.0,8.258141
5.0,6.3408246
3.0,4.914045
5.0,7.742051
8.0,10.662968
8.0,7.7687716
8.0,8.820395
8.0,8.303819
1.0,3.8439872
3.0,5.833289
5.0,6.584176
12.0,8.484379
8.0,9.452859
12.0,6.448917
8.0,9.906447
8.0,8.358912
8.0,10.658515
3.0,5.5930505
5.0,6.5651317
8.0,9.303565
8.0,10.928568
5.0,5.723373
5.0,6.585874
12.0,8.975386
3.0,5.612439
5.0,5.939043
5.0,6.626825
8.0,7.9744263
3.0,4.727374
45.0,11.391832
5.0,9.71785
5.0,6.7947803
8.0,7.85598
8.0,6.989229
8.0,12.259691
5.0,6.4272323
8.0,5.78328
8.0,8.616115
5.0,5.8971796
5.0,5.241161
5.0,5.947248
8.0,7.5891485
8.0,7.928365
8.0,6.8170185
5.0,5.9348135
8.0,7.6630206
8.0,7.323978
8.0,7.7384343
8.0,9.5648
8.0,8.433563
8.0,7.5325007
8.0,7.4466486
8.0,6.615548
8.0,9.350769
8.0,7.987145
5.0,6.4891562
5.0,5.739031
5.0,4.9860716
5.0,6.2048626
8.0,7.346833
5.0,5.9184585
3.0,4.3699055
5.0,6.653552
8.0,6.86091
5.0,6.446116
8.0,9.375282
2.0,3.4606998
12.0,11.9693365
8.0,8.635969
2.0,4.359532
8.0,7.743348
3.0,4.2525997
8.0,6.9236574
1.0,3.2864125
3.0,5.9835763
6.0,5.4544287
5.0,5.6026416
8.0,7.1894903
8.0,8.363958
3.0,5.3866158
8.0,8.682777
4.0,6.14875
8.0,8.4940605
12.0,7.870549
12.0,5.8311872
8.0,9.4984
5.0,7.095343
5.0,5.482836
5.0,6.808982
8.0,9.602486
8.0,8.233401
8.0,7.6679974
8.0,8.682112
7.0,7.708503
8.0,7.457398
8.0,7.629236
5.0,5.70537
8.0,7.030654
3.0,5.191284
12.0,6.9246364
12.0,7.4428787
8.0,7.43974
8.0,6.5018034
8.0,11.405644
2.0,3.9554646
8.0,10.670152
8.0,6.821666
8.0,10.083004
8.0,12.173721
5.0,6.9230337
12.0,7.295184
5.0,7.752105
8.0,7.588925
7.0,6.2541714
8.0,7.552052
8.0,6.9943633
6.0,7.0761614
8.0,7.4770536
8.0,10.801549
8.0,9.437767
8.0,7.220306
5.0,6.424552
5.0,6.3188996
8.0,8.270518
8.0,9.807467
8.0,8.0524025
8.0,10.459036
3.0,5.275511
5.0,5.7130575
5.0,6.2212267
5.0,6.423184
5.0,6.582968
5.0,6.054582
8.0,9.04087
8.0,11.113072
5.0,6.5867343
5.0,6.68232
5.0,7.1718554
12.0,5.945713
12.0,8.862574
8.0,9.349641
8.0,7.1744766
5.0,3.8928921
5.0,5.683636
3.0,5.258894
8.0,10.670724
8.0,8.731558
8.0,6.597454
8.0,8.213406
7.0,6.703132
5.0,7.287992
5.0,7.146514
8.0,9.46372
5.0,6.702172
8.0,8.506145
8.0,7.592481
8.0,7.6349015
8.0,9.84394
5.0,7.2565637
8.0,11.03164
8.0,10.056777
5.0,6.3836684
3.0,5.3602037
5.0,6.8671823
8.0,7.660992
8.0,12.453407
5.0,6.464041
8.0,7.897058
8.0,6.1707807
7.0,6.8352227
8.0,8.0838375
8.0,7.7859325
8.0,10.20231
7.0,7.215
8.0,8.71508
5.0,7.106923
8.0,8.633393
8.0,6.8056326
5.0,6.8075857
8.0,11.384181
3.0,4.7857566
5.0,6.6778054
5.0,5.2834444
5.0,6.376155
7.0,6.587618
5.0,7.3538976
8.0,7.6222296
8.0,8.326134
2.0,4.6504307
8.0,6.801667
8.0,8.362131
8.0,9.207957
8.0,11.06115
8.0,7.1748023
8.0,11.180015
8.0,11.552489
5.0,5.897767
8.0,7.368284
5.0,6.0801682
8.0,7.7088056
8.0,11.355673
8.0,8.133577
8.0,7.9196463
8.0,7.153708
5.0,6.251618
8.0,8.082069
5.0,6.581216
8.0,9.167803
5.0,5.9282684
8.0,7.199854
8.0,9.980837
5.0,5.7575846
8.0,8.878432
12.0,10.03678
8.0,7.436019
8.0,8.576091
5.0,6.552784
5.0,8.314043
3.0,5.180447
5.0,6.5558457
5.0,6.4765944
5.0,6.0918016
3.0,5.588907
8.0,9.222232
2.0,6.0804567
5.0,7.7791314
8.0,9.054822
5.0,6.398743
8.0,8.797732
5.0,6.8062325
8.0,8.572489
5.0,6.223979
3.0,5.5169973
12.0,6.083638
12.0,9.243672
4.0,5.850338
3.0,5.8343935
8.0,8.360639
8.0,8.625382
5.0,6.9166427
8.0,6.8601975
5.0,5.3202195
8.2,9.161904
8.0,9.79563
8.0,9.452857
8.0,7.5421853
8.0,10.41614
8.0,9.499138
3.0,5.159807
5.0,7.1900907
5.0,5.04129
7.0,7.086032
8.0,10.414132
5.0,7.252195
5.0,5.9396877
8.0,10.046109
8.0,8.582912
8.0,8.591901
7.0,9.19799
8.0,9.536593
5.0,6.490415
12.0,8.828741
5.0,8.307321
8.0,8.549076
5.0,6.807935
5.0,6.3972497
8.0,10.547868
5.0,5.8518395
5.0,6.516439
8.0,8.626269
8.0,8.433061
5.0,7.088622
8.0,11.877267
8.0,8.814581
3.0,4.186886
8.0,6.418739
8.0,9.89741
8.0,7.1748967
8.0,7.5589194
5.0,7.088816
5.0,5.8733597
5.0,7.0599008
4.0,5.4830985
7.0,9.927762
8.0,7.73597
5.0,6.026584
5.0,6.738768
3.0,4.7426457
8.0,7.4459205
8.0,8.875342
8.0,9.803121
8.0,10.080102
8.0,10.70234
8.0,9.660106
5.0,6.3048096
8.0,11.372835
5.0,6.6005707
8.0,7.9256225
5.0,6.5286713
7.0,7.712188
8.0,8.770804
5.0,5.7640047
8.0,7.752643
8.0,6.9476204
5.0,6.507769
8.0,8.383225
8.0,6.912794
8.0,11.258391
5.0,6.3941717
8.0,8.289608
5.0,6.743293
3.0,5.822819
8.0,6.7976594
5.0,5.89241
8.0,7.296069
8.0,7.783626
8.0,7.9115667
5.0,6.1075344
5.0,5.778814
8.0,6.915069
8.0,9.350202
8.0,9.981869
8.0,6.9635677
8.0,8.382438
8.0,9.020065
3.0,4.4489493
5.0,7.5344477
8.0,10.635332
5.0,5.9485536
8.0,8.324632
45.0,12.21801
45.0,9.951123
5.0,6.7182016
2.0,5.059806
8.0,7.318414
8.0,8.509599
8.0,6.987245
3.0,5.692892
5.0,7.785539
8.0,6.777929
5.2,6.0176916
8.0,12.110697
12.0,6.079561
5.0,5.775034
8.0,7.717241
8.0,8.822947
5.0,6.243035
8.0,8.662495
8.0,8.340001
6.0,8.3537035
5.0,5.4984636
8.0,7.098639
5.0,4.7260246
7.0,8.035336
5.0,5.0484343
8.0,9.649063
5.2,6.4704986
8.0,7.1175327
5.0,5.863411
8.0,7.0816417
5.0,5.51804
8.0,7.43922
5.0,7.2538004
8.0,10.7824745
8.0,9.357861
8.0,9.195479
8.0,8.452711
8.0,5.7526636
5.0,6.146898
8.0,10.424317
2.0,4.475613
8.0,9.8745775
5.0,5.3941627
5.0,6.032635
8.0,6.7494893
5.0,6.419391
8.0,7.043462
5.0,5.371971
12.0,7.651662
5.0,6.5894165
8.0,7.8785486
8.0,9.04376
5.0,6.360709
8.0,9.486282
8.0,8.536566
8.0,7.154171
12.0,6.9407773
2.0,3.913915
5.0,6.055286
6.0,6.8055286
5.0,7.0071955
8.0,10.860912
8.0,7.4084306
8.0,9.073975
4.0,5.6903687
4.0,5.281446
5.0,6.219229
8.0,10.61837
8.0,8.983479
8.0,10.85802
8.0,9.927119
1.0,3.3905559
5.0,5.107166
5.0,5.9581685
8.0,8.178212
8.0,7.5279694
3.0,4.710679
5.0,7.76022
5.0,7.2804246
8.0,6.9482436
8.0,8.987777
8.0,7.4355326
5.2,6.755052
5.0,5.942071
8.0,8.284767
2.0,2.6514728
8.0,6.7703056
8.0,7.570412
0.0,3.4295056
8.0,9.033402
5.0,6.5058846
8.0,6.878912
8.0,8.9244375
8.0,7.2719145
8.0,8.024889
8.0,10.882687
3.0,5.0214567
6.0,6.8629165
5.0,6.20498
4.0,5.6228414
2.0,4.4408298
5.0,6.636802
8.0,8.278113
2.0,4.187427
8.0,7.7500196
8.0,9.093346
8.0,10.562235
8.0,10.208793
8.0,6.042925
8.0,9.5655
8.0,7.1706586
8.0,11.056345
45.0,11.004996
8.0,6.0321074
5.0,6.8951106
12.0,6.6510653
8.0,12.520039
8.0,7.666465
5.0,6.0893307
8.0,8.524612
8.0,12.087624
8.0,7.937256
8.0,7.8823004
6.0,7.5178156
12.0,10.029979
8.0,6.3985906
5.0,6.80779
8.0,6.902771
8.0,11.506665
8.0,10.067676
5.0,6.705119
8.0,6.3577332
5.0,6.872833
8.0,7.500984
5.0,6.4674697
5.0,5.812582
12.0,8.059881
5.0,6.603485
5.0,6.5671163
8.0,12.264759
12.0,9.577491
5.0,6.627506
5.0,6.7489157
5.0,6.024268
5.0,5.6902018
8.0,7.5701284
5.0,6.6578894
8.0,8.3754225
8.0,9.322626
8.0,8.05437
8.0,8.863538
5.0,5.7175016
5.0,6.875068
7.0,6.887817
5.0,5.136448
8.0,7.7622666
3.0,5.5174503
8.0,7.0242558
8.0,7.6418676
7.0,6.9205813
8.0,7.1020412
5.0,6.86239
8.0,7.7366676
8.0,12.411789
5.0,5.809456
8.0,9.219852
5.0,6.2776623
5.0,6.7702284
8.0,9.727753
5.0,7.6688857
8.0,6.877394
8.0,9.856459
5.0,5.737424
8.0,8.826515
8.0,6.704204
12.0,8.290809
8.0,8.541826
8.0,7.612642
8.0,8.189907
5.0,6.7432156
8.0,9.834682
12.0,7.956268
8.0,7.110367
2.0,4.27518
8.0,9.365007
5.0,6.855722
5.0,7.319599
4.0,5.2517157
5.0,6.6821384
8.0,10.030554
5.0,6.8123603
8.0,6.781606
8.0,6.241404
8.0,9.086567
8.0,7.862055
2.0,3.803788
5.0,6.0411406
5.0,5.568025
8.0,6.0848675
5.0,5.6779213
12.0,8.074828
3.0,5.435443
8.0,8.984656
12.0,7.053156
3.0,5.1480575
8.0,7.1395698
8.0,8.730509
8.0,8.378547
8.0,8.744079
8.0,8.9182
8.0,9.510675
8.0,9.317362
4.0,5.5015955
5.0,7.7852373
8.0,8.307948
12.0,6.724533
8.0,7.045664
5.0,6.2268806
8.0,9.972097
8.0,8.682503
8.0,8.486628
8.0,7.3544335
5.0,6.3534474
8.0,7.3318496
8.0,7.8987603
5.0,6.607921
8.0,7.4542303
8.0,9.5911255
12.0,6.35662
8.0,11.688521
3.0,5.584698
8.0,7.285021
5.0,5.8007116
8.0,6.837903
5.0,6.3562994
3.0,5.2229967
5.0,6.0676317
8.0,7.472733
8.0,6.7698865
5.0,6.0186496
8.0,9.568017
8.0,8.3363495
8.0,12.205736
8.0,10.603847
5.0,5.647702
3.0,6.3211265
5.0,6.9182644
8.0,10.126098
5.0,7.1102834
4.0,5.0362306
5.0,6.6402464
8.0,10.706889
8.0,10.790615
3.0,5.1864414
5.0,5.840979
8.0,9.476681
5.0,5.7425814
5.0,6.3536606
5.0,6.955969
12.0,6.923442
8.0,9.658754
8.0,7.8596654
2.0,3.5562482
3.0,6.0461445
5.0,7.276148
8.0,7.5770535
2.0,3.4352732
8.0,9.382747
5.0,6.563311
6.0,7.2207394
3.0,5.085627
5.0,6.1334686
5.0,6.157388
1.0,3.034787
12.0,6.3660293
12.0,7.561731
12.0,7.6902637
8.0,8.989485
5.2,6.631638
7.0,7.9736047
8.0,7.527578
8.0,8.881948
5.0,6.802922
5.0,5.8949814
8.0,7.1331444
8.0,13.3642845
5.0,6.0845566
5.0,6.43793
5.0,7.64341
8.0,7.357727
5.0,6.326865
8.0,9.315423
7.0,7.113119
8.0,9.4305725
32.0,10.634699
8.0,7.4453187
5.0,6.5974197
8.0,9.513885
8.0,5.8486414
5.0,6.2426753
8.0,8.07118
8.0,7.0732565
8.0,10.521146
5.0,6.1849127
5.0,5.8455153
8.0,6.2204876
5.0,6.353429
8.0,6.891836
8.0,7.555401
2.0,3.9055252
8.0,7.3239064
5.0,7.01204
8.0,6.9026318
5.0,6.9597654
5.0,6.349728
8.0,9.190157
5.0,5.6896625
5.0,5.735746
8.0,6.8904934
8.0,10.128317
8.0,9.790413
8.0,7.1097465
8.0,6.6140966
8.0,6.927078
5.0,6.4580755
8.0,7.938322
5.0,7.0404906
5.0,6.3965354
7.0,7.294616
8.0,7.888975
8.0,9.018976
5.0,6.42221
8.0,6.0846047
5.0,6.642824
5.0,6.7995443
5.0,6.540815
4.0,5.8869286
5.0,5.7156415
5.0,5.173639
5.0,6.140326
5.0,6.034977
8.0,5.7079997
12.0,10.847232
5.0,6.3900223
5.0,6.447172
5.0,6.8645167
8.0,7.2597
5.0,4.6575017
5.0,5.746203
5.0,7.762188
8.0,8.054442
8.0,7.3077683
5.0,6.702197
8.0,5.785828
8.0,9.872531
8.0,8.262143
8.0,9.308914
8.0,9.852255
7.0,7.104075
5.0,5.8858957
8.0,8.465787
8.0,7.725851
8.0,8.501099
8.0,7.4153485
0.2,2.7341306
8.0,8.980653
7.0,7.1774125
12.0,4.304503
5.0,6.1253815
5.0,7.134766
5.0,8.297347
8.0,9.101729
8.0,6.3280587
5.0,7.1693897
12.0,10.695215
12.0,7.9435387
8.0,9.447201
12.0,6.779958
6.0,6.6032505
5.0,7.978084
8.0,8.825736
8.0,9.647364
8.0,7.6210628
4.0,5.441917
5.0,6.7246804
5.0,7.2231026
5.0,7.5790014
5.0,6.287206
5.0,5.037863
5.0,5.7928677
5.0,6.0986404
2.0,3.3692455
8.0,8.462167
3.0,4.340146
8.0,7.3437977
5.0,6.7939277
8.0,9.709855
8.0,6.5577803
5.0,6.7838078
3.0,4.9264426
8.0,7.9891367
5.0,7.4142065
5.0,6.2638845
8.0,9.52869
8.0,10.954034
5.0,6.9448986
5.0,6.07656
8.0,7.3599067
5.0,5.770465
8.0,8.138375
12.0,7.4427032
12.0,7.605599
3.0,5.7850404
8.0,7.52958
8.0,8.717258
8.0,8.961804
5.0,4.827619
8.0,7.857376
5.0,6.50051
8.0,8.320666
8.0,11.359358
3.0,5.2546244
45.0,10.047517
8.0,7.044659
12.0,8.936054
3.0,6.5735874
8.0,9.521817
2.0,3.83636
3.0,4.900018
3.0,5.0462017
5.0,6.130487
8.0,6.8734813
12.0,7.974143
8.0,7.619039
5.0,6.9857364
8.0,10.136228
8.0,9.476286
5.0,6.1050797
5.0,5.3535185
8.0,11.718411
8.0,8.224401
5.0,6.5191674
12.0,7.430528
5.0,5.183091
8.0,7.283343
4.0,5.4066105
5.0,6.429117
8.0,8.437732
42.0,11.21266
12.0,5.640838
5.0,5.638917
5.0,6.566139
15.0,7.5408845
5.0,6.347648
5.0,7.1192503
5.0,6.3518047
8.0,7.760028
5.0,7.7822704
3.0,5.371427
5.0,7.1149235
5.0,5.9824095
5.0,6.8734245
8.0,7.682188
8.0,9.982192
5.0,6.708259
8.0,10.591917
2.0,3.1118217
5.0,6.797973
8.0,9.931189
5.0,5.8391943
5.0,6.832149
8.0,8.908099
8.0,6.888037
12.0,5.3244205
8.0,9.557046
4.0,4.9465904
5.0,6.8938828
4.0,5.5427446
8.0,7.8774214
8.0,8.741413
8.0,6.951921
8.0,7.037947
7.0,8.433285
8.0,8.326436
5.0,7.1541758
8.0,6.730212
5.0,6.329685
8.0,8.326383
8.0,6.625347
5.0,6.0900483
5.0,5.0877304
3.0,4.6603794
2.0,3.3678823
5.0,6.582278
8.0,10.464684
7.0,6.622538
8.0,7.7483277
5.0,5.6555634
5.0,5.483829
4.0,5.0013385
8.0,8.086935
5.0,6.275504
12.0,6.72058
5.0,6.0049996
6.0,7.0445356
8.0,6.879831
3.0,4.3196836
5.0,6.7345576
8.0,9.313785
12.0,7.2590914
5.0,6.736163
8.0,8.461771
5.0,5.943275
5.0,7.4782653
5.0,5.6954036
5.0,7.605303
8.0,7.1543684
8.0,7.7323074
8.0,8.1431055
8.0,7.908622
8.0,7.577786
5.0,5.249303
5.0,3.8933203
8.0,6.7506623
8.0,8.68968
5.0,7.4283996
5.0,5.67542
5.0,6.3038735
5.0,6.297677
12.0,7.6252017
12.0,5.73455
8.0,8.299457
5.0,5.709188
45.0,13.360115
5.0,6.58528
5.0,5.9202003
8.0,12.957305
12.0,6.9445863
8.0,8.446229
5.2,7.115312
8.0,9.014258
5.0,6.1500173
12.0,10.32692
8.0,8.116599
12.0,6.1485434
5.0,5.813291
8.0,11.878102
8.0,7.137994
8.0,7.982434
6.0,6.141731
5.0,6.8580885
8.0,9.344051
12.0,10.787356
8.0,8.06163
8.0,7.199571
12.0,7.023386
8.0,11.39674
5.0,6.06227
5.0,6.7101793
8.0,10.297382
8.0,11.3582945
5.0,6.6580358
5.0,5.867257
8.0,7.6458597
8.0,6.4224277
8.0,7.148424
8.0,8.809672
8.0,9.668646
12.0,8.772316
8.0,9.131498
5.0,6.383363
8.0,12.9824915
2.0,3.1627364
5.0,6.211834
8.0,6.414327
8.0,11.598938
5.0,6.6836915
8.0,11.7138
2.0,4.23312
8.0,7.5540996
5.0,5.789077
8.0,8.411001
12.0,4.8578043
8.0,7.528654
8.0,7.9851775
8.0,6.764972
8.0,6.2152505
8.0,6.713186
8.0,7.159949
5.0,5.635439
8.0,10.002117
8.0,7.943891
5.0,5.839198
32.0,10.694536
8.0,6.7498426
8.0,7.529067
8.0,7.643096
5.0,6.4447136
8.0,8.407646
5.0,5.545352
2.0,4.227138
8.0,10.560623
8.0,8.171846
7.0,8.4914875
8.0,7.259682
5.0,6.5991797
8.0,6.628546
8.0,8.635602
8.0,9.297619
8.0,7.677
5.0,5.8465853
12.0,7.588769
8.0,7.63084
5.0,6.344623
1.0,2.6918616
5.0,5.0447135
5.0,6.9493265
5.0,6.8965006
8.0,9.854374
8.0,9.022737
8.0,7.13901
8.0,7.9378376
8.0,7.658586
4.0,6.4057612
8.0,10.791618
12.0,6.459584
8.0,8.565484
5.0,5.3995056
8.0,7.6044064
8.0,9.807381
5.0,7.011264
5.0,5.8652883
8.0,6.603984
8.0,8.934552
5.0,5.7037077
2.0,4.828817
4.0,6.1228223
8.0,10.016978
8.0,8.131355
5.0,5.5648923
7.0,6.223237
5.0,6.836335
8.0,9.726337
42.0,14.284105
5.0,6.1085315
8.0,9.507273
2.0,4.1372657
5.0,6.320486
5.0,6.6144896
5.0,6.5005665
3.0,3.8663826
5.0,6.693404
8.0,7.5714593
5.0,5.6609373
3.0,4.6828604
8.0,8.863329
5.0,6.431946
8.0,8.014067
8.0,7.052704
5.0,6.7051044
8.0,8.345862
5.0,6.388843
3.0,5.2462482
3.0,4.848817
5.0,5.0001287
8.0,8.218355
7.0,7.2759185
8.0,11.075073
5.0,5.7811127
5.0,6.146189
8.0,6.9269557
5.0,6.2964134
8.0,8.890673
8.0,8.6846485
4.0,5.637581
8.0,10.250749
5.0,6.427017
5.0,7.131337
8.0,8.802586
15.0,10.704323
8.0,8.044675
8.0,7.1017895
8.0,8.220098
5.0,5.976052
7.0,6.9045467
8.0,8.681293
5.0,6.259836
8.0,8.926554
5.0,5.4013667
5.0,7.1882014
8.0,10.24321
8.0,11.142405
8.0,6.20558
5.0,8.086289
8.0,8.989728
12.0,6.4878063
8.0,6.2145195
8.0,7.730612
5.0,5.715148
2.0,3.9667785
8.0,7.4799414
5.0,5.688997
6.0,5.840351
8.0,8.745582
7.0,8.478946
5.0,6.468899
8.0,9.455375
12.0,7.9510546
8.0,5.9436965
8.0,7.600727
8.0,7.9641705
8.0,7.889455
8.0,8.158755
5.0,5.8737545
5.0,6.6117096
5.0,6.356016
4.0,5.698321
2.0,5.0112233
8.0,7.640293
8.0,7.773365
5.0,5.46211
12.0,6.0964966
8.0,10.67724
5.0,6.221024
8.0,9.632645
8.0,7.654611
8.0,8.137855
5.0,6.535551
8.0,5.939309
6.0,6.7212467
5.0,6.4525585
8.0,7.143499
5.0,6.004135
5.0,5.8567896
7.0,7.681702
8.0,7.212032
8.0,8.2201
8.0,10.799287
8.0,11.208933
5.0,7.2403073
5.0,3.4669096
8.0,8.684902
8.0,9.435409
8.0,9.235112
5.0,7.3818474
8.0,8.196266
5.0,6.456908
5.0,6.662832
3.0,4.7773643
8.0,7.596548
5.0,6.847059
8.0,8.448372
8.0,7.7318873
6.0,7.3970847
2.0,3.1113164
8.0,9.268848
5.0,6.814535
8.0,9.685902
7.0,7.6254625
8.0,7.1982408
8.0,11.079649
6.0,6.654307
5.0,6.4429955
7.0,8.128791
8.0,6.3868217
8.0,11.61809
5.0,6.2773724
8.0,8.323957
5.0,6.4936523
5.0,8.51631
8.0,8.148106
8.0,8.231681
5.0,6.291953
5.0,8.703362
8.0,5.8879056
5.0,5.885174
8.0,8.29735
8.0,6.994398
12.0,6.7572517
4.0,5.951306
5.0,6.3106465
5.0,6.7236567
7.0,7.7528987
8.0,8.764999
8.0,7.8301306
5.0,4.8823676
5.0,4.9638615
8.0,7.6747613
8.0,9.829318
8.0,7.686197
12.0,7.3967495
5.0,7.182516
8.0,8.3769865
8.0,6.774804
5.0,5.9819202
15.0,6.6680183
45.0,9.633714
8.0,8.831551
5.0,6.123331
5.0,6.3724294
5.0,5.373141
8.0,9.552732
5.0,5.999292
8.0,12.732968
8.0,9.737385
8.0,7.0400047
8.0,7.9309335
8.0,7.893727
3.0,4.745639
8.0,10.005504
5.0,7.0598054
8.0,9.568531
8.0,6.1841803
5.0,5.160575
5.0,9.192109
8.0,7.2224283
8.0,6.3065376
8.0,6.8279757
2.0,4.5741277
8.0,6.504469
8.0,10.12417
12.0,9.77934
7.0,6.7171497
2.0,3.4642847
5.0,6.1631284
0.0,2.4747355
8.0,8.017811
8.0,7.5589333
8.0,7.264109
5.0,8.2975025
5.0,4.9395957
3.0,6.016157
3.0,5.0031776
5.0,6.707616
8.0,10.532952
8.0,9.7985325
2.0,5.0817647
8.0,8.3919935
5.0,6.2828403
5.0,5.48687
12.0,8.795843
12.0,5.7703648
8.0,7.455988
5.0,6.49318
8.0,6.5509186
12.0,6.422204
5.0,6.4421854
5.0,4.762893
3.0,4.673526
8.0,7.3525524
8.0,8.068413
5.0,5.6842914
8.0,7.8713255
8.0,9.209336
5.0,6.781205
5.0,6.5272756
8.0,8.520562
1.0,2.488695
7.0,7.1169505
5.0,7.9093614
5.0,6.561155
2.0,4.028873
5.0,5.568193
8.0,10.398466
8.0,8.922861
5.0,5.9346843
8.0,10.044866
5.0,7.6161876
8.0,6.126777
7.0,6.0735083
5.0,5.656153
3.0,5.2419267
8.0,7.090351
8.0,10.96766
6.0,8.093836
8.0,7.7844996
8.0,6.7990866
5.0,7.150603
8.0,11.519321
45.0,13.297843
8.0,12.313849
8.0,7.359696
8.0,7.2124653
3.0,3.8115458
7.0,6.69943
8.0,9.30186
5.0,7.537826
5.0,4.7169213
8.0,6.734345
8.0,7.363
12.0,6.3999634
8.0,10.945948
8.0,9.917856
8.0,10.192426
5.0,6.1959805
8.0,11.0398
8.2,12.696447
5.0,6.7147174
8.0,7.6315627
5.0,7.1642795
8.0,6.212456
8.0,7.983675
8.0,8.738663
8.0,6.7228875
5.0,5.7311535
8.0,7.0641584
5.0,6.260493
8.0,7.4771814
5.0,6.1827464
8.0,8.918765
8.0,10.406274
12.0,8.851843
5.0,6.3881803
5.0,6.529987
3.0,4.9159718
8.0,6.8936076
3.0,5.569982
5.0,5.879326
8.0,7.8113294
8.0,9.796368
5.0,6.011914
3.0,4.5054865
5.0,6.9902325
5.0,6.4314833
8.0,8.1546545
8.0,7.0705876
8.0,9.906393
5.0,5.7733774
5.0,6.522881
5.0,4.4875436
5.0,6.472906
8.0,9.491257
8.0,8.248082
8.0,7.1164694
8.0,9.109044
8.0,8.224447
3.0,5.102302
8.0,7.302449
8.0,8.846815
5.0,5.7859755
5.2,6.641104
8.0,9.673511
3.0,4.354698
5.0,6.778226
8.0,11.095051
5.0,6.5726733
8.0,8.3467045
5.0,6.4809732
8.0,10.3745985
5.0,6.0093217
12.0,6.0444684
6.0,6.839807
8.0,9.389593
8.0,6.886675
8.0,7.724019
5.0,6.0701976
8.0,7.8096433
3.0,6.0797315
5.0,8.454235
8.0,7.5401845
7.0,6.8951654
12.0,7.2512364
7.0,6.9689484
8.0,6.511647
8.0,7.6049895
8.0,7.539586
12.0,7.2329597
5.0,7.0346375
8.0,6.5769167
8.0,9.644256
4.0,5.860866
5.0,6.313594
5.2,7.754507
8.0,9.623319
8.0,9.5673685
5.0,6.738379
8.0,7.614705
8.0,7.3217316
8.0,10.659729
5.0,6.9153776
5.0,6.480122
5.0,7.2195783
8.0,10.0344515
7.0,6.79641
8.0,6.810608
5.0,6.5701127
3.0,4.2937202
12.0,5.3138776
12.0,5.5665436
2.0,3.8976138
5.0,5.322889
5.0,6.571134
7.0,8.057324
8.0,7.665203
8.0,7.107606
8.0,7.6291175
8.0,7.6187863
12.0,6.8131113
8.0,11.253626
5.0,7.449504
5.0,6.999497
5.0,6.537745
3.0,5.424634
5.0,7.3108773
8.0,9.391709
8.0,7.0840445
8.0,9.1311655
4.0,6.4346046
5.0,5.365538
8.0,7.8110003
12.0,6.718543
5.0,6.3287063
8.0,9.352007
8.0,6.903618
8.0,7.798442
3.0,4.5074034
8.0,11.3679695
8.0,12.076216
5.0,5.935214
8.0,8.098608
7.0,6.862737
8.0,9.623491
8.0,7.259585
5.0,6.8123555
8.0,6.9679346
6.0,6.920594
8.0,8.280783
3.0,5.3523717
3.0,4.875972
8.0,8.427573
8.0,8.061103
8.0,8.383412
8.0,7.7590046
2.0,4.206553
5.0,6.3989706
8.0,7.1260386
8.0,10.296154
5.0,6.639062
8.0,7.6191106
5.0,4.928457
5.0,6.4417562
3.0,5.5357738
8.0,6.855652
8.0,6.0816255
12.0,7.9468355
4.0,5.408287
2.0,2.9088266
5.0,6.957915
3.0,5.0587044
5.0,7.5945163
5.0,5.912001
8.0,6.9493527
5.0,5.6499968
5.0,7.0047946
8.0,7.0593247
8.0,8.290413
8.0,7.195281
7.0,6.777355
7.0,5.5457916
8.0,7.413463
8.0,7.569145
8.0,6.8546324
8.0,9.666292
5.0,6.215896
5.0,5.613015
5.0,5.575911
8.0,8.864609
5.0,5.6881146
2.0,5.109624
8.0,7.165892
5.0,5.040213
8.0,9.950798
5.0,6.928708
5.0,6.6556296
5.0,5.380114
1.2,4.6793795
7.0,8.497632
5.0,6.731303
5.0,6.0585985
8.0,8.433265
8.0,11.260208
5.0,6.7168326
5.0,6.642913
8.0,6.855825
8.0,7.9656463
5.0,6.967729
8.0,8.2512865
5.0,5.818634
45.0,13.146741
5.0,7.195727
8.0,7.8496423
3.0,4.5394425
5.0,6.2011127
5.0,5.8277917
6.0,6.1860456
5.0,5.733503
8.0,7.492938
5.0,6.075381
8.0,7.719261
8.0,7.8447504
8.0,9.712718
8.0,5.080143
5.0,7.1132474
7.0,7.135417
8.0,8.157059
8.0,12.610608
5.0,8.65157
8.0,8.321835
5.0,6.9009037
5.0,6.4558134
8.0,9.272101
12.0,10.57996
8.0,7.1352406
8.0,7.2431865
8.0,9.268946
8.0,9.371618
5.0,7.1693687
8.0,6.9951744
8.0,7.090092
8.0,9.697702
8.0,6.9035783
12.0,7.387797
5.0,5.3387218
8.0,7.0971603
5.0,6.0921106
8.0,6.40604
8.0,7.079321
8.0,6.9908667
5.0,7.031819
5.0,6.4864273
8.0,7.2915916
5.0,6.8227057
8.0,9.652083
8.0,7.8118677
5.0,7.005724
5.0,6.164385
4.0,5.8962255
8.0,7.143607
8.0,8.652648
8.0,8.705876
8.0,7.427673
5.0,5.569788
5.0,6.7211223
5.0,5.8180532
8.0,10.007625
8.0,7.8756
12.0,8.912826
5.0,6.8801403
5.0,6.080407
5.0,6.241712
3.0,5.282831
12.0,7.802236
8.0,7.2779737
8.0,9.305502
32.0,11.905579
2.0,4.0542502
8.0,8.116726
8.0,8.496771
8.0,7.1973667
8.0,8.275396
5.0,6.9249387
8.0,8.400372
5.0,8.333135
5.0,6.6838875
12.0,8.498406
45.0,12.734923
8.0,6.9402866
8.0,10.320589
5.0,5.896779
12.0,7.6005445
5.0,6.8163033
8.0,9.576812
8.0,9.787656
3.0,5.089311
8.0,8.298689
8.0,6.9307113
8.0,7.1740193
8.0,8.765775
8.0,8.653033
3.0,5.327799
8.0,7.86392
12.0,6.178419
5.0,6.693043
8.0,9.978735
5.0,8.534315
8.0,7.4204893
5.0,6.999445
8.0,6.8626595
3.0,5.2788568
6.0,7.2491055
5.0,6.4118876
8.0,9.036186
8.0,7.5737553
5.0,5.7642446
5.0,6.117969
8.0,7.936698
5.0,6.8859267
8.0,9.424265
8.0,6.911645
8.0,8.074132
5.0,5.3042984
8.0,8.119109
2.0,4.400715
5.0,6.561984
6.0,8.048483
8.0,8.128471
5.0,7.8490205
8.0,7.128349
5.0,7.165325
5.0,6.5174503
8.0,7.409364
8.0,9.240148
5.0,6.174098
2.0,4.1881742
5.0,6.705826
5.0,6.3071313
8.0,7.2302437
12.0,7.6587515
5.0,6.6985354
8.0,7.5445433
3.0,5.2359896
5.0,6.87526
5.0,6.6976423
8.0,10.07661
8.0,10.010627
8.0,9.691191
8.0,8.290283
3.0,4.776572
8.0,8.852984
8.0,9.240942
5.0,4.3715954
8.0,10.501512
7.0,7.3070946
3.0,5.012896
8.0,7.486332
5.0,6.975976
8.0,7.0583596
8.0,10.887625
7.0,6.2557807
8.0,7.092331
5.0,6.1615524
2.0,3.6516201
8.0,7.7795515
8.0,9.790432
3.0,6.0082207
8.0,9.984348
8.0,7.4571953
8.0,13.01597
8.0,8.610699
3.0,4.672964
7.0,6.738533
8.0,6.49219
8.0,8.363562
7.0,8.373169
5.0,7.190152
8.0,7.8668694
12.0,6.7733393
8.0,10.281356
8.0,8.2737665
5.0,6.1334767
8.0,8.808168
7.0,8.806375
5.0,6.2115784
12.0,6.2128024
5.0,7.744343
8.0,7.735738
5.0,5.448869
8.0,9.122052
8.0,6.840551
8.0,9.547146
8.0,9.350119
5.0,6.0862184
8.0,7.8183765
2.0,4.496433
5.0,6.100129
45.0,10.630292
5.0,5.358329
2.0,3.4905596
8.0,7.3322124
4.0,4.8800116
7.0,8.201692
12.0,8.624979
8.0,7.0156207
3.0,4.7679462
8.0,11.638353
8.0,6.7805276
5.0,6.9746275
3.0,4.3441215
2.0,5.481085
5.0,6.077416
8.0,8.735098
4.0,5.466605
12.0,6.6858983
5.0,6.5297284
12.0,6.532609
8.0,9.24643
3.0,4.765295
8.0,9.087955
8.0,7.988282
5.0,5.7165604
5.0,5.5554876
8.0,10.10295
8.0,7.8478465
5.0,6.5480924
8.7,8.728329
8.0,7.125021
8.0,8.450219
8.0,7.41438
8.0,10.816636
5.0,5.5951514
5.0,6.0628347
5.0,6.336934
8.0,8.10096
5.0,5.930085
8.0,8.597822
5.0,5.5115113
8.0,6.6347947
8.0,7.5836234
5.0,6.9847274
8.0,8.140496
5.0,6.377848
5.0,6.1007557
8.0,7.177374
5.0,6.2662563
8.0,8.701412
8.0,6.9903946
5.0,6.3429494
5.0,6.0540705
5.0,6.0379004
8.0,7.312101
8.0,7.0458717
8.0,7.982152
7.0,6.474254
8.0,7.8911877
5.0,6.1619396
8.0,8.668958
2.0,4.878419
5.0,5.370708
5.0,6.4023967
8.0,12.098451
5.0,6.0996566
8.0,9.035765
6.0,6.5599513
3.0,5.744379
5.0,7.5072303
8.0,7.9186454
5.0,6.468127
8.0,6.8809614
5.0,6.752318
5.0,5.701937
8.0,7.5709205
8.0,10.30365
5.0,6.8058987
5.0,6.155088
7.0,7.269825
7.0,7.424176
8.0,8.546734
8.0,9.657616
8.0,11.176331
8.0,7.662569
5.0,5.770931
12.0,6.1207666
5.0,5.991943
8.0,8.51446
8.0,6.994257
3.0,5.166326
8.0,9.022282
7.0,6.852943
8.0,9.3561
5.0,7.22346
8.0,7.3515844
5.2,5.9062705
8.0,9.234276
5.0,6.3189464
2.0,5.3786235
8.0,8.975688
5.0,6.38177
8.0,8.3005495
8.0,10.054419
4.0,5.468704
8.0,6.73208
3.0,4.94863
8.0,9.31941
8.0,6.9068484
5.0,5.5578046
5.0,5.3567443
8.0,8.624059
5.0,7.271243
8.0,7.094006
8.0,8.302345
8.0,7.3417063
5.0,5.8404126
3.0,4.463398
8.0,8.02103
8.0,7.2924657
8.0,11.063366
3.0,5.572286
8.0,8.954994
8.0,5.971319
12.0,8.820104
5.0,5.4153757
8.0,8.884138
8.0,10.607747
8.0,7.4842906
3.0,4.913257
8.0,7.3238063
5.0,6.6276917
3.0,5.4816613
4.0,6.141111
8.0,6.456444
8.0,7.9991083
5.0,5.1368737
8.0,9.483696
3.0,4.8009753
8.0,8.917703
5.0,6.213202
8.0,6.874946
5.0,6.1861773
5.0,5.874177
5.0,5.9436874
5.0,6.099055
8.0,6.8020196
8.0,7.752228
5.0,5.400894
5.0,6.341487
5.0,6.0056515
8.0,9.3536825
5.0,6.1028004
8.0,8.746685
8.0,9.861405
8.0,11.319878
3.0,5.1966934
5.0,5.6292
5.0,7.015717
5.0,5.1660576
8.0,7.8245587
5.0,6.130172
8.0,12.078704
8.2,8.858022
8.0,9.327696
4.0,5.9043794
8.0,6.5989895
5.0,6.5417337
5.0,6.40949
5.0,6.2493463
32.0,13.878316
5.0,7.711096
8.0,10.785164
8.0,10.768217
2.0,4.7784076
8.0,6.8609447
8.0,9.271352
8.0,6.765792
8.0,6.0191894
8.0,8.107622
5.0,6.6666474
5.0,5.3436894
12.0,6.649627
5.0,6.2372904
8.0,8.701243
5.2,7.0790453
5.0,6.6579995
8.0,9.358477
45.0,10.490518
8.0,7.581223
8.0,9.934844
8.0,8.029678
45.0,11.316082
5.0,6.147783
8.0,7.6417966
5.0,5.750105
5.0,6.0509324
12.0,5.2738743
8.0,7.529516
8.0,7.9018316
8.0,11.597952
8.0,9.632172
8.0,8.1699095
8.0,8.601098
5.0,6.4979286
8.0,10.641123
8.0,7.2688727
8.0,11.110202
5.0,8.216701
4.0,5.1253805
45.0,12.367676
8.0,7.6368465
8.0,7.4636927
8.0,10.691979
8.0,9.591409
8.0,7.7351694
8.0,8.025022
8.0,8.591115
8.0,9.138132
8.0,8.1085205
8.0,6.810491
8.0,11.397229
8.0,8.510155
5.2,6.537649
5.0,3.9930167
8.0,6.6014977
3.0,4.281467
5.0,5.6008606
8.0,10.845832
5.0,5.137531
4.0,6.0996757
5.0,6.07011
8.0,8.157323
8.0,7.1715555
8.0,7.3554206
8.0,6.9987535
8.0,8.732265
8.0,5.88445
7.0,6.7369537
8.0,10.2036915
3.0,5.152938
3.0,4.857139
5.0,6.0637527
5.0,6.0507474
5.0,7.0766177
8.0,9.44877
8.0,6.4058847
12.0,7.271395
8.0,5.9111137
12.0,6.916428
6.0,7.0243363
5.0,6.297977
7.0,6.316655
5.0,4.931289
8.0,7.436024
2.0,4.174985
8.0,7.8420606
2.0,3.7287316
5.0,6.1292624
5.0,5.6105003
12.0,9.163418
8.0,8.779566
2.0,5.413998
8.0,9.239763
8.0,9.523475
5.0,7.226103
2.0,4.638005
3.0,4.9125686
5.0,6.206836
5.0,5.7526293
8.0,11.526788
5.0,7.2715235
8.0,7.9012055
8.0,8.647926
5.0,5.827423
8.0,8.745236
8.0,8.363725
5.0,6.790473
8.0,8.085395
8.0,9.469234
12.0,8.204255
8.0,7.705747
8.0,8.262776
12.0,8.739434
8.0,10.92381
5.0,5.7967176
5.0,6.269021
2.0,2.3319154
8.0,7.2578745
3.0,4.9056773
8.0,7.936792
12.0,7.2821913
8.0,7.796883
5.0,6.3752213
3.0,3.7609239
8.0,8.027608
5.0,5.817332
8.0,7.9309907
5.0,6.7605777
8.0,3.7275677
5.0,6.144144
2.0,3.3342214
5.0,6.2622013
5.0,6.4889154
8.0,6.7025375
5.0,5.8729267
3.0,5.1107616
8.0,6.352825
5.0,6.792033
2.0,4.0685134
2.0,6.568869
12.0,6.1010284
3.0,4.941813
5.0,6.232996
5.0,5.8991313
5.0,5.1270585
8.0,9.44939
8.0,6.9390173
8.0,8.998705
8.0,9.008887
5.0,5.817111
7.0,9.421416
5.0,4.984655
5.0,6.8033667
7.0,10.704111
1.0,3.3451161
8.0,7.7706637
5.0,5.4566593
45.0,10.252665
8.0,13.270361
5.0,6.7157936
8.0,7.1645265
12.0,7.314406
12.0,6.616173
5.0,6.7998033
8.0,9.169186
8.0,10.745536
3.0,4.2466683
5.0,5.4864254
8.0,8.138757
8.0,8.636555
8.0,10.078845
8.0,10.006908
8.0,9.356822
7.0,7.0118513
12.0,7.478389
5.0,6.8583627
8.0,9.01854
12.0,6.82785
8.0,10.186152
5.0,6.0635304
5.0,6.503155
8.0,8.580941
7.0,7.2350426
8.0,9.104162
5.0,5.96234
8.0,7.954672
8.0,6.368635
8.0,7.615071
8.0,8.6639185
8.0,7.1663904
6.0,6.378664
5.0,7.0129504
8.0,8.721467
8.0,8.542944
8.0,8.304811
8.0,7.498491
8.0,8.75231
8.0,10.342054
8.0,11.509366
5.2,6.308818
5.0,6.2077084
8.0,9.470531
8.0,10.440259
8.0,8.709412
5.0,6.190884
8.0,10.840442
5.0,7.0484157
8.0,10.738111
8.0,9.016214
8.0,7.6690526
8.0,8.225957
8.0,7.5914683
2.0,3.106421
5.0,6.7907915
8.0,7.6052237
5.0,6.0611715
8.0,7.1335974
5.0,6.040901
8.0,7.3913507
8.0,12.528739
6.0,6.891574
3.0,5.395323
8.0,7.146685
5.0,6.0976176
8.0,8.207084
8.0,8.738374
8.0,10.97655
5.0,5.4963512
8.0,9.240817
12.0,6.8956604
5.0,6.5936584
8.0,8.149574
8.0,10.118173
5.0,7.0615377
5.0,6.48293
5.0,6.203575
5.0,5.878657
7.0,7.8068986
5.0,5.5066714
5.0,5.5376177
5.0,6.6689873
8.0,10.250389
12.0,6.720924
8.0,7.485555
8.0,12.3557205
8.0,9.2820425
8.0,10.764663
5.0,5.03168
45.0,10.477897
12.0,10.536222
8.0,7.1782174
8.0,8.693411
8.0,7.079426
8.0,8.568151
5.0,7.3938417
5.0,5.9121118
8.0,6.9182315
5.0,5.5259166
5.0,6.3683214
8.0,10.410903
5.0,6.610647
5.0,7.2550025
8.0,7.5986595
12.0,5.9894295
8.0,11.157314
8.0,8.791964
8.0,7.9460206
12.0,9.268977
8.0,9.522044
8.0,7.970766
6.0,6.975586
8.0,7.4002504
8.0,9.676959
5.0,7.3716083
8.0,7.08187
8.0,9.772272
8.0,8.300756
1.0,2.337885
5.0,6.4226093
6.0,6.3221993
8.0,6.3231483
5.0,6.5795717
5.0,4.984068
8.0,7.8201323
8.0,8.325308
5.0,7.921417
3.0,4.7663608
8.0,7.869709
5.0,6.8139973
8.0,8.483438
5.0,5.9572673
5.0,4.9407525
8.0,7.6240106
5.0,6.025165
5.0,6.6683545
8.0,8.413376
8.0,10.493678
8.0,7.701541
8.0,7.2083282
3.0,5.076821
8.0,8.22492
8.0,8.715754
8.0,7.728895
8.0,6.389788
8.0,7.4998107
5.2,7.3771224
5.0,6.4391904
8.0,8.410141
8.0,8.107086
8.0,11.449035
8.0,9.495265
3.0,5.53363
5.0,7.065273
8.0,7.9250264
3.0,4.112365
5.0,6.675033
8.0,6.2960596
8.0,11.234166
2.0,3.9567924
8.0,7.511716
8.0,6.7175813
8.0,7.5535955
5.0,6.4392614
8.0,8.284691
5.0,7.7966194
5.0,6.637741
8.0,9.21946
5.0,7.0193105
8.0,9.814242
5.0,6.1611605
5.0,6.4114475
5.0,8.343874
5.0,4.403139
7.0,8.473884
8.0,7.6473975
5.0,5.1308427
8.0,10.489384
3.0,4.787283
7.0,7.0457525
8.0,8.843348
5.0,6.1424804
8.0,8.813292
8.0,9.905713
5.0,5.747942
8.0,7.191601
5.0,5.975632
5.0,5.913878
8.0,7.6901298
8.0,6.7151814
8.0,6.4368014
12.0,7.898295
5.0,6.2843237
5.0,5.8261657
5.0,5.717265
8.0,10.875663
8.0,11.106947
8.0,10.224826
5.0,6.2579155
8.0,9.987269
4.0,5.0470347
8.0,11.203484
8.0,10.186358
5.0,5.8534665
8.0,9.375243
5.0,10.261389
8.0,7.6653714
8.0,9.483759
3.0,4.861887
8.0,7.3133087
5.0,6.5741177
3.0,4.954393
5.0,6.750544
3.0,5.511295
5.0,6.296281
5.0,5.7331104
7.0,6.352057
8.0,9.825534
8.0,7.849305
8.0,10.014676
8.0,10.060405
5.0,6.867338
8.0,8.030156
8.0,7.6368437
8.0,7.2740207
4.0,4.833693
5.0,4.886497
5.0,6.4314036
4.0,6.7444253
8.0,7.972887
8.0,7.6312857
5.0,6.0559363
8.0,7.44232
12.0,6.318221
5.0,6.441347
8.0,7.363932
8.0,7.595612
5.0,6.1869326
8.0,6.9948826
5.0,6.599361
5.0,6.1222734
5.0,5.823161
8.0,7.8720226
8.0,8.604333
8.0,9.643395
8.0,8.380847
8.0,7.4388223
8.0,6.5700097
2.0,5.183026
7.0,7.649694
8.0,6.954638
5.0,4.950228
5.0,7.968891
4.0,6.708894
3.0,4.797414
8.0,8.546955
8.0,6.7653728
8.0,8.341415
8.0,7.3520975
45.0,9.367758
8.0,8.247732
8.0,8.421438
35.0,10.201895
8.0,7.950731
8.0,7.380494
8.0,8.826998
5.0,6.6457057
5.0,6.334306
8.0,8.913527
8.0,7.755088
8.0,9.109375
4.0,5.740052
8.0,10.395669
8.0,8.03684
45.0,10.459447
8.0,6.9869485
8.0,8.786506
8.0,6.9534235
2.0,4.361926
8.0,9.248784
5.0,8.06919
5.0,5.730577
8.0,9.291417
8.0,10.846247
8.0,7.265204
2.0,4.8240066
8.0,11.087788
12.0,7.391826
4.0,5.453979
6.0,7.124068
8.0,7.2522545
5.0,8.75418
5.0,5.4872026
8.0,6.996017
5.0,6.145106
5.0,5.7269015
8.0,9.650403
5.0,6.474612
12.0,7.707021
5.0,6.1188927
5.0,6.4060893
8.0,8.087122
8.0,8.403437
5.0,5.9897017
3.0,4.8245144
6.0,6.983962
5.0,6.7488346
5.0,5.897281
5.0,5.173563
3.0,5.0155544
8.0,6.8279586
8.0,6.9616246
5.0,5.708896
5.0,6.6578064
8.0,6.7353096
5.0,5.580694
2.0,5.247681
5.0,7.3836145
8.0,7.155791
8.0,7.607434
5.0,7.0001626
8.0,6.915243
5.0,4.946023
8.0,13.090637
5.0,6.6491375
5.0,5.7491956
8.0,8.470157
8.0,7.8175845
8.0,8.813861
3.0,5.2639656
5.0,5.5841146
5.0,5.7778964
8.0,8.933929
12.0,7.198597
5.0,6.0629473
8.0,8.949301
8.0,9.33373
8.0,7.756975
8.0,8.736925
8.0,9.859569
5.0,5.6843014
8.0,9.578216
5.0,6.8483925
5.0,5.8399057
3.0,4.4451065
12.0,8.789219
5.0,5.8248067
5.0,6.3570085
5.0,5.767689
8.0,10.061485
5.0,5.813386
5.0,6.1693015
5.0,5.918841
8.0,7.912492
5.0,5.206183
8.0,7.15045
7.0,7.1335263
8.0,6.743871
3.0,5.1549444
8.0,7.669233
3.0,5.2029576
8.0,7.6650987
5.0,6.485036
8.0,8.09133
8.0,7.7309685
12.0,6.078998
8.0,9.150116
5.0,6.617262
8.0,8.237312
8.0,10.621288
8.0,9.683912
8.0,7.348252
5.0,6.1382785
8.0,7.5803537
5.0,6.1915536
8.0,7.820634
5.0,6.497562
8.0,8.312852
8.0,8.3868885
7.0,8.572382
8.0,9.578304
4.0,5.743967
8.0,7.704425
4.0,5.689011
8.0,10.967504
8.0,10.548755
5.0,6.4440675
8.0,9.108868
5.0,6.617395
5.0,5.2841616
8.0,9.793655
8.0,8.2888
2.0,4.396069
8.0,8.62011
12.0,6.902266
12.0,5.4735446
2.0,5.3436346
8.0,9.26353
5.0,6.13602
4.0,6.0371666
8.0,7.3108764
8.0,8.373079
12.0,8.518578
8.0,9.988092
8.0,7.561653
8.0,8.336844
5.0,6.010262
8.0,7.671944
3.0,7.3042607
8.0,7.2169967
3.0,5.3581004
8.0,7.748551
8.0,7.6297855
5.0,6.698297
8.0,6.4875207
5.0,6.402154
8.0,8.401456
5.0,6.119954
3.0,5.113284
8.0,6.4275723
8.0,6.1073155
1.0,4.966627
8.0,7.9464917
12.0,6.0118265
5.0,5.5545177
8.0,9.996771
5.0,5.6963787
8.0,11.372026
3.0,5.106721
8.0,6.047155
5.0,5.272474
1.0,3.2743957
8.0,7.6529517
8.0,9.6173525
5.0,5.93758
8.0,6.6350513
8.0,9.224699
45.0,11.532777
8.0,11.098018
5.0,6.1207204
5.0,5.9927645
5.0,5.946259
8.0,6.689868
5.0,6.712645
3.0,4.6797724
5.0,6.6659813
5.0,5.623531
5.0,8.224543
6.0,6.3906975
8.0,7.6300697
8.0,7.9121366
5.0,7.4434996
8.0,8.004246
5.0,5.573348
7.0,7.03966
4.0,5.056682
5.0,4.782179
5.0,5.881304
5.2,8.283253
3.0,5.5278826
5.0,6.6564226
8.0,7.4462705
12.0,7.0974836
5.0,6.9807324
8.0,8.145508
8.0,6.2706633
8.0,9.470662
8.0,8.849712
8.0,10.338507
2.0,4.539711
8.0,8.611187
7.0,6.5535626
8.0,8.077436
5.0,6.5983553
8.0,10.476942
